-- phpMyAdmin SQL Dump
-- version 3.5.8.2
-- http://www.phpmyadmin.net
--
-- Host: localhost
-- Generation Time: Sep 16, 2014 at 04:03 PM
-- Server version: 5.1.73
-- PHP Version: 5.3.3

SET SQL_MODE="NO_AUTO_VALUE_ON_ZERO";
SET time_zone = "+00:00";


/*!40101 SET @OLD_CHARACTER_SET_CLIENT=@@CHARACTER_SET_CLIENT */;
/*!40101 SET @OLD_CHARACTER_SET_RESULTS=@@CHARACTER_SET_RESULTS */;
/*!40101 SET @OLD_COLLATION_CONNECTION=@@COLLATION_CONNECTION */;
/*!40101 SET NAMES utf8 */;

--
-- Database: `kickads_appserver`
--

--
-- Dumping data for table `networks`
--

INSERT INTO `networks` (`id`, `prefix`, `name`, `currency`, `url`, `has_api`, `query_string`, `token1`, `token2`, `token3`) VALUES
(1, 'AP', 'Airpush', 'USD', 'http://openapi.airpush.com/getAdvertiserReports', 1, '', 'n6r4jf4nwtb8es5gw3xx3mkn', '', NULL),
(2, 'RP', 'Reporo', 'USD', 'http://www.reporo.com/analytics/data-api.php', 1, '', 'KKDDFJa06c0QNJGRqL3iI7LiKccfTh', 'dAlweJmmF1vnw88TNyfp5TL74E6XVfBwnUxfI8DvjgMCJWfj19m1XEO0U2WD', NULL),
(3, 'AJ', 'Ajillion', 'USD', 'http://admin.vanega.com/api/', 1, '', 'api_kickads', 'mil99ocho', NULL),
(4, 'GO', 'Adwords', 'ARS', '', 1, '', '', '', NULL),
(5, 'KM', 'Kimia', 'USD', '', 0, '', '', '', NULL),
(6, 'LB', 'LeadBolt', 'USD', 'https://www.leadbolt.net/api/advertiser_report', 1, '', '90025293', '4a633bb5b8576e32', NULL),
(7, 'BV', 'Buzzcity VAS', 'USD', 'http://report.buzzcity.net/spendingreports.php', 1, '', '120452', '720355efb3919167dcf2c9376cfa0232', NULL),
(8, 'BX', 'Buzzcity ADT', 'USD', 'http://report.buzzcity.net/spendingreports.php', 1, '', '91642', 'bf3ec05e74b6779549e6a57c3d8fe86a', NULL),
(9, 'BI', 'Buzzcity IP', 'USD', 'http://report.buzzcity.net/spendingreports.php', 1, '', '92379', '44ea35698cf09c91fbcb55ea09cbdf19', NULL),
(10, 'BB', 'Buzzcity BRAND', 'USD', 'http://report.buzzcity.net/spendingreports.php', 1, '', '98985', '7064ce4567e9eb267593eb40c54d25e9', NULL),
(11, 'VS', 'VServ', 'USD', 'http://admin.vserv.mobi/pricing/clientExport.php', 1, '', 'vng', 'kickADS2014*', NULL),
(12, 'IN', 'Inmobi', 'USD', '', 0, '', NULL, NULL, NULL),
(13, 'TJ', 'TrafficJunky', 'USD', '', 0, '', NULL, NULL, NULL),
(14, 'JP', 'Jampp', 'USD', '', 0, '', NULL, NULL, NULL),
(15, 'EX', 'ExoClick', 'USD', '', 0, '', NULL, NULL, NULL),
(16, 'SA', 'StarAdvertising', 'USD', '', 0, '', NULL, NULL, NULL),
(17, 'SU', 'SupersonicAds', 'USD', '', 0, '', NULL, NULL, NULL),
(18, 'AB', 'AdBucks', 'USD', '', 0, '', NULL, NULL, NULL),
(19, 'MM', 'MillennialMedia', 'USD', '', 0, '', NULL, NULL, NULL),
(20, 'BA', 'BingAds', 'USD', '', 0, '', NULL, NULL, NULL),
(21, 'OP', 'HuntOperaMedia', 'USD', '', 0, '', NULL, NULL, NULL),
(22, 'MF', 'MobFox', 'USD', '', 0, '', NULL, NULL, NULL),
(23, 'LM', 'Lemmonet', 'USD', '', 0, '', NULL, NULL, NULL),
(24, 'ST', 'StartApp', 'USD', '', 0, '', NULL, NULL, NULL),
(25, 'AM', 'AdultModa', 'GBP', '', 0, '', NULL, NULL, NULL),
(26, 'ER', 'EroAdvertising', 'EUR', '', 0, '', NULL, NULL, NULL),
(27, 'ET', 'Etermax', 'USD', '', 0, '', NULL, NULL, NULL);


--
-- Dumping data for table `users`
--

INSERT INTO `users` (`id`, `username`, `password`, `email`, `name`, `lastname`, `status`) VALUES
(1, 'hipercubus', '25aa0371a79f28acc97fd67e941e2295afe62e30', 'christian.motta@kickads.mobi', 'Christian', 'Motta', ''),
(2, 'pedroforwe', '55a1b02046146d34402fe09cb93b568de962bcde', 'pedro.forwe@kickads.mobi', 'Pedro', 'Forwe', 'Active'),
(3, 'emiliomallia', '64ebb85741faaac9aea4f7de827b7290fa21d4d2', 'emilio.maila@kickads.mobi', 'Emilio', 'Mallia', 'Active'),
(4, 'exequielarriola', '11f5ee0507c272be14a76e039ee3d48e779ab88d', 'exequiel@vanega.com', 'Exequiel', 'Arriola', 'Active'),
(5, 'fernandoragel', '258c724cba05fdb365a0209d11a1866fe2aed7d7', 'fernando@vanega.com', 'Fernando', 'Ragel', ''),
(6, 'matiascerrotta', 'd5c781d3c9ee8f957978e10293e38e49820bb5e1', 'matias.cerrotta@kickads.mobi', 'Matias', 'Cerrotta', 'Active'),
(7, 'michelleschreiber', '906e9b22e2401bfe058ab6d340ab6dceb78ac7a3', 'michelle.schreiber@kickads.mobi', 'Michelle', 'Schreiber', 'Active'),
(8, 'julianquinones', '442f4ba5bd9fba5ecf53b5d9cefec2336a2c6dd6', 'julian.quinones@kickads.mobi', 'Julian', 'Quinones', 'Active'),
(9, 'victorrodriguez', '974808e79761335723748d15ac8253f8dcac1c4f', 'victor.rodriguez@kickads.mobi', 'Victor', 'Rodriguez Otero', 'Active'),
(10, 'maiakirchuk', '03837d25a872a881ae1afea5390a796baae0568c', 'maia.kirchuk@kickads.mobi', 'Maia', 'Kirchuk', 'Active'),
(11, 'andreasaied', 'd0d1e74e6cd427f94226726f272b6e2a5844049a', 'andrea.saied@kickads.mobi', 'Andrea', 'Saied', 'Active'),
(12, 'paulaavolio', 'c5100194b51fde1cf6af196858a32e5b67f3e6fb', 'paula.avolio@kickads.mobi', 'Paula', 'Avolio', 'Active'),
(13, 'fernandoacinapura', '6060bc57e20e2f8111401aeb3555c35e384f778e', 'fernando.acinapura@kickads.mobi', 'Fernando', 'Acinapura', 'Active'),
(14, 'fernandosilvetti', 'e1ffc21bf282d299f13c6a67e7f86ae7d833c680', 'fernando.silvetti@kickads.mobi', 'Fernando', 'Silvetti', 'Active'),
(15, 'mauropuente', 'dd3105f5a40070eaff30001b545b224bce14eaba', 'mau123', 'Mauro', 'Puente', 'Active'),
(16, 'santiagoguasch', '88a28c2452d5e6b7294a5d9be5b63e42b4e01a05', 'santiago.guasch@kickads.mobi', 'Santiago', 'Guasch', 'Active'),
(17, 'gabrielalarcon', '8a8079e5209c1a0b7b8998f5b72d0c7e86eefe89', 'gabriel.alarcon@kickads.mobi', 'Gabriel', 'Alarcon', 'Active');


--
-- Dumping data for table `advertisers`
--

INSERT INTO `advertisers` (`id`, `prefix`, `name`, `cat`, `commercial_id`) VALUES
(1, 'ADSMON', 'Adsmonster', 'VAS', 4),
(2, 'AIRMOV', 'Airmovil', 'VAS', 4),
(3, 'ASPGLO', 'Aspire Global', 'VAS', 4),
(4, 'BARMED', 'Barons Media', 'Affiliates', 4),
(5, 'BELEAD', 'Beleader', 'VAS', 4),
(6, 'BLINKE', 'Blinker', 'Branding', 4),
(7, 'BUCKSE', 'Bucksense', 'VAS', 4),
(8, 'BUONGI', 'Buongiorno', 'VAS', 4),
(9, 'CHOCOL', 'Chocolate', 'VAS', 4),
(10, 'CONCEP', 'Concepto Movil', 'VAS', 4),
(11, 'DIGIT6', 'Digital 6', 'Affiliates', 4),
(12, 'ENGAGE', 'Engage', 'Affiliates', 4),
(13, 'FROGGI', 'Froggie', 'VAS', 4),
(14, 'GLISPA', 'Glispa', 'Affiliates', 4),
(15, 'INOVAC', 'Inovacel', 'VAS', 4),
(16, 'JET', 'Jet', 'VAS', 4),
(17, 'JOKER', 'Joker', 'VAS', 4),
(18, 'MAD4MO', 'Mad4mobile', 'VAS', 4),
(19, 'MCRM', 'Mcr-M', 'VAS', 4),
(20, 'MOBIFU', 'Mobile Fuse', 'VAS', 4),
(21, 'MOBSTR', 'Mobile Streams', 'VAS', 4),
(22, 'MOVILE', 'Movile', 'VAS', 4),
(23, 'NEOMOB', 'Neomobile', 'VAS', 4),
(24, 'OLX', 'Olx', 'App Owners', 4),
(25, 'PEDIYA', 'Pedidos ya', 'App Owners', 4),
(26, 'PLAYPH', 'Playphone', 'VAS', 4),
(27, 'PLAYTO', 'Playtown', 'VAS', 4),
(28, 'PLUSMO', 'Plus Mobile', 'VAS', 4),
(29, 'PLYMED', 'Ply Media', 'Affiliates', 4),
(30, 'PMOVIL', 'Pmovil', 'VAS', 4),
(31, 'RENXO', 'Renxo', 'VAS', 4),
(32, 'RESTOR', 'Restorando', 'App Owners', 4),
(33, 'SONY', 'Sony Pictures', 'Branding', 4),
(34, 'SPyKEM', 'Spyke Media', 'Affiliates', 4),
(35, 'TAPLIN', 'Taplink', 'VAS', 4),
(36, 'TEKKA', 'Tekka', 'VAS', 4),
(37, 'TELINF', 'Telinfor', 'VAS', 4),
(38, 'TERRA', 'Terra', 'VAS', 4),
(39, 'TIMWE', 'Timwe', 'VAS', 4),
(40, 'WAYMED', 'Way Media', 'VAS', 4),
(41, 'BckM', 'BlackMesa Inc', 'Branding', 12),
(42, 'Dsnr', 'Dsnr', 'VAS', 12),
(43, 'M360', 'Mobile 360', 'Affiliates', 3),
(44, 'AMOB', 'Admobsphere', 'Affiliates', 3),
(45, 'BATA', 'Batanga', 'Affiliates', 3),
(46, 'Initia', 'Initial Click', 'Branding', 12),
(47, 'conv', 'Convertonet', 'Branding', 12);


--
-- Dumping data for table `devices`
--

INSERT INTO `devices` (`id`, `prefix`, `name`) VALUES
(1, 'A', 'Android'),
(2, 'I', 'iOS'),
(3, 'M', 'Multiple'),
(4, 'F', 'Feature Phones'),
(5, 'S', 'Smart Phones'),
(6, 'W', 'Windows');


--
-- Dumping data for table `formats`
--

INSERT INTO `formats` (`id`, `prefix`, `name`) VALUES
(1, 'DISP', 'Display'),
(2, 'SWAP', 'Search Wap'),
(3, 'STXT', 'Search Text'),
(4, 'VIDE', 'Video'),
(5, 'RICH', 'Rich Media'),
(6, 'POPU', 'Pop Under'),
(7, 'PUSH', 'Push Notifications'),
(8, 'TEXT', 'Text Ads.'),
(9, 'NONE', 'None'),
(10, 'REDI', 'Redirect'),
(11, 'INTE', 'Interstitial');

--
-- Dumping data for table `ios`
--

INSERT INTO `ios` (`id`, `name`, `commercial_name`, `status`, `address`, `country_id`, `state`, `zip_code`, `phone`, `contact_com`, `email_com`, `contact_adm`, `email_adm`, `currency`, `ret`, `tax_id`, `commercial_id`, `entity`, `net_payment`, `advertisers_id`, `pdf_name`) VALUES
(1, 'Adsmonster', 'Adsmonster Ltd', 0, '16/5 West Pilton Rise', 2826, 'Edinburgh', '', '', 'Isla', 'isla@tweemedia.com', '', '', 'USD', '', '', 4, 'LLC', '30', 1, ''),
(2, 'Airmovil', 'Airmovil Sa De Cv', 0, 'San Francisco 761, Col Del Valle- Delegacion Benito Juarez', 2484, 'Df', '', '', 'Antonio Randolph', 'antonio.randolph@airmovil.com', 'Luis Piek', 'luis.piek@airmovil.com', 'USD', '', 'RFC: AIR030516ID1', 4, 'LLC', '30', 2, ''),
(3, 'Aspire Global', 'Neopoint Technologies Ltd', 0, '50 Town Range Road', 2826, 'Gibraltar', '', '', 'Dana F', 'danaf@aspireglobal.com', 'Dana F', 'danaf@aspireglobal.com', 'USD', '', 'Registration number: 9011', 4, 'LLC', '30', 3, ''),
(4, 'Barons Media', 'Barons Media', 0, 'Address 4111 W. Alameda Ave Suite 501', 2840, 'Burbank', '', '', 'Ivan', 'ivan@baronsmedia.com', 'Ivan', 'ivan@baronsmedia.com', 'USD', '', '', 4, 'LLC', '30', 4, ''),
(5, 'Beleader', 'Beleader Internet Marketing Sl', 0, 'Avenida Victoria 25 2da Planta Of 14', 2724, 'Madrid', '', '', 'Patricia', 'patricia@beleader.com', 'Patricia', 'patricia@beleader.com', 'USD', '', 'CIF B85218154', 4, 'LLC', '30', 5, ''),
(6, 'Blinker', 'Blinker Media Consulting S.A', 0, 'Gral Lemos 260 Piso 7 Dto 31', 2032, 'Buenos Aires', '', '', 'M Alvarez', 'malvarez@blinkerad.com', 'Blinker', 'blinker.ordendecompra@gmail.com', 'ARS', '', 'CUIT: 30-71012887-8', 4, 'SRL', '30', 6, ''),
(7, 'Bucksense', 'Bucksense_Me!', 0, '', 2840, 'Nevada', '', '', 'Luigi Diodato', 'luigi.diodato@bucksense.com', 'Billing', 'billing@bucksense.com!', 'USD', '', 'ID:!4538681537', 4, 'LLC', '30', 7, ''),
(8, 'Buongiorno Ar', 'Axis Mundi Sa', 0, 'Humboldt 2495, Piso 6 B', 2032, 'Buenos Aires', '', '', 'Carolina Falcone', 'carolina.falcone@buongiorno.com', 'Mariapaz Oldani', 'mariapaz.oldani@buongiorno.com', 'ARS', '', '30-70836473-4', 4, 'SRL', '30', 8, ''),
(9, 'Chocolate', 'Chocolate Movil Spa', 0, 'Av. Cristobal Colon 6120, Las Condes', 2152, 'Santiago', '', '', 'Anders', 'anders@chocolatemobile.co.uk', 'Consuelo', 'consuelo@chocolatemobile.co.uk', 'USD', '', '76.261.879-6', 4, 'LLC', '30', 9, ''),
(10, 'Concepto Movil', 'Concepto Movil Sa De Cv', 0, 'Shakespeare 39 301, Col. Anzures', 2484, 'Df', '', '', 'Compras', 'compras@conceptomovil.com', 'Emmanuel Dominguez', 'emmanuel.dominguez@conceptomovil.com', 'USD', '', 'RFC: CMO-080718-M21', 4, 'LLC', '30', 10, ''),
(11, 'Froggie', 'Froggie Sl', 0, 'C/Arquitectura Nro 2 , Torre 11, Planta 7', 2724, 'Sevilla', '', '', 'Belinda Munoz', 'belindamunoz@froggie-mm.com', 'Maribel Godoy', 'maribelgodoy@froggie-mm.com', 'USD', '', 'CIF:91109454', 4, 'LLC', '30', 13, ''),
(12, 'Glispa', 'Glispa Gmbh', 0, 'Sophienstrasse 21', 2276, 'Berlin', '', '', 'Rafael Carvalho', 'rafael.carvalho@glispamedia.com', 'Rafael Carvalho', 'rafael.carvalho@glispamedia.com', 'USD', '', 'DE814998388', 4, 'LLC', '30', 14, ''),
(13, 'Inovacel', 'Consultores En Servicios Fiscales Y Contable Del Valle Sa De Cv', 0, 'Epigmenio Garcia Nro 103 Col. Valle De Vasconcelos', 2484, 'Df', '', '', 'Miguel Mares', 'miguel.mares@inovacel.com', 'Alejandra', 'alejandra@inovacel.com', 'USD', '', 'CSF 120806 4I4', 4, 'LLC', '30', 15, ''),
(14, 'Jet It', 'Digital Virgo Entertainment', 0, '350 Rue Denis Papin 13100 Aix En Provence', 2250, 'Paris', '', '902010201', 'Nicolas Bulle', 'nbulle@digitalvirgo.com', '', '', 'USD', '', 'VAT NUMBER: FR 80 430 325 811', 4, 'LLC', '30', 16, ''),
(15, 'Jet Ar', 'Digital Virgo Argentina Sa', 0, 'Av. Juan B. Justo 637, Piso 7', 2032, 'Buenos Aires', '1000', '', 'S Ramirez', 'sramirez@jetmultimedia.com', 'Sergio Ramirez', 'sramirez@jetmultimedia.com', 'USD', '', '30-70862740-9', 4, 'SRL', '30', 16, ''),
(16, 'Jet Br', 'Jet Multimedia España, S.A.', 0, 'Parque Empresarial Cristalia Edificio 5, Planta 4ª, Via De Los Poblados, 3', 2724, 'Madrid', '', '', 'S Rolli', 'srolli@digitalvirgo.com', 'F Sortega', 'fsortega@jetmultimedia.es', 'USD', '', 'ESA80060924', 4, 'LLC', '30', 16, ''),
(17, 'Joker', 'Joker Mobile S.A', 0, 'Vuelta De Obligado 1947 Piso 8 – Cap Fed', 2032, 'Buenos Aires', '1000', '', 'T Cohen', 'tcohen@unlimiteddistribution.biz', 'M Torres', 'mtorres@unlimiteddistribution.biz', 'USD', '', '33-71209976-9', 4, 'SRL', '45', 17, ''),
(18, 'Mad4mobile', 'Mad4mobile Limited', 0, 'Advantage Business Center 132-134 Great Ancoats Street', 2826, 'Manchester', '', '', 'James', 'james@mad4mobile.com', '', '', 'USD', '', 'VAT NUMBER: 116732133', 4, 'LLC', '30', 18, ''),
(19, 'Mcr-M', 'Cellon Ltd', 0, 'Hayetzira 29, Ramat Gan', 2376, 'Ramat Gan', '', '', 'Ariana', 'ariana@mcr-m.com', 'Nir', 'nir@mcr-m.com', 'USD', '', 'VAT: 514235852', 4, 'LLC', '30', 19, ''),
(20, 'Mobile Streams Ar', 'Mobile Streams De Argentina Srl', 0, 'Talcahuano 833 Piso 9 “E”- Capital Federal', 2032, 'Buenos Aires', '', '', 'Emiliano D', 'emilianod@mobilestreams.com', 'Emiliano D', 'emilianod@mobilestreams.com', 'ARS', '', '33-70881800-9', 4, 'SRL', '30', 21, ''),
(21, 'Mobile Streams Row', 'Mobile Streams Of México S De Rl De Cv', 0, 'Lateral Autopista Mexico Toluca #1235 Oficina 404', 2484, 'Df', '', '', 'Emiliano D', 'emilianod@mobilestreams.com', 'Emiliano D', 'emilianod@mobilestreams.com', 'USD', '', 'RFC: MSM040617 RT0', 4, 'LLC', '', 21, ''),
(22, 'Movile', 'Cyclelogic De Mexico S De Rl De Cv', 0, 'Av. Del Prado Sur 140, Piso 3, Lomas De Chapulquetec Iv Seccion, Del Miguel Hidalgo', 2484, 'Df', '', '', 'Vanessa Rocha', 'vanessa.rocha@movile.com', 'Rosaura Perez', 'rosaura.perez@movile.com', 'USD', '', 'RFC: CME30325CPA', 4, 'LLC', '30', 22, ''),
(23, 'Neomobile Co', 'Neomobile Colombia S.A.S.', 0, 'Calle 93 #18-12, Oficina 206', 2170, 'Bogota', '', '', 'Xamir Castelblanco', 'xamir.castelblanco@neomobile.com', 'Andrea Grijalba', 'andrea.grijalba@neomobile.com', 'USD', '', 'NIT 9006041543', 4, 'LLC', '30', 23, ''),
(24, 'Neomobile Ec', 'Neomobilecuador S.A.', 0, 'Av. Republica Del Salvador 1082 Y Naciones Unidas, Edificio Mansion Blanca Torre Paris', 2218, 'Quito', '', '', 'Xamir Castelblanco', 'xamir.castelblanco@neomobile.com', 'Andrea Grijalba', 'andrea.grijalba@neomobile.com', 'USD', '', 'RUC:1792394910001', 4, 'LLC', '30', 23, ''),
(25, 'Neomobile Pe', 'Neomobile Peru S.A.C', 0, 'Av. Víctor Andrés Belaúnde 147, Vía Principal 110 Edificio Real Cinco, Oficina 901', 2604, 'Lima', '', '', 'Xamir Castelblanco', 'xamir.castelblanco@neomobile.com', 'Ruth Navarro', 'ruth.navarro@neomobile.com', 'USD', '', 'RUC: 20550996180', 4, 'LLC', '30', 23, ''),
(26, 'Olx', 'Olx Inc', 0, '', 2840, 'Ny', '', '', 'Isabelli Thille', 'isabelli.thille@olx.com', 'Federico Vazquez', 'federico.vazquez@olx.com', 'USD', '', '20-452-1118', 4, 'LLC', '30', 24, ''),
(27, 'Pedidosya', 'Pedidosya Sa', 0, 'Coronel Diaz 1811 Piso 1', 2032, 'Buenos Aires', '10000', '', 'Valeria G', 'valeriag@pedidosya.com', 'Marinan', 'marinan@pedidosya.com', 'USD', '', 'CUIT 30711985766', 4, 'SRL', '30', 25, ''),
(28, 'Playphone', 'Playphone Inc', 0, '345 S B St. San Mateo', 2840, 'California', '', '', 'Ray', 'ray@playphone.com', 'Ap', 'ap@playphone.com', 'USD', '', 'TAX ID: 56-2116077', 4, 'LLC', '30', 26, ''),
(29, 'Playtown', 'Playtown Sa', 0, 'Lavalle 636 Piso 1 Oficina 7', 2032, 'Buenos Aires', '', '', 'Florencia Escandon', 'florencia.escandon@playtown.com.ar', 'Luis Maggi', 'luis.maggi@playtown.com.ar', 'ARS', '', '30711518857', 4, 'SRL', '60', 27, ''),
(30, 'Plus Mobile', 'Plus Mobile Communication Sa', 0, 'Talcahuano 718', 2032, 'Buenos Aires', '', '', 'Laura Contarino', 'laura.contarino@plusmobile.com', 'Maria Mendizabal', 'maria.mendizabal@plusmobile.com', 'ARS', '', '30-70721407-0', 4, 'SRL', '30', 28, ''),
(31, 'Pmovil Ar', 'Pmovil Argentina Sa', 0, 'Aguirre 1501 – Pb', 2032, 'Buenos Aires', '', '', 'Micaela', 'micaela@pmovil.com.ar', 'Alejandro', 'alejandro@pmovil.com.ar', 'ARS', '', '30-70761582-2', 4, 'SRL', '30', 30, ''),
(32, 'Pmovil Row', 'Instinex Sa', 0, 'Coronel Brandsen 1961 Of Ep103', 2858, 'Montevideo', '', '', 'Micaela', 'micaela@pmovil.com.ar', 'Alejandro', 'alejandro@pmovil.com.ar', 'USD', '', '214711790011', 4, 'LLC', '30', 30, ''),
(33, 'Renxo Ar', 'Renxo Sa', 0, 'Av. Caseros 3405, Piso 4', 2032, 'Buenos Aires', '', '', 'Mauro', 'mauro@vanega.com', 'Finanzas', 'finanzas@renxo.com', 'ARS', '', '30-69915299-0', 4, 'SRL', '30', 31, ''),
(34, 'Renxo Row', 'Renxo Sa', 0, 'Av. Caseros 3405, Piso 4', 2032, 'Buenos Aires', '', '', 'Mauro', 'mauro@vanega.com', 'Finanzas', 'finanzas@renxo.com', 'USD', '', '30-69915299-0', 4, 'LLC', '30', 31, ''),
(35, 'Restorando', 'Restorando Sa', 0, 'Vuelta De Obligado 1947 5to', 2032, 'Buenos Aires', '', '', 'Guillermo Pendola', 'guillermo.pendola@restorando.com', 'Billing', 'billing@restorando.com', 'ARS', '', 'CUIT: 30-71169630-6', 4, 'SRL', '30', 32, ''),
(36, 'Sony Pictures', 'Sony Pictures Releasing Argentina S.R.L', 0, 'Jose A. Cabrera 6027', 2032, 'Buenos Aires', 'C1414BHM', '', 'Lucia Ceballos', 'lucia_ceballos@spe.sony.com', 'Maria Valletta', 'maria_valletta@spe.sony.com', 'USD', '', 'CUIT: 30-71067240-3', 4, 'SRL', '30', 33, ''),
(37, 'Taplink', 'Dada Ententermeint Inc', 0, '205 Lexington Ave. 12th Floor', 2840, 'Ny', '', '', '', '', '', '', 'USD', '', 'TAX ID: 13-4090548', 4, 'LLC', '', 35, ''),
(38, 'Tekka', 'Tekka Srl', 0, 'Lungodora Colletta 67', 2380, 'Torino', '10153', '', 'Simonetta Capaldi', '', 'S Capaldi', 's.capaldi@tekka.it', 'USD', '', 'VAT: IT09479150014', 4, 'LLC', '30', 36, ''),
(39, 'Telinfor', 'Telinfor Sa', 0, 'Laprida 1024 - Pb', 2032, 'Buenos Aires', '', '', 'E Gallardo', 'egallardo@telinfor.com', 'N Gomez', 'ngomez@telinfor.com', 'ARS', '', '30-67773938-6', 4, 'SRL', '30', 37, ''),
(40, 'Terra Co', 'COMERCIALIZADORA ESPECIALIZADA RETIA, SA DE CV', 0, 'CARMEN SERDAN N.214, COLONIA CIPRES', 2484, 'Toluca', '50120', '', 'Roberto Sauceda', 'roberto.sauceda@corp.terra.com.mx', '', 'roberto.sauceda@corp.terra.com.mx', 'USD', '', 'CER 090729 DK0', 4, 'LLC', '30', 38, ''),
(41, 'Terra Mx', 'COMERCIALIZADORA ESPECIALIZADA RETIA, SA DE CV', 0, 'CARMEN SERDAN N.214, COLONIA CIPRES', 2484, 'Toluca', '50120', '', 'Roberto Sauceda', 'roberto.sauceda@corp.terra.com.mx', '', 'roberto.sauceda@corp.terra.com.mx', 'USD', '', 'CER 090729 DK0', 4, 'LLC', '30', 38, ''),
(42, 'Timwe Ar, Cl', 'Total Tim Argentina Sa', 0, 'Olga Cossenttini 1545, Piso 3', 2032, 'Buenos Aires', '1107', '', 'Ivo Antunes', 'ivo.antunes@timwe.com', '', '', 'USD', '', '30-70911973-3', 4, 'SRL', '30', 39, ''),
(43, 'Timwe Br', 'Total Spin Brasil Servicos De Telecomunicacoes Ltda', 0, '', 2076, 'San Pablo', '', '', 'Cristina Melo', 'cristina.melo@timwe.com', '', '', 'USD', '', 'C.N.P.J.: 08.462.355/0001-04', 4, 'LLC', '30', 39, ''),
(44, 'Timwe Row', 'Timwe', 0, 'Olga Cossettini 1545 3er Piso Norte', 2032, 'Buenos Aires', '1107', '', 'Ivo Antunes', 'ivo.antunes@timwe.com', 'Carolina Ribeiro', 'carolina.ribeiro@timwe.com.', 'USD', '', '30-70911973-3', 4, 'SRL', '30', 39, ''),
(45, 'Way Media', 'VOD ARGENTINA S.A.', 0, 'Larrea 1106, Piso 3 "B"', 2032, 'Buenos Aires', '1117', '', 'Agustin', 'agustin@waymedia.mobi', 'Agustin', 'agustin@waymedia.mobi', 'USD', '', '30-71252662-5', 4, 'SRL', '30', 40, ''),
(56, 'Digital 6', '', 0, '', NULL, '', '', '', '', '', '', '', '', '', '', 4, '', '', 11, ''),
(57, 'Engage', 'ENGAGE BDR', 0, '9000 Sunset Blvd, Suite 525 –West', 2840, 'West Hollywood,', '90069', '(310)954-0751', 'Maylis Faucher', 'maylis@engage-bdr.com', 'Maylis Faucher', 'maylis@engage-bdr.com', 'USD', '', '13-4090548', 4, 'BVI', 'net30', 12, ''),
(58, 'Mobile Fuse', 'MOBILEFUSE LLC', 0, '36 MAPLE PLACE SUITE #306', 2840, 'MANHASSETT NY', '11030', '(347) 414-3149', 'CONRAD FRONTERRE', 'CONRADF@MOBILEFUSE.COM', 'Matt Sessanta', 'MATT@MOBILEFUSE.COM', 'USD', '', '00000', 4, 'BVI', 'net30', 20, ''),
(59, 'Ply Media', 'PLYmedia Israel (2006) Ltd', 0, '48 King George Street', 2376, 'Tel Aviv', '64336', '03-527-2807', 'NAZ KAMELI', 'NAZ@ADSTRACT.COM', 'David Markowitz', 'david@plymedia.com', 'USD', '', '513893727', 4, 'LLC', 'net30', 29, ''),
(60, 'Spyke Media', 'Spyke Media GmBh', 0, 'Erftstrasse 192', 2276, 'Cologne', '50672', '49 221 93 31 67 302', 'Sebastian Goeken', 's.goeken@spykemedia.com', 'Sebastian Goeken', 's.goeken@spykemedia.com', 'USD', '', '215/5919/0929 VAT DE815407710', 4, 'LLC', 'net30', 34, ''),
(61, 'Taplink BR', 'Buongiorno MyAlert Brasil Servicos Celulares Ltda', 10, 'Avenida Engenheiro Luis Carlos Berrini, nro 1748, Cidade Moncoes, CEP 04571-000, 23 andar, conjuntos 2304/2306/2308/2310', 2076, 'Sao Paulo', '04571', '', 'Antonio Rubert Merino', 'antonio.rubert@buongiorno.com', 'Jessica Barbagallo, Vanessa Goncalves, Jose Aparecido', 'jessica.barbagallo@buongiorno.com', 'USD', '', 'CNPJ 07.776.978/0001-99', 3, 'LLC', '30', 35, NULL),
(62, 'BlackMesa Inc', 'BlackMesa Inc', NULL, '8 Copthall', 2212, 'Roseau Valley', '00152', '416-720-3644', 'Simon Tan', 'simon@blackmesaintl.com', 'Simon Tan', 'simon@blackmesaintl.com', 'USD', '', '123456', 12, 'LLC', 'net30', 41, NULL),
(63, 'TIMWE CHILE', 'TOTAL TIM CHILE TELECOMUNICACIONES LIMITADA', NULL, 'Badajoz 100 - Of. 1520 Las Condes', 2152, 'Santiago de Chile', '00000000', '', 'Fernando Olivier', 'fernando.oliver@timwe.com', 'Fernando Olivier', 'fernando.oliver@timwe.com', 'USD', '30%', '76.226-400-5', 4, 'BVI', '30', 39, NULL),
(64, 'TIMWE URUGUAY', 'TIM WE URUGUAY S.A.', NULL, 'Divina Comedia 1595', 2858, 'Montevideo', '00000000', '', 'Fernando Olivier', 'fernando.oliver@timwe.com', 'Fernando Olivier', 'fernando.oliver@timwe.com', 'USD', '12%', '21 531268 0016', 4, 'BVI', '30', 39, NULL),
(65, 'TIMWE PARAGUAY', 'TOTAL TIM PARAGUAY S.A.', NULL, 'Juan de Salazar 657', 2600, 'Asunsion', '00000000', '', 'Fernando Olivier', 'fernando.oliver@timwe.com', 'Fernando Olivier', 'fernando.oliver@timwe.com', 'USD', '15%', '80037228-0', 4, 'BVI', '30', 39, NULL),
(66, 'DMG (DSNR MEDIA GROUP LTD) ', 'DMG (DSNR MEDIA GROUP LTD) ', NULL, '8 HAPNINA STREET BUILDING B', 2376, 'RAANANA', '43215', '972 976 26 161 ', 'GALITH ARROCHE', 'GALITHARR@DSNRMG.COM', 'GALITH ARROCHE', 'GALITHARR@DSNRMG.COM', 'USD', '', '514043140', 12, 'LLC', 'net30', 42, NULL),
(67, 'Mobile 360 Naranya', 'MARKTECH BIZ, SA DE CV', NULL, 'Circuito G. Camarena 1450 P. 2N Centro de Cd Sta. Fe, Alvaro Obregon Mexico D.F. ', 2484, 'Mexico DF', '01210', '', 'LUZ CASTILLO', 'lcastillo@mobile360.biz', 'VIVIANA HERRERA', 'VHERRERA@MOBILE360.BIZ', 'USD', '', 'R.F.C MAR1110194V0', 3, 'LLC', '30', 43, NULL),
(68, 'initial Click', 'Initial Click', NULL, '20950 Warner Center Lane', 2840, 'woodland hill', '91367', '818-633-4277', 'NIMA HAKIMI', 'nimah@initialclick.com', 'NIMA HAKIMI', 'nimah@initialclick.com', 'USD', '', '95-4804169', 12, 'BVI', 'net30', 46, NULL),
(69, 'DOUBLE6 SARL', 'DOUBLE6 SARL', 0, 'Rue de la Tour 5  1004 Lausanne', 2756, 'Lausanne', '1004', '', 'Carola Benefico ', 'carola@digital-6.es', 'Elisabeth Gomes', 'Elisabeth@double-6.ch', 'EUR', '', 'CHE 550-1100068-7', 13, 'LLC', '30', 11, ''),
(70, 'Convertonet ', 'Convertonet ', NULL, '2 Maskit Herzliya', 2376, 'TEL AVIV', '4098', ' +972-73-716-1458', 'Danielle Daiany', 'danielle.daiany@convertonet.com', 'Danielle Daiany', 'danielle.daiany@convertonet.com', 'USD', '', 'Iban: - MT06VALL22013000000040020804851', 12, 'LLC', 'net30', 47, NULL),
(71, 'ADMOBSPHERE SRL', 'ADMOBSPHERE SRL', NULL, 'Via Chiossetto, 18', 2380, 'MILANO', '20122', '', 'Rudy Scattorelli', 'rudy.scattorelli@admobsphere.com', 'Finance', 'finance@admobsphere.com', 'USD', '', 'IT 06959920965', 3, 'LLC', '30', 44, NULL),
(72, 'Batanga Contntastic', 'Groovit S.A.', NULL, 'Darwin 1154 2 A cuerpo C.', 2032, 'CABA', '1000', '', 'Juan Savid', 'juan.savid@batanga.com', 'Maria Jimena Arias', 'billing@batanga.com', 'USD', '', 'CUIT: 30-71060230-8', 3, 'SRL', '30', 45, NULL);

--
-- Dumping data for table `AuthItem`
--

INSERT INTO `AuthItem` (`name`, `type`, `description`, `bizrule`, `data`) VALUES
('admin', 2, '', NULL, 'N;'),
('business', 2, '', NULL, 'N;'),
('commercial', 2, '', NULL, 'N;'),
('commercial_manager', 2, '', NULL, 'N;'),
('finance', 2, '', NULL, 'N;'),
('media', 2, '', NULL, 'N;'),
('media_manager', 2, '', NULL, 'N;');

--
-- Dumping data for table `AuthAssignment`
--

INSERT INTO `AuthAssignment` (`itemname`, `userid`, `bizrule`, `data`) VALUES
('admin', '1', NULL, 'N;'),
('admin', '15', NULL, 'N;'),
('admin', '16', NULL, 'N;'),
('admin', '2', NULL, 'N;'),
('admin', '5', NULL, NULL),
('admin', '6', NULL, NULL),
('business', '9', NULL, NULL),
('commercial', '12', NULL, 'N;'),
('commercial', '13', NULL, 'N;'),
('commercial_manager', '4', NULL, 'N;'),
('media', '10', NULL, 'N;'),
('media', '11', NULL, NULL),
('media', '14', NULL, 'N;'),
('media', '7', NULL, 'N;'),
('media', '8', NULL, 'N;'),
('media_manager', '14', NULL, 'N;'),
('media_manager', '17', NULL, 'N;'),
('media_manager', '3', NULL, 'N;'),
('media_manager', '9', NULL, 'N;');

--
-- Dumping data for table `banner_sizes`
--

INSERT INTO `banner_sizes` (`id`, `size`, `width`, `height`) VALUES
(1, '728x90', 728, 90),
(2, '300x250', 300, 250),
(3, '160x600', 160, 600),
(4, '320x50', 320, 50),
(5, '320x48', 320, 48),
(6, '300x50', 300, 50),
(7, '300x75', 300, 75),
(8, '216x36', 216, 36),
(9, '216x54', 216, 54),
(10, '168x28', 168, 28),
(11, '168x42', 168, 42),
(12, '120x20', 120, 20),
(13, '120x30', 120, 30),
(14, '320x40', 320, 40),
(15, '168x48', 168, 48);

--
-- Dumping data for table `campaign_categories`
--

INSERT INTO `campaign_categories` (`id`, `rec`, `name`) VALUES
(1, 0, 'Arts and Entertainment'),
(2, 0, 'Automotive'),
(3, 0, 'Business'),
(4, 0, 'Careers'),
(5, 0, 'Dating'),
(6, 0, 'Education'),
(7, 0, 'Family and Parenting'),
(8, 0, 'Finance Personal'),
(9, 0, 'Food and Drink'),
(10, 0, 'Games'),
(11, 0, 'Health and Fitness'),
(12, 0, 'Hobbies and Interests'),
(13, 0, 'Home and Garden'),
(14, 0, 'Illegal Content'),
(15, 0, 'Law, Gov''t and Politics'),
(16, 0, 'News'),
(17, 0, 'Non-Standard Content'),
(18, 0, 'Pets'),
(19, 0, 'Real Estate'),
(20, 0, 'Religion and Spirituality'),
(21, 0, 'Science'),
(22, 0, 'Shopping'),
(23, 0, 'Society'),
(24, 0, 'Sports'),
(25, 0, 'Style and Fashion'),
(26, 0, 'Technology and Computing'),
(27, 0, 'Travel'),
(28, 0, 'Uncategorized'),
(29, 0, 'Adult Soft'),
(30, 0, 'Adult Hard');

--
-- Dumping data for table `carriers`
--

INSERT INTO `carriers` (`id_carrier`, `status`, `id_country`, `mobile_brand`, `isp`, `domain`) VALUES
(1, 'Active', 2392, 'DOCOMO', 'NTT DOCOMO INC', 'OCN.NE.JP'),
(2, 'Active', 2608, 'GLOBE', 'GLOBE TELECOM', 'GLOBE.COM.PH'),
(3, 'Active', 2036, 'OPTUS', 'SINGTEL OPTUS PTY LTD', 'OPTUS.COM.AU'),
(4, 'Active', 2764, 'DTAC', 'TOTAL ACCESS COMMUNICATION PLC. 333/3 CHAI BLDG.', '-'),
(5, 'Active', 2410, 'KT', 'HANSOL TELECOM NETWORK CENTER', '-'),
(6, 'Active', 2036, 'TELSTRA', 'TELSTRA INTERNET', 'TELSTRA.COM.AU'),
(7, 'Active', 2356, 'IDEA', 'IDEA CELULAR', 'IDEACELLULAR.NET'),
(8, 'Active', 2380, 'VODAFONE', 'VODAFONE OMNITEL N.V.', 'VODAFONE.IT'),
(9, 'Active', 2784, 'ETISALAT', 'EMIRATES INTERNET', 'EMIX.NET.AE'),
(10, 'Active', 2376, 'ORANGE', 'PARTNER', 'ORANGE.CO.IL'),
(11, 'Active', 2682, 'AL JAWAL', 'SAUDI TELECOM', 'STC.COM.SA'),
(12, 'Active', 2826, 'TALK TALK', 'TALKTALK B2C DYNAMIC RANGE', 'TALKTALK.CO.UK'),
(13, 'Active', 2208, 'TDC', 'TDC A/S', 'TDC.DK'),
(14, 'Active', 2380, 'TIM', 'TELECOM ITALIA NET', 'TELECOMITALIA.IT'),
(15, 'Active', 2380, 'WIND', 'WIND TELECOMUNICAZIONI S.P.A', 'WIND.IT'),
(16, 'Active', 2380, 'RFI', 'RETE FERROVIARIA ITALIANA SPA', 'TELECOMITALIA.IT'),
(17, 'Active', 2208, 'TELENOR', 'TELENOR ASP', 'SONOFON.DK'),
(18, 'Active', 2724, 'TME/MOVISTAR', 'TELEFONICA DE ESPANA', 'TELEFONICA.COM'),
(19, 'Active', 2578, 'TELENOR', 'TELENOR NORGE AS', 'TELENOR.NET'),
(20, 'Active', 2724, 'CABLEUROPA, SAU', 'CABLEUROPA S.A.U.', 'ONO.ES'),
(21, 'Active', 2380, '3 ITALIA', 'H3G S.P.A', 'H3G.IT'),
(22, 'Active', 2276, 'T-MOBILE', 'TELEKOM DEUTSCHLAND GMBH', 'TELEKOM.DE'),
(23, 'Active', 2276, 'VODAFONE D2 GMBH', 'VODAFONE D2 GMBH', 'VODAFONE.COM'),
(24, 'Active', 2276, 'E-PLUS', 'E-PLUS MOBILFUNK GMBH & CO. KG', 'EPS.DE'),
(25, 'Active', 2276, 'O2', 'TELEFONICA DEUTSCHLAND GMBH', 'HGZ-BB.DE'),
(26, 'Active', 2840, 'VERIZON', 'VERMONT TELEPHONE COMPANY INC.', 'DWIGHT.COM'),
(27, 'Active', 2792, 'TURKCELL', 'TURKCELL ILETISIM HIZMETLERI A.S', 'TURKCELL.COM.TR'),
(28, 'Active', 2512, 'NAWRAS', 'OMANI QATARI TELECOMMUNICATIONS COMPANY SAOC', 'NAWRAS.COM'),
(29, 'Active', 2784, 'DU', 'EMIRATES INTEGRATED TELECOMMUNICATIONS COMPANY PJSC', 'DU.AE'),
(30, 'Active', 2512, 'OMAN MOBILE', 'GENERAL TELECOMMUNICATION ORGANIZATION', 'OMANTEL.OM'),
(31, 'Active', 2348, 'T-MOBILE', 'MAGYAR TELEKOM PLC.', 'TELEKOM.HU'),
(32, 'Active', 2792, 'AVEA', 'AVEA ILETISIM HIZMETLERI A.S', 'AVEA.COM.TR'),
(33, 'Active', 2400, 'UMNIAH', 'UMNIAH LIL-HAWATEF AL-MUTANAQELAH CO.', 'UMNIAH.COM'),
(34, 'Active', 2250, 'BOUYGUES', 'BOUYGUES', 'BOUYGUES.FR'),
(35, 'Active', 2250, 'SFR', 'VIVENDI MOBILE ENTERTAINEMENT', 'INTERNET-FR.NET'),
(36, 'Active', 2616, 'PLUS', 'POLKOMTEL S.A.', 'PLUS.PL'),
(37, 'Active', 2348, 'VODAFONE', 'VODAFONE HUNGARY LTD.', 'VODAFONE.HU'),
(38, 'Active', 2682, 'MOBILY', 'ETTIHAD ETISALAT CORP', '-'),
(39, 'Active', 2300, 'COSMOTE', 'COSMOTE MOBILE TELECOMMUNICATIONS S.A.', 'COSMOTE.GR'),
(40, 'Active', 2724, 'MÃ“BIL R', 'R CABLE Y TELECOMUNICACIONES GALICIA S.A.', 'MUNDO-R.COM'),
(41, 'Active', 2703, 'ORANGE', 'ORANGE SLOVENSKO A.S', 'COGENTCO.COM'),
(42, 'Active', 2616, 'ORANGE', 'PTK-CENTERTEL', 'CENTERTEL.PL'),
(43, 'Active', 2348, 'TELENOR', 'PANNON GSM TELECOMMUNICATIONS PLC', 'PANNON.HU'),
(44, 'Active', 2616, 'NETIA', 'NETIA SA', 'NETIA.PL'),
(45, 'Active', 2792, 'VODAFONE', 'VODAFONE TURKEY 3G IP POOLS', '-'),
(46, 'Active', 2804, 'KYIVSTAR', 'KYIVSTAR GSM', 'KYIVSTAR.UA'),
(47, 'Active', 2840, 'CRICKET COMMUNICATIONS', 'CRICKET COMMUNICATIONS', 'VERIZON.NET'),
(48, 'Active', 2840, 'CRICKET', 'CRICKET COMMUNICATIONS INC', 'CRICKETCOMMUNICATIONS.COM'),
(49, 'Active', 2484, 'IUSACELL / UNEFON', 'UNEFON', 'UNEFON.COM.MX'),
(50, 'Active', 2840, 'AT&T', 'AT&T SERVICES INC', '-'),
(51, 'Active', 2840, 'T-MOBILE', 'T MOBILE USA', 'T-MOBILE.COM'),
(52, 'Active', 2840, 'CINGULAR WIRELESS', 'CINGULAR WIRELESS LLC', 'CINGULARLAB.COM'),
(53, 'Active', 2840, 'SMITH BAGLEY', 'SMITH BAGLEY INC', 'CELLULARONEAZ.COM'),
(54, 'Active', 2840, 'PUBLIC SERVICE', 'PUBLIC SERVICE CELLULAR', 'PSCEL.COM'),
(55, 'Active', 2840, 'AERIS', 'AERIS COMMUNICATIONS INC.', '-'),
(56, 'Active', 2840, 'TERRESTAR NETWORKS', 'TERRESTAR NETWORKS', 'TERRESTAR.COM'),
(57, 'Active', 2840, 'CONTENNIAL PUERTO RIO', 'CENTENNIAL PUERTO RICO OPERATIONS', 'CENTENNIALPR.NET'),
(58, 'Active', 2840, 'JASPER', 'JASPER WIRELESS INC.', 'JASPERWIRELESS.COM'),
(59, 'Active', 2392, 'AU', 'KDDI CORPORATION.', '-'),
(60, 'Active', 2702, 'SINGTEL-G18', 'SINGAPORE TELECOM MOBILE PTE LTD', 'SINGTEL.COM'),
(61, 'Active', 2704, 'MOBIFONE', 'VIETNAM POST AND TELECOM CORPORATION', 'VNPT.COM.VN'),
(62, 'Active', 2356, 'TATA DOCOMO', 'TATA SONS LTD', '-'),
(63, 'Active', 2036, 'SOUL', 'TPG MPLS CUSTOMER', 'TPGI.COM.AU'),
(64, 'Active', 2156, 'CHINA UNICOM', 'ASIA UNICOM NET CO. LTD. SHANGHAI BRANCH', '-'),
(65, 'Active', 2840, 'BLUEGRASS', 'BLUEGRASS CELLULAR INC.', 'BLUEGRASSCELLULAR.COM'),
(66, 'Active', 2124, 'VIDEOTRON', 'VIDEOTRON LTEE', 'VIDEOTRON.COM'),
(67, 'Active', 2124, 'ICE WIRELESS', 'ICE WIRELESS INC.', 'ICEWIRELESS.CA'),
(68, 'Active', 2840, 'SPRINT', 'SPRINT', 'SPRINT.COM'),
(69, 'Active', 2840, 'NEXTEL', 'NEXTEL COMMUNICATIONS', 'NEXTEL.COM'),
(70, 'Active', 2702, 'STARHUB', 'STARHUB MOBILE', 'STARHUB.NET.SG'),
(71, 'Active', 2764, 'TRUE MOVE', 'TRUEHISP', 'ASIANET.CO.TH'),
(72, 'Active', 2356, 'AIRTEL', 'AIRTEL', '-'),
(73, 'Active', 2704, 'VIETTEL MOBILE', 'VIETTEL - CHT COMPANY LTD', 'VIETTEL.VN'),
(74, 'Active', 2702, 'M1', 'M1 CONNECT PTE. LTD. (ACQUIRED GOODWILL', 'QALA.COM.SG'),
(75, 'Active', 2116, 'SMART', 'LATELZ CO. LTD.', 'HELLO.COM.KH'),
(76, 'Active', 2392, 'SOFTBANK', 'SOFTBANK BB CORP.', 'ACTIBLOG.COM'),
(77, 'Active', 2242, 'VODAFONE', 'VODAFONE FIJI LIMITED MOBILE SERVICE PROVIDER SUVA FIJI', '-'),
(78, 'Active', 2410, 'SKT', 'SK TELECOM CO.', 'SKTELECOM.COM'),
(79, 'Active', 2356, 'AIRCEL', 'AIRCEL LIMITED', 'AIRCEL.COM'),
(80, 'Active', 2554, 'VODAFONE', 'VODAFONE NEW ZEALAND', 'VODAFONE.CO.NZ'),
(81, 'Active', 2724, 'VODAFONE', 'VODAFONE ESPANA S.A.U.', 'VODAFONE.ES'),
(82, 'Active', 2634, 'VODAFONE QATAR', 'VODAFONE QATAR Q.S.C.', 'VODAFONE.COM'),
(83, 'Active', 2528, 'T-MOBILE', 'T-MOBILE NETHERLANDS BV.', 'T-MOBILE.NL'),
(84, 'Active', 2008, 'AMC', 'ALBANIAN MOBILE COMMUNICATIONS', '-'),
(85, 'Active', 2620, 'TMN', 'TMN TELECOMUNICACOES MOVEIS NACIONAIS', 'TMN.PT'),
(86, 'Active', 2528, 'INTERCITY ZAKELIJK', 'INTERCITY MOBILE COMMUNICATIONS B.V.', 'INTERCITYZAKELIJK.NL'),
(87, 'Active', 2203, 'VODAFONE', 'VODAFONE CZECH REPUBLIC A.S.', 'VODAFONE.CZ'),
(88, 'Active', 2826, 'ORANGE', 'ORANGE PERSONAL COMMUNICATIONS SERVICES', 'ORANGE.CO.UK'),
(89, 'Active', 2826, 'T-MOBILE (UK)', 'T-MOBILE (UK) LIMITED', 'T-MOBILE.CO.UK'),
(90, 'Active', 2528, 'VODAFONE', 'VODAFONE LIBERTEL B.V.', 'VODAFONE.COM'),
(91, 'Active', 2528, 'KPN', 'KONINKLIJKE KPN N.V.', 'KPN.COM'),
(92, 'Active', 2196, 'CYTAMOBILE-VODAFONE', 'CYPRUS TELECOMMUNCATIONS AUTHORITY', 'CYTANET.NET'),
(93, 'Active', 2528, 'TELFORT', 'KPN MOBILE THE NETHERLANDS B.V.', 'SRC.ORG'),
(94, 'Active', 2756, 'SUNRISE', 'SUNRISE', 'SUNRISE.CH'),
(95, 'Active', 2372, '3', 'HUTCHISON 3G IRELAND LTD.', 'THREEMBB.IE'),
(96, 'Active', 2499, 'T-MOBILE', 'CRNOGORSKI TELEKOM A.D.PODGORICA', 'TELEKOM.ME'),
(97, 'Active', 2724, 'XFERA MOVILES, SA', 'XFERA MOVILES S.A.', 'YOIGO.COM'),
(98, 'Active', 2156, 'CHINA TELECOM', 'CHINA TELECOM WYL', '-'),
(99, 'Active', 2116, 'METFONE', 'VIETTEL (CAMBODIA) PTE. LTD.', 'METFONE.COM.KH'),
(100, 'Active', 2360, 'TELKOMMOBILE', 'PT. TELEKOMUNIKASI INDONESIA', 'WALISONGO.AC.ID'),
(101, 'Active', 2156, 'CHINA MOBILE', 'CHINA MOBILE CHANGSHOU CENT COMPANY', 'CHINAMOBILE.COM'),
(102, 'Active', 2156, 'CHINA TIETONG', 'HARBIN TIETONG CONPANY', '-'),
(103, 'Active', 2250, 'FREE MOBILE', 'FREE MOBILE SAS', 'FREE-MOBILE.FR'),
(104, 'Active', 2643, 'BEELINE', 'OJSC VIMPELCOM', 'VIMPELCOM.COM'),
(105, 'Active', 2724, 'JAZZ TELECOM, SAU', 'JAZZ TELECOM S.A.', 'JAZZTEL.COM'),
(106, 'Active', 2688, 'VIP', 'VIP MOBILE D.O.O.', 'VIPMOBILE.RS'),
(107, 'Active', 2804, 'IT', 'INTERTELECOM LTD', 'IT.OD.UA'),
(108, 'Active', 2578, 'COM4', 'COM4 AS', 'COM4.NO'),
(109, 'Active', 2643, 'MEGAFON', 'OJSC MEGAFON', 'MEGAFON.RU'),
(110, 'Active', 2246, 'DNA', 'DNA OY ITA- JA KESKI-SUOMI', 'DNAINTERNET.FI'),
(111, 'Active', 2203, 'T-MOBILE', 'T-MOBILE CZECH REPUBLIC A.S.', 'T-MOBILE.CZ'),
(112, 'Active', 2804, 'UKRTELECOM', 'JSC UKRTELECOM', 'UKRTELECOM.UA'),
(113, 'Active', 2804, 'LIFE:)', 'LIMITED LIABILITY COMPANY ASTELIT', 'LIFE.COM.UA'),
(114, 'Active', 2762, 'BABILON-M', 'BABILON-T', 'BABILON-T.TJ'),
(115, 'Active', 2048, 'VIVA', 'VIVA BAHRAIN BSC CLOSED', 'VIVA.COM.BH'),
(116, 'Active', 2398, 'KCELL', 'GSM KAZAKHSTAN', 'ONLINE.KZ'),
(117, 'Active', 2233, 'EMT', 'AS EMT', 'EMT.EE'),
(118, 'Active', 2703, 'T-MOBILE', 'EUROTEL PRAHA SPOL. S R.O.', 'O2.CZ'),
(119, 'Active', 2616, 'NORDISK POLSKA', 'NORDISK POLSKA', 'MM.PL'),
(120, 'Active', 2634, 'QATARNET', 'QATAR TELECOM (QTEL) Q.S.C.', 'QTEL.QA'),
(121, 'Active', 2724, 'EUSKALTEL, SA', 'EUSKALTEL S.A.', 'EUSKALTEL.COM'),
(122, 'Active', 2414, 'VIVA', 'KUWAIT TELECOMMUNICATION COMPANY (UNDER ASSOCIATION)', 'VIVA.COM.KW'),
(123, 'Active', 2840, 'TRANSACTIONS NETWORK SERVICES', 'TRANSACTION NETWORK SERVICES', 'COGENTCO.COM'),
(124, 'Active', 2124, 'TELUS', 'TELUS CORPORATION', 'VOXEL.NET'),
(125, 'Active', 2756, 'SWISSCOM', 'SWISSCOM (SWITZERLAND) LTD', 'SWISSCOM.CH'),
(126, 'Active', 2372, 'EIRCOM', 'EIRCOM', 'WALSHE-IT.IE'),
(127, 'Active', 2586, 'UFONE', 'PAKISTAN TELECOMMUNICATION COMPANY LIMITED', 'PIE.NET.PK'),
(128, 'Active', 2710, 'VODACOM', 'VODACOM ISP NETWORKS', 'BARKO.CO.ZA'),
(129, 'Active', 2566, 'VISAFONE', 'VISAFONE COMMUNICATIONS LIMITED', 'VISAFONE.COM.NG'),
(130, 'Active', 2466, 'ORANGE', 'ORANGE MALI SA', 'ROOKDNS.COM'),
(131, 'Active', 2426, 'VODACOM', 'VODACOM LESOTHO (PTY) LTD', 'VCL.CO.LS'),
(132, 'Active', 2072, 'ORANGE', 'IP ADDRESS RANGE FOR ORANGE BOTSWANA GPRS ACCESS', '-'),
(133, 'Active', 2024, 'UNITEL', 'UNITEL SA', 'UNITEL.AO'),
(134, 'Active', 2706, 'HORMUUD', 'HORMUUD TELECOM SOMALIA INC', '-'),
(135, 'Active', 2180, 'VODACOM', 'VODACOM CONGO', 'IC-LUBUM.CD'),
(136, 'Active', 2404, 'SAFARICOM', 'SAFARICOM LIMITED', 'SAFARICOM.COM'),
(137, 'Active', 2818, 'MOBINIL', 'MOBINIL', 'MOBINIL.COM'),
(138, 'Active', 2504, 'INWI', 'WANA CORPORATE', 'ONA.CO.MA'),
(139, 'Active', 2710, 'TELKOM MOBILE', 'TELKOM SA LTD.', 'TELKOM-IPNET.CO.ZA'),
(140, 'Active', 2818, 'ETISALAT', 'ETISALAT MISR 2G/3G SUBSCRIBERS', 'ETISALAT.COM.EG'),
(141, 'Active', 2710, 'CELL C', 'CELLCSP', 'CELLC.CO.ZA'),
(142, 'Active', 2710, 'MTN', 'MTN BUSINESS SOLUTIONS (PTY) LTD', 'MTNNS.NET'),
(143, 'Active', 2516, 'SWITCH', 'TELECOM NAMIBIA LTD', '-'),
(144, 'Active', 2646, 'MTN', 'MTN RWANDACELL', 'MTN.CO.RW'),
(145, 'Active', 2262, 'EVATIS', 'DJIBOUTI TELECOM S.A.', 'ADJIB.DJ'),
(146, 'Active', 2566, 'ETISALAT', 'EMERGING MARKETS TELECOMMUNICATION SERVICES (EMTS) LIMITED', 'ETISALAT.COM.NG'),
(147, 'Active', 2800, 'ORANGE', 'ORANGE UGANDA LTD', 'ORANGE.UG'),
(148, 'Active', 2566, 'GLO', 'GLOBACOM', '-'),
(149, 'Active', 2562, 'ORANGE', 'ORANGE NIGER', 'ORANGE.NE'),
(150, 'Active', 2566, 'MTN', 'MTN NIGERIA', 'VGCCL.NET'),
(151, 'Active', 2768, 'TOGO CELL', 'TOGO TELECOM', 'TOGOTELECOM.TG'),
(152, 'Active', 2800, 'MTN', 'MTN UGANDA', 'MTN.CO.UG'),
(153, 'Active', 2288, 'TIGO', 'MILLICOM GHANA LIMITED', '-'),
(154, 'Active', 2686, 'EXPRESSO', 'SUDATEL SENEGAL', 'SUDATEL.SD'),
(155, 'Active', 2516, 'MTC', 'MTC - MOBILE TELECOMMUNICATIONS LTD.', 'MTC.COM.NA'),
(156, 'Active', 2800, 'WARID TELECOM', 'WARID TELECOM UGANDA', 'WARIDTEL.CO.UG'),
(157, 'Active', 2226, 'ORANGE GQ', 'GETESA - ISP', '-'),
(158, 'Active', 2834, 'TIGO', 'MIC TANZANIA LTD', '-'),
(159, 'Active', 2180, 'ZAIN', 'CELTEL DRC', '-'),
(160, 'Active', 2504, 'IAM', 'MAROC TELECOM', 'IAM.MA'),
(161, 'Active', 2100, 'VIVACOM', 'BULGARIAN TELECOMMUNICATIONS COMPANY PLC.', 'BTC-NET.BG'),
(162, 'Active', 2578, 'NETCOM', 'NETCOM GSM AS', 'NETCOM.NO'),
(163, 'Active', 2400, 'ZAIN JO', 'JORDAN MOBILE TELEPHONE SERVICES COMPANY LTD', 'FASTLINK.COM.JO'),
(164, 'Active', 2826, 'UK01', 'MUNDIO MOBILE LTD', 'MUNDIO.COM'),
(165, 'Active', 2578, 'ICE', 'NORDISK MOBILTELEFON NORWAY A/S', 'ICE.NET'),
(166, 'Active', 2112, 'MTS', 'MOBILE TELESYSTEMS JLLC', 'MTS.BY'),
(167, 'Active', 2040, 'ORANGE', 'ORANGE AUSTRIA TELECOMMUNICATION GMBH', 'ORANGE.AT'),
(168, 'Active', 2826, 'O2', 'TELEFONICA UK LIMITED', 'O2.COM'),
(169, 'Active', 2051, 'BEELINE', 'ARMENTEL CJSC . ARMENIA TELEPHONE COMPANY', '-'),
(170, 'Active', 2642, 'HOTI VODAFONE', 'VODAFONE ROMANIA S.A.', 'VODAFONE.RO'),
(171, 'Active', 2804, 'GOLDEN TELECOM', 'GOLDEN TELECOM', 'SOVAM.NET.UA'),
(172, 'Active', 2705, 'SI.MOBIL', 'SI.MOBIL D.D', '-'),
(173, 'Active', 2040, 'T-MOBILE', 'T-MOBILE AUSTRIA GMBH', 'T-MOBILE.AT'),
(174, 'Active', 2051, 'VIVACELL-MTS', 'K-TELECOM CJSC', 'MTS.AM'),
(175, 'Active', 2246, 'SONERA', 'TELIASONERA FINLAND OYJ', 'TELIASONERA.COM'),
(176, 'Active', 2498, 'ORANGE', 'ORANGE MOLDOVA NETWORK', 'MLDNET.COM'),
(177, 'Active', 2246, 'SAUNALAHTI', 'ELISA OYJ', 'ELISA.COM'),
(178, 'Active', 2752, 'TELENOR', 'TELENOR SVERIGE AB', 'TELENOR.SE'),
(179, 'Active', 2826, 'UK BROADBAND LIMITED', 'UK BROADBAND LTD.', 'UKBROADBAND.COM'),
(180, 'Active', 2643, 'NTC', 'JSC NTC (NEW TELEPHONE COMPANY)', 'VNTC.RU'),
(181, 'Active', 2840, 'CELLULAR ONE', 'METRO PCS', 'METROPCS.COM'),
(182, 'Active', 2276, 'VODAFONE', 'VODAFONE GROUP SERVICES', 'VODAFONE.COM'),
(183, 'Active', 2458, 'DIGI', 'DIGI TELECOMMUNICATIONS SDN. BHD.', 'DIGI.COM.MY'),
(184, 'Active', 2764, 'AIS', 'ADVANCED INFO SERVICE', '-'),
(185, 'Active', 2524, 'SKY/C-PHONE', 'NEPAL TELECOMMUNICATIONS CORPORATION', 'NTC.NET.NP'),
(186, 'Active', 2840, 'EPIC TOUCH', 'EPIC TOUCH CO', '-'),
(187, 'Active', 2840, 'NTELOS', 'NTELOS COMMUNICATIONS INC.', '-'),
(188, 'Active', 2458, 'CELCOM', 'CELCOM (M) BHD', 'CELCOM.COM.MY'),
(189, 'Active', 2458, 'MAXIS', 'MAXIS 3G', 'MAXIS.NET.MY'),
(190, 'Active', 2392, 'EMOBILE', 'EMOBILE LTD.', 'EMOBILE.JP'),
(191, 'Active', 2410, 'LGT', 'LG TELECOM CO.', '-'),
(192, 'Active', 2586, 'WARID', 'WARID TELECOM IS A GSM SERVICE PROVIDER IN PAKISTAN.', '-'),
(193, 'Active', 2004, 'AWCC', 'AWCC AFGHANISTAN. LIVE IN FUTURE.', '-'),
(194, 'Active', 2036, 'RAILCORP', 'RAIL CORPORATION NEW SOUTH WALES', '-'),
(195, 'Active', 2764, 'CAT CDMA', 'CAT TELECOM DATA COMM. DEPT INTRENET OFFICE', 'MICT.GO.TH'),
(196, 'Active', 2410, 'KT SHOW', 'KT', 'KT.COM'),
(197, 'Active', 2144, 'MOBITEL', 'MOBITEL PVT LTD', 'MOBITEL.LK'),
(198, 'Active', 2752, 'TELIA', 'TELIASONERA NETWORK', 'TELIA.NET'),
(199, 'Active', 2404, 'ORANGE KENYA', 'TELKOM KENYA LTD', 'TELKOM.CO.KE'),
(200, 'Active', 2276, 'O2 (GERMANY) GMBH & CO. OHG', 'O2 (GERMANY) GMBH & CO. OHG', 'MEDIAWAYS.NET'),
(201, 'Active', 2826, 'VIRGIN', 'VIRGIN MEDIA LIMITED', 'VIRGINMEDIA.COM'),
(202, 'Active', 2724, 'ORANGE', 'FRANCE TELECOM ESPANA S.A', 'ORANGE.ES'),
(203, 'Active', 2372, 'O2', 'O2 IRELAND MOBILE PHONE OPERATOR', 'MAGPIEAV.IE'),
(204, 'Active', 2528, 'TELE2', 'TELE2 NEDERLAND B.V.', 'TELE2.NL'),
(205, 'Active', 2578, 'TDC', 'TDC AS', 'TDC.COM'),
(206, 'Active', 2300, 'VODAFONE', 'VODAFONE-PANAFON HELLENIC TELECOMMUNICATIONS COMPANY SA', 'VODAFONE.COM'),
(207, 'Active', 2428, 'IZZI', 'SIA IZZI', 'IZZI.LV'),
(208, 'Active', 2276, 'SIEMENS AG', 'SIEMENS AG', 'SIEMENS.COM'),
(209, 'Active', 2826, 'BT', 'BRITISH TELECOM', 'BT.COM'),
(210, 'Active', 2040, 'A1', 'A1 TELEKOM AUSTRIA AG', 'A1TELEKOM.AT'),
(211, 'Active', 2352, 'VODAFONE', 'VODAFONE ICELAND XDSL POOL', 'OBI.IS'),
(212, 'Active', 2250, 'ORANGE', 'ORANGE FRANCE GPRS NETWORK', 'ORANGE.FR'),
(213, 'Active', 2048, 'ZAIN BH', 'ZAINBAHRAIN WIMAX', 'ZAIN.COM'),
(214, 'Active', 2826, 'VODAFONE', 'VODAFONE INTERACTIVE', 'VODAFONE.COM'),
(215, 'Active', 2642, 'CEI MAI HOTI ORANGE', 'ORANGE ROMANIA NETWORK', 'HARGITA-HOLDING.COM'),
(216, 'Active', 2642, 'HOTI DIGI.MOBIL', 'RCS & RDS S.A.', 'DECKNET.RO'),
(217, 'Active', 2826, 'TELEWARE', 'TELEWARE PLC', 'ABOVE.NET'),
(218, 'Active', 2040, 'GSM-R A', 'OEBB TELEKOM SERVICE GMBH', 'OEBBTEL.AT'),
(219, 'Active', 2840, 'SPROCKET', 'CROSS COMMUNICATIONS', '-'),
(220, 'Active', 2840, 'ARINC', 'ARINC', 'ARINC.COM'),
(221, 'Active', 2840, 'CONVEY', 'ALTIGEN COMMUNICATIONS INC.', 'ALTIGEN.COM'),
(222, 'Active', 2840, 'UNICEL', 'RURAL CELLULAR', 'UNICEL.COM'),
(223, 'Active', 2840, 'FIRST CELLULAR', 'FIRST CELLULAR OF SOUTHERN ILLINOIS', '-'),
(224, 'Active', 2840, 'XIT WIRELESS', 'XIT RURAL TELEPHONE COOPERATIVE INC.', 'XITCOMM.NET'),
(225, 'Active', 2840, 'GLOBALSTAR USA', 'GLOBALSTAR USA', 'GLOBALSTARUSA.COM'),
(226, 'Active', 2388, 'DIGICEL', 'DIGICEL JAMAICA', 'DIGICELJAMAICA.COM'),
(227, 'Active', 2840, 'EMERY TELCOM', 'EMERY TELCOM', 'EMERYTELCOM.COM'),
(228, 'Active', 2840, 'WORLDCALL', 'WORLDCALL INTERNET INC.', 'WORLDCALL.NET'),
(229, 'Active', 2840, 'WEST CENTRAL WIRELESS', 'WEST CENTRAL WIRELESS', 'WESTCENTRAL.COM'),
(230, 'Active', 2840, 'GCI COMMUNICATIONS CORP.', 'GCI COMMUNICATIONS CORP', 'GCI.COM'),
(231, 'Active', 2214, 'ORANGE', 'ORANGE DOMINICANA SA', 'ORANGE.COM.DO'),
(232, 'Active', 2044, 'BATELCO', 'THE BAHAMAS TELECOMMUNICATIONS COMPANY LTD.', 'BATELNET.BS'),
(233, 'Active', 2840, 'PLATEAU WIRELESS', 'PLATEAU LTD.', 'PLATEAULTD.COM'),
(234, 'Active', 2840, 'ADVANTAGE', 'ADVANTAGE CELLULAR', 'MCLEODUSA.NET'),
(235, 'Active', 2840, 'LONG LINES WIRELESS', 'LONG LINES INTERNET', 'LONGLINES.COM'),
(236, 'Active', 2214, 'CLARO', 'CODETEL', 'CODETEL.NET.DO'),
(238, 'Active', 2152, 'NEXTEL', 'NEXTEL CHILE', '-'),
(239, 'Active', 2882, 'DIGICEL', 'DIGICEL PACIFIC LTD', 'DIGICELPACIFIC.COM'),
(240, 'Active', 2585, 'PNCC', 'PALAU NATIONAL COMMUNICATION CORPORATION', 'PALAUNET.COM'),
(241, 'Active', 2840, 'CORR', 'CORR WIRELESS', 'CORRWIRELESS.COM'),
(242, 'Active', 2840, 'MID-RIVERS WIRELESS', 'MID-RIVERS TELEPHONE COOPERATIVE INC.', 'MIDRIVERS.COM'),
(243, 'Active', 2591, 'DIGICEL', 'DIGICEL (PANAMA) S.A', 'DIGICELPANAMA.NET'),
(244, 'Active', 2840, 'FARMERS CELLULAR', 'FARMERS TELEPHONE COOPERATIVE', 'SMEC.COOP'),
(245, 'Active', 2840, 'CLEARWIRE', 'CLEARWIRE US LLC', 'CLEAREWIRE.COM'),
(246, 'Active', 2124, 'DMTS', 'DMTS', 'DMTS.BIZ'),
(247, 'Active', 2840, 'PINPOINT', 'PINPOINT COMMUNICATIONS', 'PINPOINTDRILL.COM'),
(248, 'Active', 2840, 'CONESTOGA', 'CONESTOGA', 'AMERITECH.NET'),
(249, 'Active', 2052, 'LIME', 'CABLE & WIRELESS (BARBADOS) LIMITED', 'CWISP.COM.BB'),
(250, 'Active', 2308, 'CABLE & WIRELESS', 'CABLE & WIRELESS GRENADA', 'TIME4LIME.COM'),
(251, 'Active', 2670, 'CABLE & WIRELESS', 'CABLE & WIRELESS ST. VINCENT AND THE GRENADINES', '-'),
(252, 'Active', 2840, 'CELLULAR SOUTH INC', 'CELLULAR SOUTH', 'CELLULARSOUTH.COM'),
(253, 'Active', 2840, 'PANHANDLE', 'PANHANDLE TELECOMMUNICATIONS SYSTEMS INC.', 'PTSI.NET'),
(254, 'Active', 2840, 'WESTLINK', 'WESTLINK WIRELESS', '-'),
(255, 'Active', 2840, 'PACE', 'KAPLAN TELEPHONE COMPANY INC.', 'KAPLANTEL.NET'),
(256, 'Active', 2840, 'SPRINTCOM', 'SPRINT COM', '-'),
(257, 'Active', 2840, 'COLEMAN COUNTY TELECOM', 'COLEMAN COUNTY TELEPHONE COOPERATIVE INC.', 'WEB-ACCESS.NET'),
(258, 'Active', 2388, 'CLARO', 'OCEANIC DIGITAL JAMAICA', 'CLARO.COM.JM'),
(259, 'Active', 2840, 'CENTENNIAL', 'CENTENNIAL COMMUNCATIONS', 'CENTENNIALCORP.COM'),
(260, 'Active', 2840, 'ISMART MOBILE', 'ISMART LLC', '-'),
(261, 'Active', 2840, 'CHARITON VALLEY', 'CHARITON VALLEY TELEPHONE', 'CHARITONVALLEY.COM'),
(262, 'Active', 2710, 'SENTECH', 'SENTECH LTD', 'SENTECH.CO.ZA'),
(263, 'Active', 2840, 'I WIRELESS', 'IOWA WIRELESS', 'IWIRELESS.COM'),
(264, 'Active', 2840, 'CONSOLIDATED TELCOM', 'CONSOLIDATED TELCOM', 'CONSOLIDATEDTELCOM.COM'),
(265, 'Active', 2124, 'TELUS MOBILITY', 'TELUS MOBILITY', 'TELUSMOBILITY.COM'),
(266, 'Active', 2484, 'MOVISTAR', 'TELEFONICA MOVILES MEXICO', 'TELEFONICAMOVILES.COM.MX'),
(267, 'Active', 2320, 'MOVISTAR', 'TELEFONICA MOVILES GUATEMALA S.A.', 'TELEFONICA-CA.NET'),
(268, 'Active', 2840, 'KINETO WIRELESS', 'KINETO WIRELESS INC', 'SBCGLOBAL.NET'),
(269, 'Active', 2598, 'DIGICEL', 'DIGICEL PACIFIC LIMITED', 'DIGICELGROUP.COM'),
(270, 'Active', 2840, 'BEND CABLE', 'BEND CABLE COMMUNICATIONS LLC', 'BENDCABLEVOIP.NET'),
(271, 'Active', 2840, 'NORTHEAST WIRELESS ', 'NORTH EAST WIRELESS NETWORKS LLC', '-'),
(272, 'Active', 2840, 'SPACE DATA CORPORATION', 'SPACE DATA CORPORATION', 'STERLINGNETWORK.NET'),
(273, 'Active', 2840, 'CAROLINA WEST', 'CAROLINA WEST WIRELESS', 'CAROLINAWEST.COM'),
(274, 'Active', 2840, 'CELLULAR ONE OF EAST TEXAS', 'TX-11 ACQUISITION LLC DBA CELLULAR ONE OF EAST TEX', '-'),
(275, 'Active', 2124, 'BELL MOBILITY', 'BELL MOBILITY', 'SAVOIA.COM'),
(276, 'Active', 2124, 'BELL', 'BELL MOBILITY CELLULAR', 'BELL.CA'),
(277, 'Active', 2840, 'US CELLULAR', 'US CELLULAR', 'USCELLULAR.COM'),
(278, 'Active', 2840, 'UNITED STATES CELLULAR', 'UNITED STATES CELLULAR', '-'),
(279, 'Active', 2840, 'UBET WIRELESS', 'UBET WIRELESS', 'STRATANETWORKS.COM'),
(280, 'Active', 2840, 'ETEX COMMUNICATIONS', 'ETEX COMMUNICATIONS LP', 'STRATEGICFULFILLMENT.COM'),
(281, 'Active', 2840, 'NORTHWEST MISSOURI CELLULAR', 'NORTHWEST MISSOURI CELLULAR', 'NWMCELL.COM'),
(282, 'Active', 2124, 'SASKTEL', 'SASKTEL MOBILITY', 'SKMOBILITY.COM'),
(283, 'Active', 2840, 'I CAN_GSM', 'I CAN', 'AMERITECH.NET'),
(284, 'Active', 2028, 'APUA', 'APUA', 'APUA.AG'),
(285, 'Active', 2124, 'ROGERS WIRELESS', 'ROGERS WIRELESS', '-'),
(286, 'Active', 2840, 'AIRADIGM', 'AIRADIGM COMMUNICATIONS', 'USXCHANGE.NET'),
(287, 'Active', 2840, 'NEX-TECH', 'NEX-TECH WIRELESS LLC', 'NEX-TECHWIRELESS.COM'),
(288, 'Active', 2840, 'CINCINNATI BELL', 'CINCINNATI BELL WIRELESS', 'AMERITECH.NET'),
(289, 'Active', 2666, 'AMERIS', 'SPM TELECOM', 'SPMTELECOM.COM'),
(290, 'Active', 2840, 'STELERA WIRELESS', 'STELERA WIRELESS LLC.', 'STELERAWIRELESS.COM'),
(291, 'Active', 2840, 'ALLTEL', 'ALLTEL - AURORA', 'ALLTELWIRELESS.COM'),
(292, 'Active', 2388, 'LIME (FORMERLY KNOWN AS CABLE & WIRELESS)', 'CABLE & WIRELESS JAMAICA', 'CWJAMAICA.COM'),
(293, 'Active', 2124, 'WIND MOBILE', 'GLOBALIVE COMMUNICATIONS CORP', '-'),
(294, 'Active', 2840, 'COMMNET WIRELESS', 'COMMNET WIRELESS LLC', 'COMMNETWIRELESS.COM'),
(295, 'Active', 2840, 'EAST KENTUCKY NETWORK LLC', 'EAST KENTUCKY NETWORK LLC.', 'APPALACHIANWIRELESS.COM'),
(296, 'Active', 2840, 'MTPCS LLC', 'MTPCS LLC', 'CHINOOKWIRELESS.COM'),
(297, 'Active', 2840, 'CELLULAR NETWORK PARTNERSHIP', 'CELLULAR NETWORK INC', 'SBCGLOBAL.NET'),
(298, 'Active', 2840, 'ILLINOIS VALLEY CELLULAR', 'ILLINOIS VALLEY CELLULAR', 'MTCO.COM'),
(299, 'Active', 2804, 'MTS', 'UKRAINIAN MOBILE COMMUNICATIONS', 'UMC.NET.UA'),
(300, 'Active', 2398, 'BEELINE', 'LLP KAR-TEL', 'BEELINE.KZ'),
(301, 'Active', 2372, 'TESCO MOBILE', 'LIFFEY TELECOM LIMITED', 'O2.COM'),
(302, 'Active', 2804, 'PEOPLENET', 'TELESYSTEMS OF UKRAINE LLC', 'TELESYSTEMS.UA'),
(303, 'Active', 2705, 'TUÅ MOBIL', 'TUSMOBIL D.O.O.', 'TUSMOBIL.SI'),
(304, 'Active', 2040, '3', 'HUTCHISON 3G AUSTRIA GMBH', 'DREI.COM'),
(305, 'Active', 2208, '3', 'HI3G ACCESS AB', 'HI3GACCESS.SE'),
(306, 'Active', 2470, 'VODAFONE', 'VODAFONE MALTA', 'VODAFONE.COM.MT'),
(307, 'Active', 2031, 'NAR MOBILE', 'AZERFON LLC', 'AZERFON.AZ'),
(308, 'Active', 2716, 'ECONET', 'ECONET WIRELESS ZIMBABWE', 'ECOWEB.CO.ZW'),
(309, 'Active', 2643, 'SMARTS', 'PUBLIC-JOINT-STOCK COMPANY SMARTS', 'SAMARA-GSM.RU'),
(310, 'Active', 2616, 'SFERIA', 'SFERIA S.A.', 'SFERIA.PL'),
(311, 'Active', 2414, 'WATANIYA', 'WATANIYA TELECOM', 'WATANIYA.COM'),
(312, 'Active', 2643, 'INDIGO', 'INDIGO', 'INDIGOUSA.COM'),
(313, 'Active', 2203, 'U:FON', 'MOBILKOM A.S.', 'VODAFONE.CZ'),
(314, 'Active', 2372, 'VODAFONE', 'VODAFONE IRELAND LIMITED', 'VODAFONE.IE'),
(315, 'Active', 2688, 'MT:S', 'TELEKOM SRBIJA', 'TELEKOM.RS'),
(316, 'Active', 2008, 'VODAFONE', 'VODAFONE ALBANIA SH.A.', 'VODAFONE.COM'),
(317, 'Active', 2450, 'ORANGE', 'ORANGE MADAGASCAR NETWORK', '-'),
(318, 'Active', 2148, 'SALAM', 'SOTEL TCHAD', '-'),
(319, 'Active', 2231, 'ETHMTN', 'ETHIOPIAN TELECOMMUNICATIONS CORPORATION', '-'),
(320, 'Active', 2470, 'GO', 'MOBISLE COMMUNICATIONS LTD', 'GO.COM.MT'),
(321, 'Active', 2492, 'OFFICE DES TELEPHONES', 'MONACO TELECOM', 'MONACO-TELECOM.MC'),
(322, 'Active', 2643, 'SKYLINK', 'CJSC SARATOV SYSTEM OF CELLULAR COMMUNICATIONS', 'CCCC.RU'),
(323, 'Active', 2324, 'LAGUI', 'SOTELGUI S.A.', '-'),
(324, 'Active', 2300, 'WIND', 'Q TELECOMMUNICATIONS S.A.', 'WIND.COM.GR'),
(325, 'Active', 2643, 'BAYKALWESTCOM', 'CLOSED JOINT STOCK COMPANY BAYKALWESTCOM', 'BWC.RU'),
(326, 'Active', 2643, 'ETK', 'CLOSED JOINT STOCK COMPANY YENISEYTELECOM', 'ETK.RU'),
(327, 'Active', 2268, 'MAGTICOM', 'MAGTICOM LTD.', 'MAGTIGSM.GE'),
(328, 'Active', 2428, 'TRIATEL', 'TELEKOM BALTIJA - TRIATEL', '-'),
(329, 'Active', 2056, 'PROXIMUS', 'BELGACOM MOBILE', 'BELGACOM.BE'),
(330, 'Active', 2528, 'ZIGGO', 'ZIGGO CONSUMERS', 'ZIGGO.NL'),
(331, 'Active', 2250, 'TRANSATEL MOBILE', 'TRANSATEL SA', 'TRANSATEL.COM'),
(332, 'Active', 2048, 'BATELCO', 'BAHRAIN TELECOMMUNICATIONS COMPANY', 'BATELCO.COM.BH'),
(333, 'Active', 2752, 'TELE2', 'TELE2 INTERNET PROVIDER', 'TELE2.EE'),
(334, 'Active', 2276, 'ARCOR AG & CO.', 'ARCOR AG & CO', 'HERRENHAEUSER.DE'),
(335, 'Active', 2642, 'HOTI ROMTELECOM', 'ROMTELECOM S.A.', 'ROMTELECOM.RO'),
(336, 'Active', 2705, 'T-2', 'T-2 D.O.O.', 'T-2.NET'),
(337, 'Active', 2100, 'GLOBUL', 'COSMO BULGARIA MOBILE EAD', 'GLOBUL.BG'),
(338, 'Active', 2642, 'HOTI COSMOTE', 'COSMOTE ROMANIAN MOBILE TELECOMMUNICATIONS', '-'),
(339, 'Active', 2620, 'VODAFONE', 'VODAFONE PORTUGAL', '-'),
(340, 'Active', 2233, 'ELISA', 'ELISA EESTI AS', 'ELISA.EE'),
(341, 'Active', 2233, 'TELE 2', 'TELE2 EESTI AS', 'ESTPAK.EE'),
(342, 'Active', 2643, 'NCC', 'CLOSED JOINT-STOCK COMPANY NIZHEGORODSKAYA CELLULAR COMMUNICATIONS', 'NCC-VOLGA.RU'),
(343, 'Active', 2578, 'NETWORK NORWAY', 'NETWORK NORWAY AS', 'NETWORKNORWAY.NO'),
(344, 'Active', 2428, 'TELE2', 'TELE2 INTERNET PROVIDER', 'TELE2.EE'),
(345, 'Active', 2268, 'GEOCELL', 'GEOCELL LTD.', 'GEOCELL.GE'),
(346, 'Active', 2268, 'BEELINE', 'MOBITEL LLC', '-'),
(347, 'Active', 2417, 'BEELINE', 'SKYMOBILE LTD', '-'),
(348, 'Active', 2752, 'SWEDEN 3G', 'SVENSKA UMTS-NAT AB', 'TELIA.COM'),
(349, 'Active', 2826, 'TRUPHONE', 'SOFTWARE CELLULAR NETWORK LTD', 'TRUPHONE.COM'),
(350, 'Active', 2368, 'ASIA CELL', 'ASIACELL COMMUNICATIONS LLC', 'ASIACELL.COM'),
(351, 'Active', 2752, 'DJUICE', 'TELENOR', 'TELENOR.COM'),
(352, 'Active', 2826, '3', 'HUTCHISON 3G UK LIMITED', 'ERICSSON.COM'),
(353, 'Active', 2643, 'YOTA', 'SCARTEL LTD.', 'SCARTEL.RU'),
(354, 'Active', 2376, 'WATANIYA', 'WATANIYA PALESTINE MOBILE TELECOMMUNICATION COMPANY LTD', 'WATANIYA.PS'),
(355, 'Active', 2643, 'MTS', 'MOBILE TELESYSTEMS OJSC', 'MTSNET.RU'),
(356, 'Active', 2807, 'T-MOBILE MK', 'INTERNET SUBNET OF T-MOBILE MACEDONIA', '-'),
(357, 'Active', 2840, 'TOTALSOLUTIONS TELECOM', 'SOLUTION TELECOM TOTAL', 'OPTONLINE.NET'),
(358, 'Active', 2840, 'AMERILINK PCS', 'CHOICE WIRELESS INC', '-'),
(359, 'Active', 2840, 'PETROCOM', 'BROADPOINT INC', 'BROADPOINTINC.COM'),
(360, 'Active', 2840, 'CONNECT NET INC', 'CONNECT NET INC', 'SBCGLOBAL.NET'),
(361, 'Active', 2144, 'AIRTEL', 'BHARTI AIRTEL LANKA PVT. LIMITED', 'AIRTE.LK'),
(362, 'Active', 2356, 'RELIANCE', 'RELIANCE COMMUNICATIONS LTD', 'RCOM.CO.IN'),
(363, 'Active', 2418, 'ETL', 'ENTERPRISE OF TELECOMMUNICATIONS LAO', 'ETLLAO.COM'),
(364, 'Active', 2144, 'DIALOG', 'DIALOG TELEKOM - HNB TOWERS', '-'),
(365, 'Active', 2360, 'ESIA', 'PT. BAKRIE TELECOM TBK', 'BTEL.NET.ID'),
(366, 'Active', 2356, 'VIDEOCON DATACOM', 'VIDEOCON', 'VIDEOCONWORLD.COM'),
(367, 'Active', 2360, '3', 'PT HUTCHISON CP TELECOMMUNICATIONS', 'IPNET.NET.ID'),
(368, 'Active', 2004, 'ETISALAT', 'ETISALAT ARGHANISTAN', '-'),
(369, 'Active', 2004, 'ROSHAN', 'TELECOM DEVELOPMENT COMPANY AFGHANISTAN LTD.', '-'),
(370, 'Active', 2496, 'MOBICOM', 'MOBICOM CORPORATION', '-'),
(371, 'Active', 2454, 'ZAIN', 'ZAIN MALAWI', 'ZAIN.COM'),
(372, 'Active', 2762, 'MLT', 'CLOSED JOINT STOCK COMPANY TT MOBILE', 'MEGAFON.TJ'),
(373, 'Active', 2578, 'TELE2', 'MOBILE NORWAY AS', '-'),
(374, 'Active', 2704, 'BEELINE VN', 'GTEL MOBILE JOIN STOCK COMPANY', '-'),
(375, 'Active', 2360, 'XL', 'MOBILE USER - GPRS XL', '-'),
(376, 'Active', 2548, 'SMILE', 'VANUATU TELECOM', 'COM.VU'),
(377, 'Active', 2704, 'VINAPHONE', '3G + GPRS VINAPHONE', 'VINAPHONE.COM.VN'),
(378, 'Active', 2360, 'STARONE', 'PT INDOSAT TBK.', '16CNOOC.CO.ID'),
(379, 'Active', 2116, 'MFONE', 'CAMBODIA SHINAWATRA CO. LTD.', '-'),
(380, 'Active', 2608, 'SUN', 'DIGITAL TELECOMMUNICATIONS PHILS. INC.', 'SKYFREIGHT.COM.PH'),
(381, 'Active', 2554, 'XT MOBILE NETWORK', 'TELECOM NEW ZEALAND LIMITED', 'TELECOM.CO.NZ'),
(382, 'Active', 2702, 'SINGTEL', 'SINGAPORE TELECOMMUNICATIONS PTE LTD', 'SINGTEL.COM'),
(383, 'Active', 2360, 'PSN', 'PT. PASIFIK SATELIT NUSANTARA', 'SHOWA.CO.ID'),
(384, 'Active', 2554, 'WOOSH', 'WOOSH WIRELESS', 'QUICKSILVER.NET.NZ'),
(385, 'Active', 2116, 'QB', 'CADCOMMS', '-'),
(386, 'Active', 2064, 'TASHICELL', 'TASHICELL PRIVATE INFRASTRCUTURE', 'TASHICELL.COM'),
(387, 'Active', 2554, '2DEGREES', '2DEGREES MOBILE LIMITED', 'NZCOMMS.CO.NZ'),
(388, 'Active', 2064, 'B-MOBILE', 'DRUKNET BHUTAN TELECOM', 'DRUKNET.BT'),
(389, 'Active', 2050, 'GRAMEENPHONE', 'GRAMEENPHONE LTD.', 'GRAMEENPHONE.COM'),
(390, 'Active', 2586, 'MOBILINK', 'MOBILINK', 'MOBILINKGSM.COM'),
(391, 'Active', 2356, 'VODAFONE', 'VODAFONE ESSAR LIMITED', 'VODAFONE.IN'),
(392, 'Active', 2458, 'U MOBILE', 'U MOBILE SDN BHD', 'U.COM.MY'),
(393, 'Active', 2360, 'AXIS', 'SERIAL PT NATRINDO TELEPON SELULER', '-'),
(394, 'Active', 2360, 'INDOSAT', 'PT.INDOSAT TBK.- CDMA STARONE SURABAYA DIVISION', 'INDOSAT.COM'),
(395, 'Active', 2360, 'SMART', 'PT. SMART TBK', '-'),
(396, 'Active', 2356, 'LOOP MOBILE', 'LAN IP BLOCK FOR LOOP TELECOM LTD', 'TULIPCONNECT.COM'),
(397, 'Active', 2056, 'BASE', 'KPN GROUP BELGIUM NV/SA', 'KPNGROUP.BE'),
(398, 'Active', 2484, 'TELCEL', 'RADIOMOVIL DIPSA S.A. DE C.V.', 'ITELCEL.COM'),
(399, 'Active', 2528, 'ASPIDER', 'ASPIDER SOLUTIONS INTERNATIONAL LTD.', 'ASPIDERSOLUTIONS.COM'),
(400, 'Active', 2428, 'LMT', 'LATVIJAS MOBILAIS TELEFONS SIA', 'LMT.LV'),
(401, 'Active', 2840, 'LIGHTSQUARED', 'LIGHTSQUARED', 'PLASA.ORG'),
(402, 'Active', 2068, 'ENTEL', 'ENTEL S.A.', 'ENTEL.BO'),
(403, 'Active', 2032, 'MOVISTAR', 'TELEFONICA MOVILES ARGENTINA S.A.', 'TELEFONICA.COM.AR'),
(404, 'Active', 2600, 'CLARO', 'AMX PARAGUAY SA', 'TELMEX.NET.AR'),
(405, 'Active', 2032, 'CLARO', 'AMX ARGENTINA S.A.', 'CLARO.COM.AR'),
(406, 'Active', 2858, 'CLARO', 'AMWIRELESS URUGUAY SA', 'TELMEX.NET.AR'),
(407, 'Active', 2840, 'METRO PCS WIRELESS INC', 'METROPCS WIRELESS INC.', '-'),
(408, 'Active', 2076, 'OI', 'BRASIL TELECOM S/A - FILIAL DISTRITO FEDERAL', 'BRASILTELECOM.NET.BR'),
(409, 'Active', 2076, 'VIVO', 'VIVO S.A.', 'VIVO.COM.BR'),
(410, 'Active', 2076, 'TIM', 'TIM BRASIL', '-'),
(411, 'Active', 2076, 'CLARO BR', 'CLARO S/A', 'CLARO.NET.BR'),
(412, 'Active', 2076, 'CTBC CELULAR', 'CIA DE TELECOMUNICACOES DO BRASIL CENTRAL', '-'),
(413, 'Active', 2643, 'MOTIV', 'MOTIV TELECOM INFRASTRUCTURE ALLOCATION PPPOE PERM POP', '-'),
(414, 'Active', 2152, 'CLARO', 'CLARO CHILE S.A.', 'CLAROCHILE.CL'),
(415, 'Active', 2604, 'CLARO', 'AMERICA MOVIL PERU S.A.C.', 'CLARO.COM.PE'),
(416, 'Active', 2858, 'ANCEL', 'ANCEL', 'ANCELGLINK.COM'),
(417, 'Active', 2068, 'NUEVATEL', 'NUEVATEL PCS DE BOLIVIA S.A.', 'NUEVATEL.COM'),
(418, 'Active', 2032, 'PERSONAL', 'TELECOM PERSONAL BS AS', 'NET.AR'),
(419, 'Active', 2862, 'MOVILNET', 'TELECOMUNICACIONES MOVILNET', 'MOVILNET.COM.VE'),
(420, 'Active', 2170, 'MOVISTAR', 'TELEFONICA MOVILES COLOMBIA', 'MOVISTAR.CO'),
(421, 'Active', 2600, 'TIGO', 'TELECEL', '-'),
(422, 'Active', 2170, 'CLARO', 'TELMEX COLOMBIA S.A.', 'TELMEX.COM'),
(423, 'Active', 2604, 'MOVISTAR', 'TELEFONICA DEL PERU S.A.A.', 'TELEFONICA.COM.PE'),
(424, 'Active', 2068, 'TIGO', 'TELEFONICA CELULAR DE BOLIVIA S.A.', 'WIMAXTIGO.BO'),
(425, 'Inactive', 2170, 'COMCEL', 'COMCEL', 'COMCEL.COM'),
(426, 'Active', 2152, 'ENTEL', 'TELEFONICA MOVIL DE CHILE S.A.', 'TELEFONICA.COM'),
(427, 'Active', 2222, 'MOVISTAR', 'TELEFONICA MOVILES EL SALVADOR S.A. DE C.V.', '-'),
(428, 'Active', 2340, 'HONDUTEL', 'HONDUTEL', 'HONDUTEL.HN'),
(429, 'Active', 2170, 'EDATEL', 'EDATEL S.A. E.S.P', 'EDATEL.COM.CO'),
(430, 'Active', 2340, 'TIGO', 'TELEFONICA CELULAR S.A', 'TIGO.COM.HN'),
(431, 'Active', 2858, 'MOVISTAR', 'TELEFONICA MOVILES DEL URUGUAY SA', 'MOVINET.COM.UY'),
(432, 'Active', 2862, 'MOVISTAR', 'MOVISTAR', 'TELCEL.NET.VE'),
(433, 'Active', 2188, 'CLARO', 'CLARO CR TELECOMUNICACIONES S.A.', 'INTELNET.NET.GT'),
(434, 'Active', 2218, 'MOVISTAR', 'OTECEL S.A.', 'CONFEP.ORG.EC'),
(435, 'Active', 2591, 'CABLE & WIRELESS', 'CABLE & WIRELESS PANAMA', 'CW.COM'),
(436, 'Active', 2188, 'MOVISTAR', 'TELEFONICA DE COSTA RICA TC SA', '-'),
(437, 'Active', 2214, 'TRICOM', 'TRICOM', 'TRICOM.NET'),
(438, 'Active', 2152, 'VTR MOVIL', 'VTR BANDA ANCHA S.A.', 'VTR.NET'),
(439, 'Active', 2862, 'DIGITEL', 'CORPORACION DIGITEL C.A.', 'DIGITEL.NET.VE'),
(440, 'Active', 2076, 'SERCOMTEL', 'INTERNET BY SERCOMTEL S.A.', 'SERCOMTEL.COM.BR'),
(441, 'Active', 2076, 'NEXTEL', 'NEXTEL TELECOMUNICATIES LTDA.', '-'),
(442, 'Active', 2222, 'CTE TELECOM PERSONAL', 'CTE S.A. DE C.V.', '-'),
(443, 'Active', 2328, 'GT&T CELLINK PLUS', 'GUYANA TELEPHONE & TELEGRAPH CO.', 'GOL.NET.GY'),
(444, 'Active', 2152, 'WILL', 'WILL S.A', '-'),
(445, 'Inactive', 2218, 'ALEGRO', 'TELECSA S.A.', '-'),
(446, 'Active', 2246, 'NOKIA', 'NOKIA GROUP NETWORKS', '-'),
(447, 'Active', 2752, 'SPRING MOBIL', 'TELE2 AB', 'TELE2.NET'),
(448, 'Active', 2788, 'TUNICELL', 'TUNISIE TELECOM BB-NETWORK', '-'),
(449, 'Active', 2417, 'FONEX', 'AKTEL LTD.', 'AKTEL.KG'),
(450, 'Active', 2056, 'MOBISTAR', 'KPN ORANGE NV', '-'),
(451, 'Active', 2478, 'MAURITEL', 'MAURITEL', 'OPT.MR'),
(452, 'Active', 2276, 'DEBITEL', 'DEBITEL AG', '-'),
(453, 'Active', 2208, 'TELIA', 'TELIA NETTJENSTER NORDEN AB', 'TELIA.NET'),
(454, 'Active', 2620, 'OPTIMUS', 'SONAECOM-SERVICOS DE COMINUCACAO SA', 'NOVIS.PT'),
(455, 'Active', 2417, 'O!', 'NURTELECOM LLC.', 'O.KG'),
(456, 'Active', 2756, 'ORANGE', 'ORANGE COMMUNICATION SA', 'ORANGE.CH'),
(457, 'Active', 2752, 'MOBISIR', 'TRAFIKVERKET', 'TELIA.COM'),
(458, 'Active', 2616, 'CYFROWY POLSAT', 'CYFROWY POLSAT S.A', 'MPUNKT.PL'),
(459, 'Active', 2398, 'MOBILE TELECOM SERVICE', 'MOBILE TELECOM SERVICE LTD.', '-'),
(460, 'Active', 2834, 'VODACOM', 'VODACOM TANZANIA', '-'),
(461, 'Active', 2840, 'IOWA WIRELESS SERVICES LLC', 'IOWA WIRELESS SERVICES', 'IWSPCS.NET'),
(462, 'Active', 2780, 'DIGICEL', 'DIGICEL TRINIDAD AND TOBAGO LTD.', '-'),
(463, 'Active', 2052, 'DIGICEL', 'DIGICEL BARBADOS LIMITED', 'DIGICELJAMAICA.COM'),
(464, 'Active', 2152, 'MOVISTAR', 'MOVISTAR', '-'),
(465, 'Active', 2604, 'NEXTEL', 'NEXTEL', 'NEXTEL.COM'),
(466, 'Active', 2484, 'NEXTEL', 'NEXTEL DE MEXICO S.A. DE C.V.', 'NEXTELINTERNATIONAL.COM'),
(467, 'Active', 2222, 'DIGICEL', 'DIGICELGROUP EL SALVADOR', '-'),
(468, 'Active', 2591, 'MOVISTAR', 'TELEFONICA MOVILES PANAMA S.A.', '-'),
(469, 'Active', 2600, 'VOX', 'HOLA PARAGUAY S.A. - VOX', 'VOX.COM.PY'),
(470, 'Active', 2090, 'BREEZE', 'SOLOMON TELEKOM COMPANY LTD', 'TELEKOM.NET.SB'),
(471, 'Active', 2296, 'KIRIBATI FRIGATE', 'TSKL', '-'),
(472, 'Active', 2764, 'TOT 3G', 'TELEPHONE ORGANIZATION OF THAILAND', '-'),
(473, 'Active', 2360, 'CERIA', 'PT SAMSUNG TELECOM INDONESIA', '-'),
(474, 'Active', 2704, 'VIETNAMOBILE', 'HANOI TELECOM CORPORATION', '-'),
(475, 'Active', 2586, 'TELENOR', 'TELENOR PAKISTAN', 'TELENOR.COM.PK'),
(476, 'Active', 2096, 'B-MOBILE', 'BRUNEI 3G MOBILE SERVICE PROVIDER', 'BMOBILE.COM.BN'),
(477, 'Active', 2050, 'ROBI', 'AXIATA BANGLADESH', '-'),
(478, 'Active', 2360, 'FREN/HEPI', 'MOBILE-8 PT.', '-'),
(479, 'Active', 2462, 'WATANIYA', 'WATANIYA TELECOM MALDIVES', '-'),
(480, 'Active', 2764, 'AIS GSM 1800', 'DIGITAL PHONE COMPANY-NETWORK', 'LCIT.COM'),
(481, 'Active', 2704, '3G EVNTELECOM', 'EVN VIETNAM', 'EVN.COM.VN'),
(482, 'Active', 2144, 'ETISALAT', 'ETISALAT LANKA (PRIVATE) LTD', '-'),
(483, 'Active', 2124, 'TBAY', 'THUNDER BAY TELEPHONE', 'TBAYTEL.NET'),
(484, 'Active', 2124, 'MICROCELL', 'MICROCELL I5 INC.', 'MICROCELLI5.COM'),
(485, 'Active', 2124, 'MTS', 'MTS INTERNET', 'INTEGRA-INC.COM'),
(486, 'Active', 2840, 'FISHER WIRELESS SERVICES INC', 'FISHER WIRELESS SERVICES INC.', '-'),
(487, 'Active', 2840, 'AIRTEL', 'AIRTEL WIRELESS', 'AIRTELWIRELESS.COM'),
(488, 'Active', 2028, 'LIME', 'CABLE & WIRELESS ANTIGUA', '-'),
(489, 'Active', 2072, 'BTC MOBILE', 'BTC', 'INTELACOM.COM'),
(490, 'Active', 2840, 'SIMMETRY', 'TMP CORPORATION DBA SIMMETRY COMMUNICATIONS', 'SIMMETRYPCS.COM'),
(491, 'Active', 2124, 'GLOBALSTAR', 'GLOBALSTAR', 'GLOBALSTAR.COM'),
(492, 'Active', 2840, 'ARCTIC SLOPE', 'ARCTIC SLOPE TELEPHONE ASSOCIATION COOPERATIVE INC.', 'ASTAC.NET'),
(493, 'Active', 2840, 'CAPROCK', 'CAPROCK COMMUNICATIONS INC.', '-'),
(494, 'Active', 2840, 'TELECOM NORTH AMERICA', 'TELECOM NORTH AMERICA MOBILE INC.', '-'),
(495, 'Active', 2368, 'ZAIN IQ', 'ZAIN IRAQ', '-'),
(496, 'Active', 2780, 'BMOBILE', 'TSTT MOBILE SERVICES - GPRS', 'TSTT.CO.TT'),
(497, 'Active', 2608, 'SMART', 'PHILIPPINE LONG DISTANCE TELEPHONE COMPANY', 'SSD.ORG'),
(498, 'Active', 2356, 'BSNL MOBILE', 'BSNL MOBILE WING VAS-1 SECTION', 'BSNL.CO.IN'),
(499, 'Active', 2270, 'GAMCEL', 'GAMBIA TELECOMMUNICATIONS COMPANY LTD', '-'),
(500, 'Active', 2470, 'MELITA', 'MELITA MOBILE NETWORK', '-'),
(501, 'Active', 2724, 'BT ESPANA COMPANIA DE SERVICIOS GLOBALES DE', 'BT ESPANA COMPANIA DE SERVICIOS GLOBALES DE TELECOMUNICACIONES SA', 'BT.ES'),
(502, 'Active', 2276, 'AIRDATA AG', 'AIRDATA AG', 'AIRDATA.AG'),
(503, 'Active', 2834, 'ZANTEL', 'ZANZIBAR TELECOM (ZANTEL) LTD', '-'),
(504, 'Active', 2372, 'METEOR', 'METEOR MOBILE COMMUNICATIONS IP NETWORK', 'MYMETEOR.IE'),
(505, 'Active', 2438, 'FL1', 'MOBILKOM LIECHTENSTEIN AG', '-'),
(506, 'Active', 2268, 'IBERIATEL', 'LTD IBERIA PLUS', '-'),
(507, 'Active', 2499, 'M:TEL CG', 'M:TEL CG', '-'),
(508, 'Active', 2442, 'LUXGSM', 'P&T LUXEMBOURG', 'FREESUN.BE'),
(509, 'Active', 2188, 'ICE', 'ICE', 'ICE.GOV'),
(510, 'Active', 2840, 'WEST CENTRAL', 'WEST CENTRAL TELEPHONE ASSN', 'WCTA.NET'),
(511, 'Active', 2762, 'TCELL', 'CJSC JV SOMONCOM', 'SOMONCOM.COM'),
(512, 'Active', 2688, 'TELENOR', 'TELENOR DOO BELGRADE SERBIA', 'TELENOR.RS'),
(513, 'Active', 2643, 'UTEL', 'UTEL', 'TELE2.COM'),
(514, 'Active', 2356, 'CELLONE', 'CELLONE BSNL', '-'),
(515, 'Active', 2170, 'TIGO', 'COLOMBIA MOVIL SA ESP', 'TIGO.COM.CO'),
(516, 'Active', 2600, 'PERSONAL', 'NUCLEO SA', 'PERSONAL.COM.PY'),
(519, 'Active', 2620, 'MEO', 'PORTUGAL TELECOM SA', 'MEO.PT'),
(520, 'Active', 2218, 'CLARO', 'CONECEL SA', 'CLARO.COM.EC'),
(521, 'Active', 2591, 'CLARO', 'CLARO PANAMA SA', 'CLARO.COM.PA');

--
-- Dumping data for table `currency`
--

INSERT INTO `currency` (`id`, `date`, `ARS`, `EUR`, `BRL`, `GBP`) VALUES
(7, '2014-08-25 04:00:00', '8.394', '0.758', '2.286', '0.603'),
(8, '2014-09-01 04:00:00', '8.398', '0.762', '2.250', '0.603');

--
-- Dumping data for table `opportunities`
--

INSERT INTO `opportunities` (`id`, `carriers_id`, `rate`, `model_adv`, `product`, `account_manager_id`, `comment`, `country_id`, `wifi`, `budget`, `server_to_server`, `startDate`, `endDate`, `ios_id`, `freq_cap`, `imp_per_day`, `imp_total`, `targeting`, `sizes`, `channel`, `channel_description`) VALUES
(7, 405, '4.00', 'CPA', '', 7, '', 2032, 0, '0.00', 'tid', '0000-00-00 00:00:00', '0000-00-00 00:00:00', 29, '', NULL, NULL, '', '', '', NULL),
(8, 403, '5.00', 'CPA', '', 7, NULL, 2032, 0, '0.00', 'tid', '0000-00-00 00:00:00', '0000-00-00 00:00:00', 29, NULL, NULL, NULL, NULL, NULL, NULL, NULL),
(9, 418, '7.70', 'CPA', '', 7, NULL, 2032, 0, '0.00', 'tid', '0000-00-00 00:00:00', '0000-00-00 00:00:00', 29, NULL, NULL, NULL, NULL, NULL, NULL, NULL),
(10, NULL, NULL, 'CPA', '', 7, '', 2032, 0, '0.00', 'tid', '0000-00-00 00:00:00', '0000-00-00 00:00:00', 29, '', NULL, NULL, '', '', '', NULL),
(11, 431, '1.00', 'CPA', '', 7, NULL, 2858, 0, '0.00', 'ktoken', '0000-00-00 00:00:00', '0000-00-00 00:00:00', 44, NULL, NULL, NULL, NULL, NULL, NULL, NULL),
(12, 406, '1.00', 'CPA', '', 7, NULL, 2858, 0, '0.00', 'ktoken', '0000-00-00 00:00:00', '0000-00-00 00:00:00', 44, NULL, NULL, NULL, NULL, NULL, NULL, NULL),
(13, 403, '1.60', 'CPA', '', 7, NULL, 2032, 0, '0.00', 'user_token', '0000-00-00 00:00:00', '0000-00-00 00:00:00', 31, NULL, NULL, NULL, NULL, NULL, NULL, NULL),
(14, 418, '1.60', 'CPA', '', 7, NULL, 2032, 0, '0.00', 'user_token', '0000-00-00 00:00:00', '0000-00-00 00:00:00', 31, NULL, NULL, NULL, NULL, NULL, NULL, NULL),
(15, 49, '1.80', 'CPA', '', 7, NULL, 2484, 0, '0.00', 'user_token', '0000-00-00 00:00:00', '0000-00-00 00:00:00', 32, NULL, NULL, NULL, NULL, NULL, NULL, NULL),
(17, 414, '0.80', 'CPA', '', 7, NULL, 2152, 0, '0.00', 'user_token', '0000-00-00 00:00:00', '0000-00-00 00:00:00', 32, NULL, NULL, NULL, NULL, NULL, NULL, NULL),
(18, 398, '2.00', 'CPA', '', 7, NULL, 2484, 0, '0.00', 'user_token', '0000-00-00 00:00:00', '0000-00-00 00:00:00', 32, NULL, NULL, NULL, NULL, NULL, NULL, NULL),
(19, 418, '15.00', 'CPA', '', 7, NULL, 2032, 0, '0.00', 'ktoken', '0000-00-00 00:00:00', '0000-00-00 00:00:00', 20, NULL, NULL, NULL, NULL, NULL, NULL, NULL),
(20, 403, '15.00', 'CPA', '', 7, NULL, 2032, 0, '0.00', 'ktoken', '0000-00-00 00:00:00', '0000-00-00 00:00:00', 20, NULL, NULL, NULL, NULL, NULL, NULL, NULL),
(21, 405, '8.00', 'CPA', '', 7, NULL, 2032, 0, '0.00', 'ktoken', '0000-00-00 00:00:00', '0000-00-00 00:00:00', 20, NULL, NULL, NULL, NULL, NULL, NULL, NULL),
(22, NULL, NULL, 'CPA', '', 7, NULL, 2032, 0, '0.00', 'ktoken', '0000-00-00 00:00:00', '0000-00-00 00:00:00', 20, NULL, NULL, NULL, NULL, NULL, NULL, NULL),
(23, 422, '2.00', 'CPA', 'Semanal', 7, NULL, 2170, 0, '0.00', 'ktoken', '0000-00-00 00:00:00', '0000-00-00 00:00:00', 21, NULL, NULL, NULL, NULL, NULL, NULL, NULL),
(24, 422, '1.00', 'CPA', 'Diario', 7, NULL, 2170, 0, '0.00', 'ktoken', '0000-00-00 00:00:00', '0000-00-00 00:00:00', 21, NULL, NULL, NULL, NULL, NULL, NULL, NULL),
(25, 398, '5.00', 'CPA', '', 7, NULL, 2484, 0, '0.00', 'ktoken', '0000-00-00 00:00:00', '0000-00-00 00:00:00', 21, NULL, NULL, NULL, NULL, NULL, NULL, NULL),
(26, NULL, '4.00', 'CPA', '', 7, NULL, 2826, 0, '0.00', 'ktoken', '0000-00-00 00:00:00', '0000-00-00 00:00:00', 18, NULL, NULL, NULL, NULL, NULL, NULL, NULL),
(27, NULL, '13.00', 'CPA', 'Musiklub', 7, NULL, 2380, 0, '0.00', 'mediaInfo', '0000-00-00 00:00:00', '0000-00-00 00:00:00', 38, NULL, NULL, NULL, NULL, NULL, NULL, NULL),
(28, NULL, '11.00', 'CPA', 'Joliess', 7, NULL, 2380, 0, '0.00', 'mediaInfo', '0000-00-00 00:00:00', '0000-00-00 00:00:00', 38, NULL, NULL, NULL, NULL, NULL, NULL, NULL),
(29, NULL, '13.00', 'CPA', 'Bestgame', 7, NULL, 2380, 0, '0.00', 'mediaInfo', '0000-00-00 00:00:00', '0000-00-00 00:00:00', 38, NULL, NULL, NULL, NULL, NULL, NULL, NULL),
(30, NULL, '12.00', 'CPA', 'Palmago', 7, NULL, 2380, 0, '0.00', 'mediaInfo', '0000-00-00 00:00:00', '0000-00-00 00:00:00', 38, NULL, NULL, NULL, NULL, NULL, NULL, NULL),
(31, NULL, '25.00', 'CPA', 'Palmago', 7, NULL, 2250, 0, '0.00', 'mediaInfo', '0000-00-00 00:00:00', '0000-00-00 00:00:00', 38, NULL, NULL, NULL, NULL, NULL, NULL, NULL),
(32, 406, '1.20', 'CPA', '', 11, NULL, 2858, 0, '0.00', 'ktoken', '0000-00-00 00:00:00', '0000-00-00 00:00:00', 34, NULL, NULL, NULL, NULL, NULL, NULL, NULL),
(33, 431, '1.20', 'CPA', '', 11, NULL, 2858, 0, '0.00', 'ktoken', '0000-00-00 00:00:00', '0000-00-00 00:00:00', 34, NULL, NULL, NULL, NULL, NULL, NULL, NULL),
(34, NULL, '1.20', 'CPA', '', 11, NULL, 2858, 0, '0.00', 'ktoken', '0000-00-00 00:00:00', '0000-00-00 00:00:00', 34, NULL, NULL, NULL, NULL, NULL, NULL, NULL),
(35, 418, '0.85', 'CPA', '', 11, NULL, 2032, 0, '0.00', 'ktoken', '0000-00-00 00:00:00', '0000-00-00 00:00:00', 42, NULL, NULL, NULL, NULL, NULL, NULL, NULL),
(36, 403, '0.85', 'CPA', '', 11, NULL, 2032, 0, '0.00', 'ktoken', '0000-00-00 00:00:00', '0000-00-00 00:00:00', 42, NULL, NULL, NULL, NULL, NULL, NULL, NULL),
(37, 405, '0.85', 'CPA', '', 11, NULL, 2032, 0, '0.00', 'ktoken', '0000-00-00 00:00:00', '0000-00-00 00:00:00', 42, NULL, NULL, NULL, NULL, NULL, NULL, NULL),
(38, NULL, '0.85', 'CPA', '', 11, NULL, 2032, 0, '0.00', 'ktoken', '0000-00-00 00:00:00', '0000-00-00 00:00:00', 42, NULL, NULL, NULL, NULL, NULL, NULL, NULL),
(39, 409, '1.40', 'CPA', '', 11, NULL, 2076, 0, '0.00', 'user_token', '0000-00-00 00:00:00', '0000-00-00 00:00:00', 32, NULL, NULL, NULL, NULL, NULL, NULL, NULL),
(40, 411, '1.40', 'CPA', '', 11, NULL, 2076, 0, '0.00', 'user_token', '0000-00-00 00:00:00', '0000-00-00 00:00:00', 32, NULL, NULL, NULL, NULL, NULL, NULL, NULL),
(41, 410, '1.40', 'CPA', '', 11, NULL, 2076, 0, '0.00', 'user_token', '0000-00-00 00:00:00', '0000-00-00 00:00:00', 32, NULL, NULL, NULL, NULL, NULL, NULL, NULL),
(42, 408, '1.40', 'CPA', '', 11, NULL, 2076, 0, '0.00', 'user_token', '0000-00-00 00:00:00', '0000-00-00 00:00:00', 32, NULL, NULL, NULL, NULL, NULL, NULL, NULL),
(43, NULL, '1.40', 'CPA', '', 11, NULL, 2076, 0, '0.00', 'user_token', '0000-00-00 00:00:00', '0000-00-00 00:00:00', 32, NULL, NULL, NULL, NULL, NULL, NULL, NULL),
(44, 422, '1.40', 'CPA', '', 11, NULL, 2170, 0, '0.00', 'user_token', '0000-00-00 00:00:00', '0000-00-00 00:00:00', 32, NULL, NULL, NULL, NULL, NULL, NULL, NULL),
(45, 515, '1.40', 'CPA', '', 11, NULL, 2170, 0, '0.00', 'user_token', '0000-00-00 00:00:00', '0000-00-00 00:00:00', 32, NULL, NULL, NULL, NULL, NULL, NULL, NULL),
(46, NULL, '1.40', 'CPA', '', 11, NULL, 2170, 0, '0.00', 'user_token', '0000-00-00 00:00:00', '0000-00-00 00:00:00', 32, NULL, NULL, NULL, NULL, NULL, NULL, NULL),
(47, 409, '1.20', 'CPA', '', 11, NULL, 2076, 0, '0.00', 'key', '0000-00-00 00:00:00', '0000-00-00 00:00:00', 28, NULL, NULL, NULL, NULL, NULL, NULL, NULL),
(48, 411, '1.20', 'CPA', '', 11, NULL, 2076, 0, '0.00', 'key', '0000-00-00 00:00:00', '0000-00-00 00:00:00', 28, NULL, NULL, NULL, NULL, NULL, NULL, NULL),
(49, NULL, '2.00', 'CPA', '', 11, NULL, 2076, 1, '0.00', 'ktoken', '0000-00-00 00:00:00', '0000-00-00 00:00:00', 26, NULL, NULL, NULL, NULL, NULL, NULL, NULL),
(50, NULL, '2.00', 'CPA', '', 11, NULL, 2032, 1, '0.00', 'ktoken', '0000-00-00 00:00:00', '0000-00-00 00:00:00', 26, NULL, NULL, NULL, NULL, NULL, NULL, NULL),
(51, NULL, '2.00', 'CPA', '', 11, NULL, 2170, 1, '0.00', 'ktoken', '0000-00-00 00:00:00', '0000-00-00 00:00:00', 26, NULL, NULL, NULL, NULL, NULL, NULL, NULL),
(52, NULL, '0.80', 'CPA', '', 11, NULL, 2356, 1, '0.00', 'ktoken', '0000-00-00 00:00:00', '0000-00-00 00:00:00', 26, NULL, NULL, NULL, NULL, NULL, NULL, NULL),
(53, 418, '1.00', 'CPA', '', 11, NULL, 2032, 0, '0.00', 'ktoken', '0000-00-00 00:00:00', '0000-00-00 00:00:00', 15, NULL, NULL, NULL, NULL, NULL, NULL, NULL),
(54, 405, '1.00', 'CPA', '', 11, NULL, 2032, 0, '0.00', 'ktoken', '0000-00-00 00:00:00', '0000-00-00 00:00:00', 15, NULL, NULL, NULL, NULL, NULL, NULL, NULL),
(55, NULL, '1.00', 'CPA', '', 11, NULL, 2032, 0, '0.00', 'ktoken', '0000-00-00 00:00:00', '0000-00-00 00:00:00', 15, NULL, NULL, NULL, NULL, NULL, NULL, NULL),
(56, 398, '3.00', 'CPA', '', 11, NULL, 2484, 0, '0.00', 'ktoken', '0000-00-00 00:00:00', '0000-00-00 00:00:00', 10, NULL, NULL, NULL, NULL, NULL, NULL, NULL),
(57, 49, '3.00', 'CPA', '', 11, NULL, 2484, 0, '0.00', 'ktoken', '0000-00-00 00:00:00', '0000-00-00 00:00:00', 10, NULL, NULL, NULL, NULL, NULL, NULL, NULL),
(58, NULL, '3.00', 'CPA', '', 11, NULL, 2484, 0, '0.00', 'ktoken', '0000-00-00 00:00:00', '0000-00-00 00:00:00', 10, NULL, NULL, NULL, NULL, NULL, NULL, NULL),
(59, NULL, '0.80', 'CPM', 'ANDROID', 11, NULL, 2840, 0, '0.00', 'ktoken', '0000-00-00 00:00:00', '0000-00-00 00:00:00', 4, NULL, NULL, NULL, NULL, NULL, NULL, NULL),
(60, NULL, '0.80', 'CPM', 'IOS', 11, NULL, 2840, 0, '0.00', 'ktoken', '0000-00-00 00:00:00', '0000-00-00 00:00:00', 4, NULL, NULL, NULL, NULL, NULL, NULL, NULL),
(61, NULL, '0.80', 'CPM', '', 11, NULL, 2840, 0, '0.00', 'ktoken', '0000-00-00 00:00:00', '0000-00-00 00:00:00', 57, NULL, NULL, NULL, NULL, NULL, NULL, NULL),
(62, 418, '1.30', 'CPA', '', NULL, NULL, 2032, 0, '0.00', 'ktoken', '0000-00-00 00:00:00', '0000-00-00 00:00:00', 17, NULL, NULL, NULL, NULL, NULL, NULL, NULL),
(63, NULL, '1.30', 'CPA', '', 11, NULL, 2032, 0, '0.00', 'ktoken', '0000-00-00 00:00:00', '0000-00-00 00:00:00', 17, NULL, NULL, NULL, NULL, NULL, NULL, NULL),
(64, 398, '3.50', 'CPA', '', 11, NULL, 2484, 0, '0.00', 'transaction_id', '0000-00-00 00:00:00', '0000-00-00 00:00:00', 2, NULL, NULL, NULL, NULL, NULL, NULL, NULL),
(65, NULL, '3.50', 'CPA', '', 11, NULL, 2484, 0, '0.00', 'transaction_id', '0000-00-00 00:00:00', '0000-00-00 00:00:00', 2, NULL, NULL, NULL, NULL, NULL, NULL, NULL),
(67, NULL, '4.50', 'CPA', '', 11, '', 2484, 0, '0.00', 'ktoken', '0000-00-00 00:00:00', '0000-00-00 00:00:00', 13, '', NULL, NULL, '', '', '', NULL),
(68, 398, '4.00', 'CPA', '', 11, NULL, 2484, 0, '0.00', 'aff_sub', '0000-00-00 00:00:00', '0000-00-00 00:00:00', 41, NULL, NULL, NULL, NULL, NULL, NULL, NULL),
(69, 49, '2.00', 'CPA', '', 11, NULL, 2484, 0, '0.00', 'aff_sub', '0000-00-00 00:00:00', '0000-00-00 00:00:00', 41, NULL, NULL, NULL, NULL, NULL, NULL, NULL),
(70, NULL, '0.00', 'CPA', '', 11, NULL, 2484, 0, '0.00', 'aff_sub', '0000-00-00 00:00:00', '0000-00-00 00:00:00', 41, NULL, NULL, NULL, NULL, NULL, NULL, NULL),
(71, 403, '15.00', 'CPA', '', 10, NULL, 2032, 0, '0.00', 'ktoken', '0000-00-00 00:00:00', '0000-00-00 00:00:00', 33, NULL, NULL, NULL, NULL, NULL, NULL, NULL),
(72, 405, '12.00', 'CPA', '', 10, NULL, 2032, 0, '0.00', 'ktoken', '0000-00-00 00:00:00', '0000-00-00 00:00:00', 33, NULL, NULL, NULL, NULL, NULL, NULL, NULL),
(73, 418, '13.00', 'CPA', '', 10, NULL, 2032, 0, '0.00', 'ktoken', '0000-00-00 00:00:00', '0000-00-00 00:00:00', 33, NULL, NULL, NULL, NULL, NULL, NULL, NULL),
(74, NULL, NULL, 'CPA', '', 10, '', 2032, 0, '0.00', 'ktoken', '0000-00-00 00:00:00', '0000-00-00 00:00:00', 33, '', NULL, NULL, '', '', '', NULL),
(75, 418, '21.00', 'CPA', 'JUEGOS', 10, NULL, 2032, 0, '0.00', 'ktoken', '0000-00-00 00:00:00', '0000-00-00 00:00:00', 33, NULL, NULL, NULL, NULL, NULL, NULL, NULL),
(76, 423, '1.00', 'CPA', '', 10, NULL, 2604, 0, '0.00', 'ktoken', '0000-00-00 00:00:00', '0000-00-00 00:00:00', 34, NULL, NULL, NULL, NULL, NULL, NULL, NULL),
(77, 415, '1.00', 'CPA', '', 10, NULL, 2604, 0, '0.00', 'ktoken', '0000-00-00 00:00:00', '0000-00-00 00:00:00', 34, NULL, NULL, NULL, NULL, NULL, NULL, NULL),
(78, NULL, '1.00', 'CPA', '', 10, NULL, 2604, 0, '0.00', 'ktoken', '0000-00-00 00:00:00', '0000-00-00 00:00:00', 34, NULL, NULL, NULL, NULL, NULL, NULL, NULL),
(79, 421, '0.80', 'CPA', '', 10, NULL, 2600, 0, '0.00', 'ktoken', '0000-00-00 00:00:00', '0000-00-00 00:00:00', 44, NULL, NULL, NULL, NULL, NULL, NULL, NULL),
(80, 516, '0.80', 'CPA', '', 10, NULL, 2600, 0, '0.00', 'ktoken', '0000-00-00 00:00:00', '0000-00-00 00:00:00', 44, NULL, NULL, NULL, NULL, NULL, NULL, NULL),
(81, NULL, '0.80', 'CPA', '', 10, NULL, 2600, 0, '0.00', 'ktoken', '0000-00-00 00:00:00', '0000-00-00 00:00:00', 44, NULL, NULL, NULL, NULL, NULL, NULL, NULL),
(82, 410, '1.00', 'CPA', 'SMARTPHONE', 10, NULL, 2076, 0, '0.00', 'ktoken', '0000-00-00 00:00:00', '0000-00-00 00:00:00', 16, NULL, NULL, NULL, NULL, NULL, NULL, NULL),
(83, 409, '1.00', 'CPA', 'SMARTPHONE', 10, NULL, 2076, 0, '0.00', 'ktoken', '0000-00-00 00:00:00', '0000-00-00 00:00:00', 16, NULL, NULL, NULL, NULL, NULL, NULL, NULL),
(84, 410, '0.80', 'CPA', 'FEATUREPHONE', 10, NULL, 2076, 0, '0.00', 'ktoken', '0000-00-00 00:00:00', '0000-00-00 00:00:00', 16, NULL, NULL, NULL, NULL, NULL, NULL, NULL),
(85, 409, '0.80', 'CPA', 'FEATUREPHONE', 10, NULL, 2076, 0, '0.00', 'ktoken', '0000-00-00 00:00:00', '0000-00-00 00:00:00', 16, NULL, NULL, NULL, NULL, NULL, NULL, NULL),
(86, 519, '6.50', 'CPA', 'PLAYPLANET ANDROID', 10, NULL, 2620, 0, '0.00', 'aff_sub', '0000-00-00 00:00:00', '0000-00-00 00:00:00', 37, NULL, NULL, NULL, NULL, NULL, NULL, NULL),
(87, 339, '6.50', 'CPA', 'PLAYPLANET ANDROID', 10, NULL, 2620, 0, '0.00', 'aff_sub', '0000-00-00 00:00:00', '0000-00-00 00:00:00', 37, NULL, NULL, NULL, NULL, NULL, NULL, NULL),
(88, NULL, '6.50', 'CPA', 'PLAYPLANET ANDROID', 10, NULL, 2620, 0, '0.00', 'aff_sub', '0000-00-00 00:00:00', '0000-00-00 00:00:00', 61, NULL, NULL, NULL, NULL, NULL, NULL, NULL),
(89, 519, '9.00', 'CPA', 'PORNOTECA ANDROID IOS', 10, NULL, 2620, 0, '0.00', 'aff_sub', '0000-00-00 00:00:00', '0000-00-00 00:00:00', 37, NULL, NULL, NULL, NULL, NULL, NULL, NULL),
(91, NULL, '5.00', 'CPA', '', 10, NULL, 2124, 0, '0.00', 'sub_site', '0000-00-00 00:00:00', '0000-00-00 00:00:00', 3, NULL, NULL, NULL, NULL, NULL, NULL, NULL),
(92, NULL, '3.25', 'CPA', '', 10, NULL, 2826, 0, '0.00', 'sub_site', '0000-00-00 00:00:00', '0000-00-00 00:00:00', 3, NULL, NULL, NULL, NULL, NULL, NULL, NULL),
(93, 520, '1.80', 'CPA', '', 8, NULL, 2218, 0, '0.00', 'ktoken', '0000-00-00 00:00:00', '0000-00-00 00:00:00', 34, NULL, NULL, NULL, NULL, NULL, NULL, NULL),
(94, NULL, '1.80', 'CPA', '', 8, NULL, 2218, 0, '0.00', 'ktoken', '0000-00-00 00:00:00', '0000-00-00 00:00:00', 34, NULL, NULL, NULL, NULL, NULL, NULL, NULL),
(95, 414, '1.20', 'CPA', '', 8, NULL, 2152, 0, '0.00', 'ktoken', '0000-00-00 00:00:00', '0000-00-00 00:00:00', 42, '', NULL, NULL, '', '', '', NULL),
(96, NULL, '1.20', 'CPA', '', 8, NULL, 2152, 0, '0.00', 'ktoken', '0000-00-00 00:00:00', '0000-00-00 00:00:00', 42, '', NULL, NULL, '', '', '', NULL),
(97, 410, '0.80', 'CPA', '', 8, NULL, 2076, 0, '0.00', 'ktoken', '0000-00-00 00:00:00', '0000-00-00 00:00:00', 9, NULL, NULL, NULL, NULL, NULL, NULL, NULL),
(98, 411, '0.60', 'CPA', '', 8, NULL, 2076, 0, '0.00', 'ktoken', '0000-00-00 00:00:00', '0000-00-00 00:00:00', 9, NULL, NULL, NULL, NULL, NULL, NULL, NULL),
(99, 409, '0.30', 'CPA', '', 8, NULL, 2076, 0, '0.00', 'ktoken', '0000-00-00 00:00:00', '0000-00-00 00:00:00', 9, NULL, NULL, NULL, NULL, NULL, NULL, NULL),
(100, 408, '0.50', 'CPA', '', 8, NULL, 2076, 0, '0.00', 'ktoken', '0000-00-00 00:00:00', '0000-00-00 00:00:00', 9, NULL, NULL, NULL, NULL, NULL, NULL, NULL),
(101, NULL, '0.00', 'CPA', '', 8, NULL, 2076, 0, '0.00', 'ktoken', '0000-00-00 00:00:00', '0000-00-00 00:00:00', 9, NULL, NULL, NULL, NULL, NULL, NULL, NULL),
(102, 81, '9.00', 'CPA', 'GAMEIN', 8, NULL, 2724, 0, '0.00', 'ktoken', '0000-00-00 00:00:00', '0000-00-00 00:00:00', 37, NULL, NULL, NULL, NULL, NULL, NULL, NULL),
(103, 81, '8.75', 'CPA', 'PORNOTECA', 8, NULL, 2724, 0, '0.00', 'ktoken', '0000-00-00 00:00:00', '0000-00-00 00:00:00', 37, NULL, NULL, NULL, NULL, NULL, NULL, NULL),
(104, 81, '11.00', 'CPA', 'TAPTOFUN', 8, NULL, 2724, 0, '0.00', 'ktoken', '0000-00-00 00:00:00', '0000-00-00 00:00:00', 37, NULL, NULL, NULL, NULL, NULL, NULL, NULL),
(105, 410, '0.70', 'CPA', 'IGIRLS', 8, NULL, 2076, 0, '0.00', 'ktoken', '0000-00-00 00:00:00', '0000-00-00 00:00:00', 61, NULL, NULL, NULL, NULL, NULL, NULL, NULL),
(106, NULL, '0.70', 'CPA', 'IGIRLS', 8, NULL, 2076, 0, '0.00', 'ktoken', '0000-00-00 00:00:00', '0000-00-00 00:00:00', 61, NULL, NULL, NULL, NULL, NULL, NULL, NULL),
(107, 410, '0.90', 'CPA', 'PLAYPLANET', 8, NULL, 2076, 0, '0.00', 'ktoken', '0000-00-00 00:00:00', '0000-00-00 00:00:00', 61, NULL, NULL, NULL, NULL, NULL, NULL, NULL),
(108, NULL, '9.50', 'CPA', 'PLAYMERADIO', 8, NULL, 2380, 0, '0.00', 'ktoken', '0000-00-00 00:00:00', '0000-00-00 00:00:00', 37, NULL, NULL, NULL, NULL, NULL, NULL, NULL),
(109, NULL, '10.50', 'CPA', 'GAMIFIVE', 8, NULL, 2380, 0, '0.00', 'ktoken', '0000-00-00 00:00:00', '0000-00-00 00:00:00', 37, NULL, NULL, NULL, NULL, NULL, NULL, NULL),
(110, NULL, '9.00', 'CPA', 'BGAMES', 8, NULL, 2826, 0, '0.00', 'ktoken', '0000-00-00 00:00:00', '0000-00-00 00:00:00', 37, NULL, NULL, NULL, NULL, NULL, NULL, NULL),
(111, NULL, '10.00', 'CPA', 'IFORTUNE', 8, NULL, 2826, 0, '0.00', 'ktoken', '0000-00-00 00:00:00', '0000-00-00 00:00:00', 37, NULL, NULL, NULL, NULL, NULL, NULL, NULL),
(112, 415, '0.90', 'CPA', '', 8, '', 2604, 0, '0.00', 'user_token', '0000-00-00 00:00:00', '0000-00-00 00:00:00', 32, '', NULL, NULL, '', '', '', NULL),
(113, NULL, '0.90', 'CPA', '', 8, '', 2604, 0, '0.00', 'user_token', '0000-00-00 00:00:00', '0000-00-00 00:00:00', 32, '', NULL, NULL, '', '', '', NULL),
(114, 422, '1.20', 'CPA', '', 8, NULL, 2170, 0, '0.00', 'ktoken', '0000-00-00 00:00:00', '0000-00-00 00:00:00', 23, NULL, NULL, NULL, NULL, NULL, NULL, NULL),
(115, NULL, '1.20', 'CPA', '', 8, NULL, 2170, 0, '0.00', 'ktoken', '0000-00-00 00:00:00', '0000-00-00 00:00:00', 23, NULL, NULL, NULL, NULL, NULL, NULL, NULL),
(116, NULL, '3.00', 'CPA', '', 8, NULL, 2484, 0, '0.00', 'ktoken', '0000-00-00 00:00:00', '0000-00-00 00:00:00', 19, NULL, NULL, NULL, NULL, NULL, NULL, NULL),
(117, NULL, '25.00', 'CPA', '', 8, NULL, 2528, 0, '0.00', 'ktoken', '0000-00-00 00:00:00', '0000-00-00 00:00:00', 19, NULL, NULL, NULL, NULL, NULL, NULL, NULL),
(118, NULL, '1.00', 'CPA', '', 8, NULL, 2616, 0, '0.00', 'ktoken', '0000-00-00 00:00:00', '0000-00-00 00:00:00', 19, NULL, NULL, NULL, NULL, NULL, NULL, NULL),
(119, NULL, '1.50', 'CPM', '', 14, '', 2032, 0, '2500.00', 'ktoken', '2014-09-09 04:00:00', '2014-09-30 04:00:00', 27, '', NULL, 1666667, '', '', 'Sites Specifics', 'Preguntados '),
(120, NULL, '1.50', 'CPM', '', 14, '', 2858, 0, '2500.00', 'ktoken', '2014-09-09 04:00:00', '2014-09-30 04:00:00', 27, '', NULL, 1666667, '', '', 'Sites Specifics', 'Preguntados '),
(121, 426, '1.20', 'CPA', '', 8, NULL, 2152, 0, '0.00', 'ktoken', '0000-00-00 00:00:00', '0000-00-00 00:00:00', 42, '', NULL, NULL, '', '', '', NULL),
(122, NULL, '0.92', 'CPM', 'BANNER', 7, NULL, 2032, 1, '0.00', 'ktoken', '2014-08-27 04:00:00', '2014-09-25 04:00:00', 36, NULL, NULL, NULL, NULL, NULL, NULL, NULL),
(123, NULL, '3.61', 'CPM', 'INTERSTITIAL', 7, NULL, 2032, 1, '0.00', 'ktoken', '2014-08-27 04:00:00', '2014-09-25 04:00:00', 36, NULL, NULL, NULL, NULL, NULL, NULL, NULL),
(124, NULL, '0.92', 'CPM', 'BANNER', 7, NULL, 2170, 1, '0.00', 'ktoken', '2014-08-27 04:00:00', '2014-09-25 04:00:00', 36, NULL, NULL, NULL, NULL, NULL, NULL, NULL),
(125, NULL, '3.61', 'CPM', 'INTERSTITIAL', 7, NULL, 2170, 1, '0.00', 'ktoken', '2014-08-27 04:00:00', '2014-09-25 04:00:00', 36, NULL, NULL, NULL, NULL, NULL, NULL, NULL),
(126, NULL, '0.92', 'CPM', 'BANNER', 7, NULL, 2484, 1, '0.00', 'ktoken', '2014-08-27 04:00:00', '2014-09-25 04:00:00', 36, NULL, NULL, NULL, NULL, NULL, NULL, NULL),
(127, NULL, '3.61', 'CPM', 'INTERSTITIAL', 7, NULL, 2484, 1, '0.00', 'ktoken', '2014-08-27 04:00:00', '2014-09-25 04:00:00', 36, NULL, NULL, NULL, NULL, NULL, NULL, NULL),
(128, NULL, '1.00', 'CPA', '', 7, NULL, 2858, 0, NULL, 'ktoken', '0000-00-00 00:00:00', '0000-00-00 00:00:00', 44, NULL, NULL, NULL, NULL, NULL, NULL, NULL),
(129, NULL, '1.00', 'CPA', 'Diario', 7, NULL, 2170, 0, NULL, 'ktoken', '0000-00-00 00:00:00', '0000-00-00 00:00:00', 21, NULL, NULL, NULL, NULL, NULL, NULL, NULL),
(130, NULL, '2.00', 'CPA', 'Semanal', 7, NULL, 2170, 0, NULL, 'ktoken', '0000-00-00 00:00:00', '0000-00-00 00:00:00', 21, NULL, NULL, NULL, NULL, NULL, NULL, NULL),
(131, 418, '1.30', 'CPA', '', 11, '', 2032, 0, NULL, 'ktoken', '0000-00-00 00:00:00', '0000-00-00 00:00:00', 17, '', NULL, NULL, '', '', '', NULL),
(132, 398, '4.50', 'CPA', '', 11, '', 2484, 0, NULL, 'ktoken', '0000-00-00 00:00:00', '0000-00-00 00:00:00', 13, '', NULL, NULL, '', '', '', NULL),
(133, 398, '3.00', 'CPA', '', 7, '', 2484, 0, '0.00', 'user_token', '0000-00-00 00:00:00', '0000-00-00 00:00:00', 32, '', NULL, NULL, '', '', '', NULL),
(134, 398, '1.50', 'CPM', 'Wallpaper Whats App', 14, 'daily $150, solo quiere correr en Preguntados', 2484, 0, '4500.00', 'ktoken', '0000-00-00 00:00:00', '0000-00-00 00:00:00', 62, '3/24', 150, NULL, 'MX', '320x50', '', NULL),
(135, NULL, '0.10', 'CPC', 'MX_Jack_Ass', NULL, '$30 daily, el rate es en dolares!\r\n Exclude Incentivized traffic', 2484, 0, '0.00', 'ktoken', '0000-00-00 00:00:00', '0000-00-00 00:00:00', 60, '', NULL, NULL, 'MX', '', '', NULL),
(136, NULL, '0.10', 'CPC', 'Video Inbox', NULL, 'Daily $30\r\nExclude  Incentivized traffic, Adult', 2710, 0, NULL, 'ktoken', '0000-00-00 00:00:00', '0000-00-00 00:00:00', 60, '', NULL, NULL, 'ZA', '', '', NULL),
(137, 520, '0.93', 'CPA', '', 11, '', 2218, 0, NULL, 'aff_sub', '0000-00-00 00:00:00', '0000-00-00 00:00:00', 67, '', NULL, NULL, '', '', '', NULL),
(138, 405, '2.33', 'CPA', '', 11, '', 2032, 0, NULL, 'aff_sub', '0000-00-00 00:00:00', '0000-00-00 00:00:00', 67, '', NULL, NULL, '', '', '', NULL),
(139, 418, '0.93', 'CPA', '', 11, '', 2032, 0, NULL, 'aff_sub', '0000-00-00 00:00:00', '0000-00-00 00:00:00', 67, '', NULL, NULL, '', '', '', NULL),
(140, 411, '0.97', 'CPA', '', 11, '', 2076, 0, NULL, 'aff_sub', '0000-00-00 00:00:00', '0000-00-00 00:00:00', 67, '', NULL, NULL, '', '', '', NULL),
(141, 236, '0.93', 'CPA', '', 11, '', 2214, 0, NULL, 'aff_sub', '0000-00-00 00:00:00', '0000-00-00 00:00:00', 67, '', NULL, NULL, '', '', '', NULL),
(142, 435, '1.86', 'CPA', '', 11, '', 2591, 0, NULL, 'aff_sub', '0000-00-00 00:00:00', '0000-00-00 00:00:00', 67, '', NULL, NULL, '', '', '', NULL),
(143, 521, '2.79', 'CPA', '', 11, '', 2591, 0, NULL, 'aff_sub', '0000-00-00 00:00:00', '0000-00-00 00:00:00', 67, '', NULL, NULL, '', '', '', NULL),
(144, 415, '0.32', 'CPA', '', 11, '', 2604, 0, NULL, 'aff_sub', '0000-00-00 00:00:00', '0000-00-00 00:00:00', 67, '', NULL, NULL, '', '', '', NULL),
(145, NULL, '1.50', 'CPM', 'Wunderground US', 14, '', 2840, 0, '0.00', 'ktoken', '0000-00-00 00:00:00', '0000-00-00 00:00:00', 57, '3/24', 100000, NULL, 'US', '300x250', '', NULL),
(146, NULL, '1.00', 'CPM', 'Empire 4 Kingdoms', 14, 'Carrier:  H3G, TIM, Voda\r\nLimit to these Carriers: Hutchinson 3G, TIM, Vodafone  (IMPORTANT: no wifi traffic)\r\nfrequency cap: 1/24 hours\r\nmobile devices: all mobile devices (IMPORTANT: except no tablet traffic)\r\noperating system versions: all versions\r\n', 2380, 0, '0.00', 'ktoken', '0000-00-00 00:00:00', '0000-00-00 00:00:00', 68, '1/24', 50000, NULL, 'IT', '', '', NULL),
(147, NULL, '0.07', 'CPC', '', NULL, 'raffic: Mobile carriers only – NO WIFI\r\n\r\nCarriers: Conecel Ecuador\r\n\r\nOperating systems: All – NO OPERA!\r\n\r\nPricing\r\n\r\nPricing Model: CPC\r\n\r\nBid: $0.07\r\n\r\nDaily cap: $100 (25$ each)', 2218, 0, NULL, 'ktoken', '0000-00-00 00:00:00', '0000-00-00 00:00:00', 66, '3/24', NULL, NULL, 'EC', '', '', NULL),
(148, 418, '0.15', 'CPC', 'KIDS', 10, '', 2032, 0, '5000.00', 'ktoken', '0000-00-00 00:00:00', '0000-00-00 00:00:00', 45, '', NULL, NULL, '', '', '', NULL),
(149, 516, '0.12', 'CPC', 'KIDS', 10, '', 2600, 0, '1000.00', 'ktoken', '0000-00-00 00:00:00', '0000-00-00 00:00:00', 45, '', NULL, NULL, '', '', '', NULL),
(150, NULL, '0.30', 'CPL', 'Sopor1Real', NULL, 'Exit Clause: both parties may interrupt the campaign with a 48h. Notice. \r\n\r\nClient is invoiced at the end of month after receiving the final invoice base on Double6 tracking. ', 2076, 1, '0.00', 'ktoken', '0000-00-00 00:00:00', '0000-00-00 00:00:00', 56, '', NULL, NULL, '', '', '', NULL),
(151, NULL, '0.30', 'CPL', 'Luckxper', NULL, 'Exit Clause: \\n both parties may interrupt the campaign with a 48h. Notice. \r\n\r\nClient is invoiced at the end of month after receiving the final invoice base on Double6 tracking. ', 2250, 1, '0.00', 'ktoken', '2014-09-10 04:00:00', '2015-09-10 04:00:00', 69, '', NULL, NULL, '', '', '', NULL),
(152, NULL, '0.30', 'CPL', 'Sopor1Real', NULL, 'Exit Clause: both parties may interrupt the campaign with a 48h. Notice. \r\n\r\nClient is invoiced at the end of month after receiving the final invoice base on Double6 tracking. ', 2076, 1, '0.00', 'ktoken', '2014-09-11 04:00:00', '2015-09-11 04:00:00', 69, '', NULL, NULL, '', '', '', NULL),
(153, NULL, '13.00', 'CPA', '', 10, '', 2380, 0, NULL, 'ktoken', '0000-00-00 00:00:00', '0000-00-00 00:00:00', 14, '', NULL, NULL, '', '', '', NULL),
(154, NULL, '0.05', 'CPC', 'Casino NZ', NULL, 'daily $25\r\n', 2554, 0, '0.00', 'ktoken', '0000-00-00 00:00:00', '0000-00-00 00:00:00', 70, '', NULL, NULL, '', '', '', NULL),
(155, NULL, '0.05', 'CPC', 'Casino AU', NULL, 'daily $25', 2036, 0, NULL, 'ktoken', '0000-00-00 00:00:00', '0000-00-00 00:00:00', 70, '', NULL, NULL, '', '', '', NULL),
(156, NULL, '1.65', 'CPI', 'AGE OF WARRING EMPIRE', 8, '', 2840, 1, '0.00', 'aff_sub', '0000-00-00 00:00:00', '0000-00-00 00:00:00', 71, '', NULL, NULL, '', '', '', NULL),
(157, NULL, '1.20', 'CPI', 'Zhan-Ji-Tian-Xia(HK, TW)', 8, '', 2156, 0, '0.00', 'aff_sub', '0000-00-00 00:00:00', '0000-00-00 00:00:00', 71, '', NULL, NULL, '', '', '', NULL),
(158, 81, '9.60', 'CPA', '', 8, '', 2724, 0, NULL, 'ktoken', '0000-00-00 00:00:00', '0000-00-00 00:00:00', 72, '', NULL, NULL, '', '', '', NULL),
(159, NULL, '0.09', 'CPC', 'EC-sexy', NULL, 'eo: EC\r\n\r\nTraffic: Mobile carriers\r\n\r\nCarriers: IP ranges\r\n\r\nOperating systems: Android and feature phones\r\n\r\n \r\n\r\nPricing\r\n\r\nPricing Model: CPC\r\n\r\nBid: $0.09\r\n\r\nDaily cap: $50', 2218, 1, '0.00', 'ktoken', '0000-00-00 00:00:00', '0000-00-00 00:00:00', 66, '', NULL, NULL, 'EC', '', '', NULL),
(160, NULL, '0.13', 'CPC', 'PE-dame', NULL, '\r\n\r\nTargeting\r\n\r\nGeo: PE\r\n\r\nTraffic: Mobile Carriers\r\n\r\nCarriers: IP ranges\r\n\r\nOperating systems: Android and feature phones\r\n\r\n \r\n\r\nPricing\r\n\r\nPricing Model: CPC\r\n\r\nBid: $0.13\r\n\r\nDaily cap: $50', 2604, 1, NULL, 'ktoken', '0000-00-00 00:00:00', '0000-00-00 00:00:00', 66, '', NULL, NULL, 'PE', '', '', NULL),
(161, 423, '0.90', 'CPA', '', 8, '', 2604, 0, NULL, 'aff_sub', '0000-00-00 00:00:00', '0000-00-00 00:00:00', 32, '', NULL, NULL, '', '', '', NULL),
(163, NULL, '0.25', 'CPM', 'CA-Mobile', 14, 'daily $200', 2124, 0, '0.00', 'ktoken', '0000-00-00 00:00:00', '0000-00-00 00:00:00', 1, '3/24', NULL, NULL, '', '', '', NULL),
(164, NULL, '1.80', 'CPA', '', 11, '', 2170, 0, NULL, 'ktoken', '0000-00-00 00:00:00', '0000-00-00 00:00:00', 34, '', NULL, NULL, '', '', '', NULL),
(165, 515, '1.80', 'CPA', '', 11, '', 2170, 0, NULL, 'ktoken', '0000-00-00 00:00:00', '0000-00-00 00:00:00', 34, '', NULL, NULL, '', '', '', NULL),
(166, 422, '1.80', 'CPA', '', 11, '', 2170, 0, NULL, 'ktoken', '0000-00-00 00:00:00', '0000-00-00 00:00:00', 34, '', NULL, NULL, '', '', '', NULL);

--
-- Dumping data for table `campaigns`
--

INSERT INTO `campaigns` (`id`, `name`, `networks_id`, `campaign_categories_id`, `wifi`, `formats_id`, `cap`, `model`, `ip`, `devices_id`, `url`, `status`, `comment`, `opportunities_id`, `banner_sizes_id`, `post_data`) VALUES
(11, 'SEXO13', 4, 29, 0, 2, '200.00', 'CPC', 0, 4, 'http://wap.playtown.com.ar/?id=700', 'Active', NULL, 8, NULL, 0),
(12, 'AUTOAYUDA5', 4, 11, 0, 3, '40.00', 'CPC', 0, 5, 'http://wap.playtown.com.ar/?id=349', 'Active', NULL, 8, NULL, 0),
(13, 'SEXO2', 4, 29, 0, 3, '2000.00', 'CPC', 0, 5, 'http://wap.playtown.com.ar/?id=371', 'Active', NULL, 10, NULL, 0),
(14, 'POEMA', 4, 5, 0, 3, '200.00', 'CPC', 0, 5, 'http://wap.playtown.com.ar/?id=763', 'Active', NULL, 10, NULL, 0),
(15, 'CHAT1', 4, 5, 0, 3, '100.00', 'CPC', 0, 5, 'http://wap.playtown.com.ar/?id=683', 'Active', NULL, 10, NULL, 0),
(16, 'AUTOAYUDA6', 4, 11, 0, 3, '40.00', 'CPC', 0, 5, 'http://wap.playtown.com.ar/?id=350', 'Active', NULL, 10, NULL, 0),
(17, 'SEXO11', 4, 29, 0, 3, '1200.00', 'CPC', 0, 5, 'http://wap.playtown.com.ar/?id=589', 'Active', NULL, 10, NULL, 0),
(18, 'SEXO', 4, 29, 0, 2, '750.00', 'CPC', 0, 4, 'http://wap.playtown.com.ar/?id=370', 'Active', NULL, 9, NULL, 0),
(19, 'SEXO4', 4, 29, 0, 2, '300.00', 'CPC', 0, 4, 'http://wap.playtown.com.ar/?id=373', 'Active', NULL, 9, NULL, 0),
(20, 'VICKY', 4, 29, 0, 2, '50.00', 'CPC', 0, 4, 'http://wap.playtown.com.ar/?id=559', 'Active', NULL, 9, NULL, 0),
(21, 'RECARGA2', 4, 22, 0, 2, '50.00', 'CPC', 0, 4, 'http://wap.playtown.com.ar/?id=346', 'Active', NULL, 9, NULL, 0),
(22, 'AUTOAYUDA4', 4, 11, 0, 3, '40.00', 'CPC', 0, 5, 'http://wap.playtown.com.ar/?id=348', 'Active', NULL, 9, NULL, 0),
(24, '1002238', 4, 29, 0, 2, '100.00', 'CPC', 0, 4, 'http://helm.tekmob.com/pim/videosxxxcombo2?tid=1002238', 'Active', NULL, 35, NULL, 0),
(25, '1002240', 4, 10, 0, 8, '100.00', 'CPC', 0, 5, 'http://helm.tekmob.com/pim/juegosciber?tid=1002240', 'Active', NULL, 35, NULL, 0),
(26, '1002426', 4, 29, 0, 8, '100.00', 'CPC', 0, 5, 'http://helm.tekmob.com/pim/videosxxxcombo2?tid=1002426', 'Active', NULL, 35, NULL, 0),
(27, '1003042', 4, 10, 0, 2, '400.00', 'CPC', 0, 5, 'http://helm.tekmob.com/pim/chilefun?p=12&tid=1003042', 'Active', NULL, 96, NULL, 0),
(28, '1002243', 4, 10, 0, 3, '1500.00', 'CPC', 0, 5, 'http://helm.tekmob.com/pim/juegossma?tid=1002243', 'Active', NULL, 38, NULL, 0),
(29, '1003138', 4, 1, 0, 2, '40.00', 'CPC', 0, 5, 'http://helm.tekmob.com/pim/ritmochile?tid=1003138', 'Active', NULL, 121, NULL, 0),
(30, '1002244', 4, 29, 0, 3, '250.00', 'CPC', 0, 5, 'http://helm.tekmob.com/pim/gatitashot?tid=1002244', 'Active', NULL, 38, NULL, 0),
(31, '1003139', 4, 1, 0, 2, '50.00', 'CPC', 0, 5, 'http://helm.tekmob.com/pim/ritmochile?tid=1003139', 'Active', NULL, 95, NULL, 0),
(32, '1002248', 4, 1, 0, 2, '300.00', 'CPC', 0, 4, 'http://helm.tekmob.com/pim/magenta2013?p=21&tid=1002248', 'Active', NULL, 35, NULL, 0),
(33, '1002210', 4, 29, 0, 3, '500.00', 'CPC', 0, 5, 'http://helm.tekmob.com/pim/sexyparaguay?tid=1002210', 'Active', NULL, 79, NULL, 0),
(34, '1002582', 1, 10, 0, 7, '10.00', 'CPC', 0, 1, 'http://helm.tekmob.com/pim/chilefun?p=12&tid=1002582', 'Active', NULL, 95, NULL, 0),
(35, '1002250', 4, 1, 0, 3, '380.00', 'CPC', 0, 5, 'http://helm.tekmob.com/pim/magenta2013?p=24&tid=1002250', 'Active', NULL, 38, NULL, 0),
(36, '1002579', 1, 10, 0, 7, '35.00', 'CPC', 0, 5, 'http://helm.tekmob.com/pim/chilefun?tid=1002579', 'Active', NULL, 95, NULL, 0),
(37, '1002211', 4, 10, 0, 1, '200.00', 'CPC', 0, 5, 'http://helm.tekmob.com/pim/juegoparaguay?tid=1002211', 'Active', NULL, 79, NULL, 0),
(38, '1002251', 4, 1, 0, 8, '20.00', 'CPC', 0, 5, 'http://helm.tekmob.com/pim/magenta2013?p=25&tid=1002251', 'Active', NULL, 35, NULL, 0),
(39, '1002212', 4, 29, 0, 3, '400.00', 'CPC', 0, 5, 'http://helm.tekmob.com/pim/sexyparaguay?tid=1002212', 'Active', NULL, 79, NULL, 0),
(40, '1003140', 7, 1, 0, 1, '10.00', 'CPC', 0, 1, 'http://helm.tekmob.com/pim/ritmochile?tid=1003140', 'Active', NULL, 95, NULL, 0),
(41, '1002213', 4, 10, 0, 3, '500.00', 'CPC', 0, 5, 'http://helm.tekmob.com/pim/juegoschicken?tid=1002213', 'Active', NULL, 79, NULL, 0),
(42, '1002838', 5, 29, 0, 10, '50.00', 'CPC', 0, 3, 'http://helm.tekmob.com/pim/videosxxxcont?tid=1002838', 'Active', NULL, 35, NULL, 0),
(43, '1003153', 3, 10, 0, 1, '25.00', 'CPM', 0, 3, 'http://helm.tekmob.com/pim/juegoschicken?tid=1003153', 'Active', NULL, 79, NULL, 0),
(44, 'ADULTO201406', 4, 30, 0, 3, '1500.00', 'CPC', 0, 5, 'http://wap.toing.com.br/landing/?origem=MADNET_VANEGA_ALL_ADULTO_201406', 'Active', NULL, 43, NULL, 0),
(45, 'ADULTO201406', 4, 30, 0, 2, '700.00', 'CPC', 0, 4, 'http://wap.toing.com.br/landing/?origem=MADNET_VANEGA_VIVO_ADULTO_201406', 'Active', NULL, 39, NULL, 0),
(46, 'HARDCORE18_201408', 4, 30, 0, 2, '200.00', 'CPC', 0, 4, 'http://wap.toing.com.br/landing/?origem=MADNET_VANEGA_TIM_ADULTO_HARDCORE18_201408', 'Active', NULL, 41, NULL, 0),
(47, 'HARDCORE18_201408', 4, 30, 0, 2, '150.00', 'CPC', 0, 4, 'http://wap.toing.com.br/landing/?origem=MADNET_VANEGA_OI_ADULTO_HARDCORE18_201408', 'Active', NULL, 42, NULL, 0),
(48, 'ADULTO201406', 5, 30, 0, 1, '20.00', 'CPC', 0, 3, 'http://wap.toing.com.br/landing/?origem=MADNET_VANEGA_OI_ADULTO_201406', 'Active', NULL, 42, NULL, 0),
(49, 'MADNET_VANEGA_CLARO_VIDEOSCURIOSOS_201407', 4, 28, 0, 2, '200.00', 'CPC', 0, 4, 'http://wap.toing.com.pe/landingwap/?origem=MADNET_VANEGA_CLARO_VIDEOSCURIOSOS_201407', 'Active', NULL, 112, NULL, 0),
(50, 'GATAQUENTE_201408', 8, 29, 0, 1, '10.00', 'CPC', 0, 4, 'http://wap.toing.com.br/landing/?origem=MADNET_VANEGA_VIVO_ADULTO_GATAQUENTE_201408', 'Active', NULL, 39, NULL, 0),
(51, 'MADNET_VANEGA_CLARO_VENGADORAS1_201407', 4, 29, 0, 2, '200.00', 'CPC', 0, 5, 'http://wap.toing.com.pe/landingwap/?origem=MADNET_VANEGA_CLARO_VENGADORAS1_201407', 'Active', NULL, 113, NULL, 0),
(52, 'MADNET_VANEGA_CLARO_APROKALYPSE_201407', 4, 10, 0, 2, '200.00', 'CPC', 0, 5, 'http://wap.toing.com.pe/landingwap/?origem=MADNET_VANEGA_CLARO_APROKALYPSE_201407', 'Active', NULL, 112, NULL, 0),
(53, 'MADNET_VANEGA_CLARO_APROKALYPSE2_201408', 4, 10, 0, 2, '200.00', 'CPC', 0, 5, 'http://wap.toing.com.pe/landingwap/?origem=MADNET_VANEGA_CLARO_APROKALYPSE2_201408', 'Active', NULL, 113, NULL, 0),
(54, 'IQ', 1, 12, 0, 9, '10.00', 'CPC', 0, 1, 'http://wap.renxo.com/subscriptionPlanDetail.do?grp=1440&cat=7&opd=false&pbid=637&ceid=10179&wc=14302&trk=true&ftln=4', 'Active', NULL, 32, NULL, 0),
(55, 'TORTUGAS', 1, 10, 0, 9, '30.00', 'CPC', 0, 1, 'http://wap.renxo.com/subscriptionPlanDetail.do?grp=1440&cat=7&opd=false&pbid=799&ceid=8374&wc=14306&trk=true&ftln=4', 'Active', NULL, 32, NULL, 0),
(56, 'Android Phone', 27, 1, 0, 1, '50.89', 'CPM', 0, 3, 'http://himym.canalsony.com/', 'Active', NULL, 122, NULL, 0),
(57, 'Android Tablet', 27, 1, 0, 1, '50.89', 'CPM', 0, 3, 'http://himym.canalsony.com/', 'Active', NULL, 122, NULL, 0),
(58, 'FOTOS', 4, 12, 0, 3, '100.00', 'CPC', 0, 5, 'http://wap.renxo.com/subscriptionPlanDetail.do?grp=1442&opd=false&pbid=625&ceid=5481&wc=14310&trk=true&ftln=4', 'Active', NULL, 34, NULL, 0),
(59, 'iOS Phone', 27, 1, 0, 1, '50.89', 'CPM', 0, 3, 'http://himym.canalsony.com/', 'Active', NULL, 122, NULL, 0),
(60, 'PES', 3, 10, 0, 1, '30.00', 'CPC', 0, 3, 'http://wap.renxo.com/subscriptionPlanDetail.do?grp=1440&cat=7&opd=false&pbid=568&ceid=9434&wc=14312&trk=true&ftln=4', 'Active', NULL, 32, NULL, 0),
(61, 'iOS Tablet', 27, 1, 0, 1, '50.89', 'CPM', 0, 3, 'http://himym.canalsony.com/', 'Active', NULL, 122, NULL, 0),
(62, 'MAYOR18 1', 5, 29, 0, 1, '30.00', 'CPC', 0, 3, 'http://wap.renxo.com/subscriptionPlanDetail.do?grp=1441&cat=79&opd=false&wc=14436&trk=true&pbid=726', 'Active', NULL, 32, NULL, 0),
(63, 'MAYOR18 1', 4, 29, 0, 3, '100.00', 'CPC', 0, 5, 'http://wap.renxo.com/subscriptionPlanDetail.do?grp=1441&cat=79&opd=false&wc=14437&trk=true&pbid=726', 'Active', NULL, 34, NULL, 0),
(64, 'WAPVNGRP03', 4, 29, 0, 2, '800.00', 'CPC', 0, 4, 'http://terra2013.go2cloud.org/aff_c?offer_id=1160&aff_id=1062', 'Active', NULL, 68, NULL, 0),
(65, 'VIDEOS', 4, 1, 0, 2, '700.00', 'CPC', 0, 4, 'http://wap.renxo.com/ec/es/subscriptionPlanDetail.do?id=4117&opd=false&pbid=795&wc=13173&trk=true', 'Active', NULL, 93, NULL, 0),
(66, 'WAPVNGFU02', 4, 12, 0, 3, '3000.00', 'CPC', 0, 5, 'http://terra2013.go2cloud.org/aff_c?offer_id=1170&aff_id=1062', 'Active', NULL, 70, NULL, 0),
(67, 'Android Phone', 27, 10, 0, 11, '9.13', 'CPM', 0, 3, 'http://himym.canalsony.com/', 'Active', NULL, 123, NULL, 0),
(68, 'WAPVNGES01', 4, 24, 0, 2, '2500.00', 'CPC', 0, 4, 'http://terra2013.go2cloud.org/aff_c?offer_id=1174&aff_id=1062', 'Active', NULL, 68, NULL, 0),
(69, 'SUBWAY', 4, 10, 0, 2, '1000.00', 'CPC', 0, 4, 'http://wap.renxo.com/ec/es/subscriptionPlanDetail.do?id=4117&opd=false&pbid=780&ceid=12300&wc=11841&trk=true', 'Active', NULL, 93, NULL, 0),
(70, 'WAPVNGFU01', 4, 12, 0, 3, '4000.00', 'CPC', 0, 5, 'http://terra2013.go2cloud.org/aff_c?offer_id=1168&aff_id=1062', 'Active', NULL, 70, NULL, 0),
(71, 'MUSICA', 4, 1, 0, 2, '1000.00', 'CPC', 0, 4, 'http://wap.renxo.com/ec/es/subscriptionPlanDetail.do?id=4117&opd=false&pbid=697&wc=13172&trk=true', 'Active', NULL, 93, NULL, 0),
(72, 'WAPVNGFT01', 4, 29, 0, 2, '500.00', 'CPC', 0, 4, 'http://terra2013.go2cloud.org/aff_c?offer_id=1194&aff_id=1062', 'Active', NULL, 69, NULL, 0),
(73, 'PES', 4, 10, 0, 2, '100.00', 'CPC', 0, 4, 'http://wap.renxo.com/ec/es/subscriptionPlanDetail.do?id=4117&opd=false&pbid=568&ceid=9434&wc=11266&trk=true', 'Active', NULL, 93, NULL, 0),
(74, 'MUSIC2', 4, 12, 0, 2, '200.00', 'CPC', 0, 4, 'http://geral.jetdownload.com.br/lv-newcontent?p=67&d=musica2&c=musica4_wap_vivo&k=music', 'Active', NULL, 85, NULL, 0),
(75, 'MUSIC4', 4, 12, 0, 2, '50.00', 'CPC', 0, 4, 'http://geral.jetdownload.com.br/lt-newcontent?p=67&d=musica2&c=musica4_wap_tim&k=music', 'Active', NULL, 84, NULL, 0),
(76, 'GAMES2', 4, 10, 0, 2, '200.00', 'CPC', 0, 4, 'http://geral.jetdownload.com.br/lv-newgames2?p=67&d=newgames2&c=newgames2_wap_vivo&k=games', 'Active', NULL, 85, NULL, 0),
(77, 'MUSICA3', 4, 1, 0, 1, '200.00', 'CPC', 0, 5, 'http://wap.renxo.com/ec/es/subscriptionPlanDetail.do?id=4117&opd=false&pbid=697&wc=13477&trk=true', 'Active', NULL, 93, NULL, 0),
(78, 'SUBWAY3', 4, 10, 0, 1, '200.00', 'CPC', 0, 5, 'http://wap.renxo.com/ec/es/subscriptionPlanDetail.do?id=4117&opd=false&pbid=795&wc=13478&trk=true', 'Active', NULL, 93, NULL, 0),
(79, 'GAMES4', 4, 10, 0, 2, '500.00', 'CPC', 0, 4, 'http://geral.jetdownload.com.br/lt-newgames2?p=67&d=newgames2&c=newgames2_wap_tim&k=games', 'Active', NULL, 84, NULL, 0),
(80, 'ADULT2', 4, 30, 0, 2, '100.00', 'CPC', 0, 4, 'http://adulto.jetdownload.com.br/lv1c?p=67&d=heterohard&c=heterohard2_wap_vivo&k=sexy', 'Active', NULL, 85, NULL, 0),
(81, 'VIDEOS3', 4, 1, 0, 1, '1200.00', 'CPC', 0, 5, 'http://wap.renxo.com/ec/es/subscriptionPlanDetail.do?id=4117&opd=false&pbid=795&wc=13478&trk=true', 'Active', NULL, 93, NULL, 0),
(82, 'ADULT4', 4, 30, 0, 2, '50.00', 'CPC', 0, 4, 'http://adulto.jetdownload.com.br/lt1c?p=67&d=heterohard&c=heterohard2_wap_tim&k=sexy', 'Active', NULL, 84, NULL, 0),
(83, 'GENERICA3', 4, 28, 0, 3, '200.00', 'CPC', 0, 5, 'http://wap.renxo.com/ec/es/subscriptionPlanDetail.do?id=4117&opd=false&pbid=805&wc=14252&trk=true', 'Active', NULL, 94, NULL, 0),
(84, 'ADULT1', 8, 30, 0, 1, '10.00', 'CPC', 0, 5, 'http://adulto.jetdownload.com.br/lv1c?p=67&d=heterohard&c=heterohard2_smart_vivo&k=sexy', 'Active', NULL, 83, NULL, 0),
(85, 'GENERICA4', 4, 28, 0, 2, '200.00', 'CPC', 0, 4, 'http://wap.renxo.com/ec/es/subscriptionPlanDetail.do?id=4117&opd=false&pbid=805&wc=14253&trk=true', 'Active', NULL, 93, NULL, 0),
(86, 'ADULT3', 8, 30, 0, 1, '10.00', 'CPC', 0, 5, 'http://adulto.jetdownload.com.br/lt1c?p=67&d=heterohard&c=heterohard2_smart_tim&k=sexy', 'Active', NULL, 82, NULL, 0),
(87, 'FOTOS', 4, 1, 0, 3, '100.00', 'CPC', 0, 5, 'http://wap.renxo.com/ec/es/subscriptionPlanDetail.do?id=4117&opd=false&pbid=625&wc=14254&trk=true', 'Active', NULL, 94, NULL, 0),
(88, 'FOTOS2', 4, 1, 0, 2, '300.00', 'CPC', 0, 4, 'http://wap.renxo.com/ec/es/subscriptionPlanDetail.do?id=4117&opd=false&pbid=625&wc=14255&trk=true', 'Active', NULL, 93, NULL, 0),
(89, 'CANDY', 4, 10, 0, 3, '100.00', 'CPC', 0, 5, 'http://wap.renxo.com/ec/es/subscriptionPlanDetail.do?id=4117&opd=false&pbid=618&wc=14256&trk=true', 'Active', NULL, 94, NULL, 0),
(90, 'Android Tablet', 27, 10, 0, 11, '9.13', 'CPM', 0, 3, 'http://himym.canalsony.com/', 'Active', NULL, 123, NULL, 0),
(91, 'CANDY2', 4, 10, 0, 2, '100.00', 'CPC', 0, 4, 'http://wap.renxo.com/ec/es/subscriptionPlanDetail.do?id=4117&opd=false&pbid=618&wc=14257&trk=true', 'Active', NULL, 93, NULL, 0),
(92, 'VIDEOS2', 4, 1, 0, 1, '250.00', 'CPC', 0, 5, 'http://wap.renxo.com/ec/es/subscriptionPlanDetail.do?id=4117&opd=false&pbid=795&wc=13344&trk=true', 'Active', NULL, 93, NULL, 0),
(93, 'iOS Phone', 27, 10, 0, 11, '9.13', 'CPM', 0, 3, 'http://himym.canalsony.com/', 'Active', NULL, 123, NULL, 0),
(94, 'iOS Tablet', 27, 10, 0, 11, '9.13', 'CPM', 0, 3, 'http://himym.canalsony.com/', 'Active', NULL, 123, NULL, 0),
(95, 'Android Phone', 27, 10, 0, 1, '50.00', 'CPM', 0, 3, 'http://himym.canalsony.com/', 'Active', NULL, 124, NULL, 0),
(96, 'Android Tablet', 27, 10, 0, 1, '50.00', 'CPM', 0, 3, 'http://himym.canalsony.com/', 'Active', NULL, 124, NULL, 0),
(97, 'GENERICA13193', 4, 10, 0, 2, '500.00', 'CPC', 0, 4, 'http://wap.renxo.com/subscriptionPlanDetail.do?grp=1442&opd=false&pbid=805&wc=13193&trk=true', 'Active', NULL, 76, NULL, 0),
(98, 'iOS Phone', 27, 10, 0, 1, '50.00', 'CPM', 0, 3, 'http://himym.canalsony.com/', 'Active', NULL, 124, NULL, 0),
(99, 'SUBWAY2', 1, 10, 0, 1, '35.00', 'CPC', 0, 5, 'http://wap.renxo.com/ec/es/subscriptionPlanDetail.do?id=4117&opd=false&pbid=780&ceid=12300&wc=13339&trk=true', 'Active', NULL, 93, NULL, 0),
(100, 'VIDEOS13195', 4, 12, 0, 2, '200.00', 'CPC', 0, 4, 'http://wap.renxo.com/subscriptionPlanDetail.do?grp=1442&opd=false&pbid=795&wc=13195&trk=true', 'Active', NULL, 77, NULL, 0),
(101, 'ROPECUT', 1, 10, 0, 1, '35.00', 'CPC', 0, 5, 'http://wap.renxo.com/ec/es/subscriptionPlanDetail.do?id=4117&opd=false&pbid=787&ceid=12326&wc=11842&trk=true', 'Active', NULL, 93, NULL, 0),
(102, 'iOS Tablet', 27, 10, 0, 1, '50.00', 'CPM', 0, 3, 'http://himym.canalsony.com/', 'Active', NULL, 124, NULL, 0),
(103, 'MUSICA13353', 4, 12, 0, 2, '200.00', 'CPC', 0, 4, 'http://wap.renxo.com/subscriptionPlanDetail.do?grp=1442&opd=false&pbid=697&wc=13353&trk=true&ftln=4', 'Active', NULL, 77, NULL, 0),
(104, 'MUSICA2', 22, 1, 0, 1, '50.00', 'CPC', 0, 5, 'http://wap.renxo.com/ec/es/subscriptionPlanDetail.do?id=4117&opd=false&pbid=697&wc=13343&trk=true', 'Active', NULL, 93, NULL, 0),
(105, 'Android Phone', 27, 10, 0, 11, '9.00', 'CPM', 0, 3, 'http://himym.canalsony.com/', 'Active', NULL, 125, NULL, 0),
(106, 'DRACORN2', 22, 10, 0, 1, '50.00', 'CPC', 0, 5, 'http://wap.renxo.com/ec/es/subscriptionPlanDetail.do?id=4117&opd=false&pbid=705&ceid=11893&wc=13340&trk=true', 'Active', NULL, 93, NULL, 0),
(107, 'Android Tablet', 27, 10, 0, 11, '9.00', 'CPM', 0, 3, 'http://himym.canalsony.com/', 'Active', NULL, 125, NULL, 0),
(108, 'GENERICA2', 22, 28, 0, 1, '50.00', 'CPC', 0, 5, 'http://wap.renxo.com/ec/es/subscriptionPlanDetail.do?id=4117&opd=false&pbid=805&wc=13342&trk=true', 'Active', NULL, 93, NULL, 0),
(109, 'iOS Phone', 27, 10, 0, 11, '9.00', 'CPM', 0, 3, 'http://himym.canalsony.com/', 'Active', NULL, 125, NULL, 0),
(110, 'GENERICA2', 4, 10, 0, 2, '50.00', 'CPC', 0, 4, 'http://wap.renxo.com/subscriptionPlanDetail.do?grp=1442&opd=false&pbid=805&wc=13352&trk=true&ftln=4', 'Active', NULL, 77, NULL, 0),
(111, 'AMOR1', 4, 12, 0, 2, '100.00', 'CPC', 0, 4, 'http://wap.renxo.com/subscriptionPlanDetail.do?grp=1440&cat=7&opd=false&pbid=571&ceid=9513&wc=14264&trk=true&ftln=4', 'Active', NULL, 76, NULL, 0),
(112, 'iOS Tablet', 27, 10, 0, 11, '9.00', 'CPM', 0, 3, 'http://himym.canalsony.com/', 'Active', NULL, 125, NULL, 0),
(113, 'Android Phone', 27, 10, 0, 1, '124.00', 'CPM', 0, 3, 'http://himym.canalsony.com/', 'Active', NULL, 126, NULL, 0),
(114, 'AMOR2', 4, 12, 0, 2, '20.00', 'CPC', 0, 4, 'http://wap.renxo.com/subscriptionPlanDetail.do?grp=1440&cat=7&opd=false&pbid=571&ceid=9513&wc=14265&trk=true&ftln=4', 'Active', NULL, 77, NULL, 0),
(115, 'Android Tablet', 27, 10, 0, 1, '124.00', 'CPM', 0, 3, 'http://himym.canalsony.com/', 'Active', NULL, 126, NULL, 0),
(116, 'iOS Phone', 27, 10, 0, 1, '124.00', 'CPM', 0, 3, 'http://himym.canalsony.com/', 'Active', NULL, 126, NULL, 0),
(117, 'CANDY1', 4, 10, 0, 2, '50.00', 'CPC', 0, 4, 'http://wap.renxo.com/subscriptionPlanDetail.do?grp=1440&cat=7&opd=false&pbid=618&ceid=9807&wc=14261&trk=true&ftln=4', 'Active', NULL, 76, NULL, 0),
(118, 'iOS Tablet', 27, 10, 0, 1, '124.00', 'CPM', 0, 3, 'http://himym.canalsony.com/', 'Active', NULL, 126, NULL, 0),
(119, 'CANDY2', 4, 10, 0, 2, '20.00', 'CPC', 0, 4, 'http://wap.renxo.com/subscriptionPlanDetail.do?grp=1440&cat=7&opd=false&pbid=618&ceid=9807&wc=14262&trk=true&ftln=4', 'Active', NULL, 77, NULL, 0),
(120, 'Android Phone', 27, 10, 0, 11, '22.00', 'CPM', 0, 3, 'http://himym.canalsony.com/', 'Active', NULL, 127, NULL, 0),
(121, 'Android Tablet', 27, 10, 0, 11, '22.00', 'CPM', 0, 3, 'http://himym.canalsony.com/', 'Active', NULL, 127, NULL, 0),
(122, 'iOS Phone', 27, 10, 0, 11, '22.00', 'CPM', 0, 3, 'http://himym.canalsony.com/', 'Active', NULL, 127, NULL, 0),
(123, 'VIDEOS3', 4, 12, 0, 2, '300.00', 'CPC', 0, 4, 'http://wap.renxo.com/subscriptionPlanDetail.do?grp=1442&opd=false&pbid=795&wc=14246&trk=true', 'Active', NULL, 76, NULL, 0),
(124, 'iOS Tablet', 27, 10, 0, 11, '22.00', 'CPM', 0, 3, 'http://himym.canalsony.com/', 'Active', NULL, 127, NULL, 0),
(125, 'MUSICA3', 7, 12, 0, 1, '10.00', 'CPC', 0, 3, 'http://wap.renxo.com/subscriptionPlanDetail.do?grp=1442&opd=false&pbid=697&wc=14245&trk=true', 'Active', NULL, 78, NULL, 0),
(126, '1003145', 5, 29, 0, 10, '100.00', 'CPC', 0, 3, 'http://helm.tekmob.com/pim/sexymovuy3?tid=1003145', 'Active', NULL, 11, NULL, 0),
(127, '1002583', 3, 10, 0, 1, '35.00', 'CPC', 1, 1, 'http://helm.tekmob.com/pim/juegosuy?tid=1002583', 'Active', NULL, 11, NULL, 0),
(128, '1002681', 4, 10, 0, 3, '500.00', 'CPC', 0, 5, 'http://helm.tekmob.com/pim/juegosuy?p=13&tid=1002681', 'Active', NULL, 128, NULL, 0),
(129, '1003120', 1, 10, 0, 9, '10.00', 'CPC', 0, 1, 'http://helm.tekmob.com/pim/juegosuy?p=13&tid=1003120', 'Active', NULL, 12, NULL, 0),
(130, 'MAYOR18-4-12588', 4, 29, 0, 2, '2000.00', 'CPC', 0, 4, 'http://wap.renxo.com/subscriptionPlanDetail.do?grp=1441&cat=79&opd=false&wc=12588&trk=true&pbid=726', 'Active', NULL, 73, NULL, 0),
(131, 'MUSICA-13210', 4, 12, 0, 2, '2000.00', 'CPC', 0, 4, 'http://wap.renxo.com/subscriptionPlanDetail.do?grp=1442&opd=false&pbid=697&ceid=12086&wc=13210&trk=true&ftln=4', 'Active', NULL, 73, NULL, 0),
(132, 'PASCUAS', 4, 29, 0, 2, '300.00', 'CPC', 0, 4, 'http://affiliate.nmbtrack.com/rd/r.php?sid=3869&pub=120329', 'Active', NULL, 114, NULL, 0),
(133, 'VIDEOS-13214', 4, 12, 0, 2, '2000.00', 'CPC', 0, 4, 'http://wap.renxo.com/subscriptionPlanDetail.do?grp=1442&opd=false&pbid=795&ceid=12086&wc=13214&trk=true&ftln=4', 'Active', NULL, 73, NULL, 0),
(134, '1002586', 26, 29, 0, 10, '10.00', 'CPC', 0, 3, 'http://helm.tekmob.com/pim/sexymovuy?tid=1002586', 'Active', NULL, 11, NULL, 0),
(135, 'GENERICA12280', 4, 10, 0, 2, '500.00', 'CPC', 0, 4, 'http://wap.renxo.com/subscriptionPlanDetail.do?grp=4114&cat=7&opd=false&pbid=779&ceid=10957&wc=12280&trk=true&ftln=4', 'Active', NULL, 75, NULL, 0),
(136, 'RADIOROCK', 4, 1, 0, 3, '500.00', 'CPC', 0, 5, 'http://affiliate.nmbtrack.com/rd/r.php?sid=3858&pub=120329', 'Active', NULL, 115, NULL, 0),
(137, 'PES1', 4, 10, 0, 2, '40.00', 'CPC', 0, 4, 'http://wap.renxo.com/subscriptionPlanDetail.do?grp=4114&cat=7&opd=false&pbid=568&ceid=9434&wc=14186&trk=true&ftln=4', 'Active', NULL, 75, NULL, 0),
(138, 'SIMS', 4, 10, 0, 3, '50.00', 'CPC', 0, 5, 'http://affiliate.nmbtrack.com/rd/r.php?sid=4354&pub=120329', 'Active', NULL, 115, NULL, 0),
(139, 'CANDY1', 4, 10, 0, 2, '60.00', 'CPC', 0, 4, 'http://wap.renxo.com/subscriptionPlanDetail.do?id=4114&opd=false&pbid=618&ceid=9807&wc=14190&trk=true&ftln=4', 'Active', NULL, 75, NULL, 0),
(140, 'AMOR1', 4, 12, 0, 2, '100.00', 'CPC', 0, 4, 'http://wap.renxo.com/subscriptionPlanDetail.do?id=4114&opd=false&pbid=571&ceid=9513&wc=14240&trk=true&ftln=4', 'Active', NULL, 75, NULL, 0),
(141, 'MAYOR18-4-12583', 4, 29, 0, 2, '4000.00', 'CPC', 0, 4, 'http://wap.renxo.com/subscriptionPlanDetail.do?grp=1441&cat=79&opd=false&wc=12583&trk=true&pbid=726', 'Active', NULL, 71, NULL, 0),
(142, 'NENASARDIENTES_201404', 4, 29, 0, 2, '300.00', 'CPC', 0, 4, 'http://wap.mx.toing.com.br/landingwap/?origem=MADNET_VANEGA_IUSACELL_NENASARDIENTES_201404', 'Active', NULL, 15, NULL, 0),
(143, 'MUSICA-13209', 4, 12, 0, 2, '2000.00', 'CPC', 0, 4, 'http://wap.renxo.com/subscriptionPlanDetail.do?grp=1442&opd=false&pbid=697&ceid=12086&wc=13209&trk=true&ftln=4', 'Active', NULL, 71, NULL, 0),
(144, 'VIDEOS-13213', 4, 12, 0, 2, '2000.00', 'CPC', 0, 4, 'http://wap.renxo.com/subscriptionPlanDetail.do?grp=1442&opd=false&pbid=795&ceid=12086&wc=13213&trk=true&ftln=4', 'Active', NULL, 71, NULL, 0),
(145, 'VIDEOSOSCURIOSOS_201404', 4, 1, 0, 2, '500.00', 'CPC', 0, 4, 'http://wap.mx.toing.com.br/landingwap/?origem=MADNET_VANEGA_IUSACELL_VIDEOSCURIOSOS_201404', 'Active', NULL, 15, NULL, 0),
(146, 'GENERICA-12278', 4, 10, 0, 2, '2000.00', 'CPC', 0, 4, 'http://wap.renxo.com/subscriptionPlanDetail.do?grp=1442&opd=false&pbid=805&ceid=10957&wc=12278&trk=true&ftln=4', 'Active', NULL, 71, NULL, 0),
(147, 'CANDY2', 4, 10, 0, 2, '50.00', 'CPC', 0, 4, 'http://wap.renxo.com/subscriptionPlanDetail.do?grp=1440&cat=7&opd=false&pbid=618&ceid=9807&wc=14191&trk=true&ftln=4', 'Active', NULL, 71, NULL, 0),
(148, 'MAYOR18-4-12585', 4, 29, 0, 2, '2000.00', 'CPC', 0, 4, 'http://wap.renxo.com/subscriptionPlanDetail.do?grp=1441&cat=79&opd=false&wc=12585&trk=true&pbid=726', 'Active', NULL, 72, NULL, 0),
(149, 'MAYOR18-11409', 4, 29, 0, 2, '2000.00', 'CPC', 0, 4, 'http://wap.renxo.com/subscriptionPlanDetail.do?grp=1441&cat=79&opd=false&wc=11409&trk=true&pbid=726', 'Active', NULL, 72, NULL, 0),
(150, 'GENERICA-12279', 4, 10, 0, 2, '2000.00', 'CPC', 0, 4, 'http://wap.renxo.com/subscriptionPlanDetail.do?grp=1442&opd=false&pbid=805&ceid=10957&wc=12279&trk=true&ftln=4', 'Active', NULL, 72, NULL, 0),
(151, 'WORLDFOOTBALL_201405', 4, 24, 0, 2, '100.00', 'CPC', 0, 4, 'http://wap.mx.toing.com.br/landingwap/?origem=MADNET_VANEGA_IUSACELL_WORLDFOOTBALL_201405', 'Active', NULL, 15, NULL, 0),
(152, 'MUSICA-13211', 4, 12, 0, 2, '2000.00', 'CPC', 0, 4, 'http://wap.renxo.com/subscriptionPlanDetail.do?grp=1442&opd=false&pbid=697&ceid=12086&wc=13211&trk=true&ftln=4', 'Active', NULL, 72, NULL, 0),
(153, 'CHICASSEXY_201404', 4, 29, 0, 2, '50.00', 'CPC', 0, 4, 'http://wap.mx.toing.com.br/landingwap/?origem=MADNET_VANEGA_IUSACELL_CHICASSEXY_201404', 'Active', NULL, 15, NULL, 0),
(154, 'VAN30', 4, 30, 0, 2, '250.00', 'CPC', 0, 4, 'http://movil-star.net/hotptpromo9/index.php?cid=VAN30&b=ban14&mytoken={user_token}Â Â ', 'Active', NULL, 97, NULL, 0),
(155, 'VIDEOS-13215', 4, 12, 0, 2, '50.00', 'CPC', 0, 4, 'http://wap.renxo.com/subscriptionPlanDetail.do?grp=1442&opd=false&pbid=795&ceid=12086&wc=13215&trk=true&ftln=4', 'Active', NULL, 72, NULL, 0),
(156, 'TRAVIESAS_201405', 4, 29, 0, 2, '200.00', 'CPC', 0, 4, 'http://wap.mx.toing.com.br/landingwap/?origem=MADNET_VANEGA_IUSACELL_TRAVIESAS_201405', 'Active', NULL, 15, NULL, 0),
(157, 'MAYOR18-5-12605', 4, 29, 0, 2, '2000.00', 'CPC', 0, 4, 'http://wap.renxo.com/subscriptionPlanDetail.do?grp=1441&cat=79&opd=false&wc=12605&trk=true&pbid=726', 'Active', NULL, 72, NULL, 0),
(158, 'CANDY3', 4, 10, 0, 2, '20.00', 'CPC', 0, 4, 'http://wap.renxo.com/subscriptionPlanDetail.do?grp=1440&cat=7&opd=false&pbid=618&ceid=9807&wc=14192&trk=true&ftln=4', 'Active', NULL, 72, NULL, 0),
(159, 'NETRIS3', 4, 10, 0, 2, '20.00', 'CPC', 0, 4, 'http://wap.renxo.com/subscriptionPlanDetail.do?grp=1440&cat=7&opd=false&pbid=573&ceid=9512&wc=14204&trk=true&ftln=4', 'Active', NULL, 72, NULL, 0),
(160, 'VIDEOSNEON_201406', 4, 29, 0, 2, '50.00', 'CPC', 0, 4, 'http://wap.mx.toing.com.br/landingwap/?origem=MADNET_VANEGA_IUSACELL-VIDEOSNEON_201406', 'Active', NULL, 15, NULL, 0),
(161, 'GENERICA12277', 4, 10, 0, 3, '2000.00', 'CPC', 0, 5, 'http://wap.renxo.com/subscriptionPlanDetail.do?grp=1442&opd=false&pbid=805&ceid=10957&wc=12277&trk=true&ftln=4', 'Active', NULL, 74, NULL, 0),
(162, 'MUSICA12276', 4, 12, 0, 3, '1500.00', 'CPC', 0, 5, 'http://wap.renxo.com/subscriptionPlanDetail.do?grp=1442&opd=false&pbid=697&ceid=12086&wc=12276&trk=true&ftln=4', 'Active', NULL, 74, NULL, 0),
(163, 'ALL_CSTRIKE_201406', 6, 10, 0, 1, '30.00', 'CPC', 0, 1, 'http://wap.mx.toing.com.br/landingwap/?origem=MADNET_VANEGA_ALL_CSTRIKE_201406', 'Active', NULL, 15, NULL, 0),
(164, 'VIDEOS13212', 4, 12, 0, 3, '1000.00', 'CPC', 0, 5, 'http://wap.renxo.com/subscriptionPlanDetail.do?grp=1442&opd=false&pbid=795&ceid=12086&wc=13212&trk=true&ftln=4', 'Active', NULL, 74, NULL, 0),
(165, 'CLUBSEXY_201406', 5, 29, 0, 10, '100.00', 'CPC', 0, 1, 'http://wap.mx.toing.com.br/landingwap/?origem=MADNET_VANEGA_IUSACELL_CLUBSEXY_201406', 'Active', NULL, 15, NULL, 0),
(167, 'MAYOR18-9', 4, 29, 0, 3, '300.00', 'CPC', 0, 5, 'http://wap.renxo.com/subscriptionPlanDetail.do?grp=1441&cat=79&opd=false&wc=11561&trk=true&pbid=726', 'Active', NULL, 74, NULL, 0),
(168, 'MAYOR18-10', 4, 29, 0, 3, '600.00', 'CPC', 0, 5, 'http://wap.renxo.com/subscriptionPlanDetail.do?grp=1441&cat=79&opd=false&wc=12580&trk=true&pbid=726', 'Active', NULL, 74, NULL, 0),
(169, 'MAYOR18-11', 4, 29, 0, 3, '500.00', 'CPC', 0, 5, 'http://wap.renxo.com/subscriptionPlanDetail.do?grp=1441&cat=79&opd=false&wc=12582&trk=true&pbid=726', 'Active', NULL, 74, NULL, 0),
(170, 'FOTOS4', 4, 12, 0, 3, '220.00', 'CPC', 0, 5, 'http://wap.renxo.com/subscriptionPlanDetail.do?grp=1442&opd=false&pbid=625&ceid=5481&wc=14185&trk=true&ftln=4', 'Active', NULL, 74, NULL, 0),
(171, 'PES4', 4, 10, 0, 3, '20.00', 'CPC', 0, 5, 'http://wap.renxo.com/subscriptionPlanDetail.do?grp=1440&cat=7&opd=false&pbid=568&ceid=9434&wc=14189&trk=true&ftln=4', 'Active', NULL, 74, NULL, 0),
(172, 'CANDY4', 4, 10, 0, 3, '40.00', 'CPC', 0, 5, 'http://wap.renxo.com/subscriptionPlanDetail.do?grp=1440&cat=7&opd=false&pbid=618&ceid=9807&wc=14193&trk=true&ftln=4', 'Active', NULL, 74, NULL, 0),
(173, 'NETRIS4', 4, 10, 0, 3, '30.00', 'CPC', 0, 5, 'http://wap.renxo.com/subscriptionPlanDetail.do?grp=1440&cat=7&opd=false&pbid=573&ceid=9512&wc=14205&trk=true&ftln=4', 'Active', NULL, 74, NULL, 0),
(174, 'SEXYSEXY_201408', 4, 29, 0, 2, '20.00', 'CPC', 0, 4, 'http://wap.toing.com.ar/landingwap/?origem=MADNET_VANEGA_PER_SEXYSEXY_201408', 'Active', NULL, 14, NULL, 0),
(175, 'Aplicaciones CO', 4, 12, 0, 2, '100.00', 'CPC', 0, 4, 'http://wap.colombia.comcel.mobilewap.com/apps/lpageec.aspx?eid=285157&oid=1231', 'Active', NULL, 23, NULL, 0),
(176, 'PORNO2', 2, 29, 0, 10, '50.00', 'CPC', 0, 3, 'http://buongiorno.go2cloud.org/SH49K', 'Active', NULL, 89, NULL, 0),
(177, 'PORNO1', 4, 29, 0, 3, '75.00', 'CPC', 0, 3, 'http://buongiorno.go2cloud.org/aff_c?offer_id=420&aff_id=1890&source=GO1', 'Active', NULL, 89, NULL, 0),
(178, 'Aplicaciones 2 CO', 4, 12, 0, 3, '40.00', 'CPC', 0, 5, 'http://wap.colombia.comcel.mobilewap.com/apps/lpageec.aspx?eid=287920&oid=1231', 'Active', NULL, 130, NULL, 0),
(179, '1002580', 3, 10, 0, 1, '10.00', 'CPC', 0, 5, 'http://helm.tekmob.com/pim/chilefun?p=2&tid=1002580', 'Active', NULL, 95, NULL, 0),
(180, '1003041', 3, 10, 0, 1, '10.00', 'CPC', 0, 5, 'http://helm.tekmob.com/pim/chilefun?p=12&tid=1003041', 'Active', NULL, 121, NULL, 0),
(181, 'FETICHEAR', 4, 12, 0, 3, '500.00', 'CPC', 0, 5, 'http://r.mobilewap.com/fetiche?oid=1233', 'Active', NULL, 22, NULL, 0),
(182, 'JUEGOSAR-PERSONAL', 4, 10, 0, 2, '400.00', 'CPC', 0, 4, 'http://personal.mobilewap.com/portalrt/lpageec.aspx?eid=276508&oid=1232', 'Active', NULL, 19, NULL, 0),
(183, 'HOTAR-SEG-PERSONAL ', 25, 29, 0, 10, '10.00', 'CPC', 0, 5, 'http://personal.mobilewap.com/dcwapa/lpageec.aspx?eid=291871&oid=1232', 'Active', NULL, 19, NULL, 0),
(184, 'RUBIASAR', 25, 29, 0, 1, '5.00', 'CPC', 0, 4, 'http://r.mobilewap.com/sexy?oid=1232', 'Active', NULL, 22, NULL, 0),
(185, '1', 25, 29, 0, 10, '10.00', 'CPC', 0, 2, 'http://avcheck.softcoreparty.co.uk/vanega?', 'Active', NULL, 26, NULL, 0),
(186, '2', 25, 29, 0, 10, '10.00', 'CPC', 0, 3, 'http://avcheck.softcoreparty.co.uk/vanega2?', 'Active', NULL, 26, NULL, 0),
(187, '3', 25, 29, 0, 1, '10.00', 'CPC', 0, 2, 'http://avcheck.softcoreparty.co.uk/vanega3?', 'Active', NULL, 26, NULL, 0),
(188, 'SLELX', 25, 30, 0, 10, '4.00', 'CPC', 0, 5, 'http://msplash-fr.slelx.com/adv-video-mask-443_0000.html', 'Active', NULL, 31, NULL, 0),
(189, '5', 26, 29, 0, 1, '10.00', 'CPC', 0, 2, 'http://avcheck.softcoreparty.co.uk/vanega5?', 'Active', NULL, 26, NULL, 0),
(190, 'GAMBLING1', 25, 28, 0, 10, '10.00', 'CPC', 0, 5, 'https://launch1.co/serve?action=click&publisher_id=81792&site_id=61618&offer_id=310376&my_campaign=MatchUpPromo&my_publisher=17376&my_ad=36013', 'Active', NULL, 91, NULL, 0),
(191, 'index52', 4, 29, 0, 3, '150.00', 'CPC', 0, 5, 'http://servicios2.conceptomovil.com/sexy_club/bin/index52.php', 'Active', NULL, 58, NULL, 0),
(192, 'LogiciPhone5', 4, 10, 0, 3, '50.00', 'CPC', 0, 5, 'http://play-logic-games.com/mx/100/LogiciPhone5_wifi/?referrer=2200', 'Active', NULL, 116, NULL, 0),
(193, 'ZORRITAS3065', 4, 29, 0, 3, '300.00', 'CPC', 0, 5, 'http://wap.divertonos.com.ar/pm/pm.aspx?i=3065', 'Active', NULL, 55, NULL, 0),
(194, 'GamiFive', 4, 10, 0, 3, '20.00', 'CPC', 0, 5, 'http://buongiorno.go2cloud.org/aff_c?offer_id=292&aff_id=1890&source=GO1', 'Active', NULL, 108, NULL, 0),
(195, 'SEXY1', 4, 29, 0, 3, '30.00', 'CPC', 0, 5, 'http://wap2.amovil.mx/publicity/Vanega/requestPostBack/C18LPO174U1', 'Active', NULL, 65, NULL, 0),
(196, 'PES2', 1, 10, 0, 1, '10.00', 'CPC', 0, 1, 'http://wap.renxo.com/ec/es/subscriptionPlanDetail.do?id=4117&opd=false&pbid=568&ceid=9434&wc=13338&trk=true', 'Active', NULL, 93, NULL, 0),
(197, 'MUSICA2-13375', 3, 12, 0, 1, '20.00', 'CPM', 0, 3, 'http://wap.renxo.com/subscriptionPlanDetail.do?grp=1442&opd=false&pbid=825&wc=13375&trk=true&ftln=4', 'Active', NULL, 71, NULL, 0),
(198, 'CANDY', 6, 10, 0, 1, '10.00', 'CPC', 0, 1, 'http://wap.renxo.com/subscriptionPlanDetail.do?grp=1440&cat=7&opd=false&pbid=618&ceid=9807&wc=14296&trk=true&ftln=4', 'Active', NULL, 32, NULL, 0),
(199, 'GENERICA', 1, 12, 0, 9, '10.00', 'CPC', 0, 1, 'http://wap.renxo.com/subscriptionPlanDetail.do?grp=1442&opd=false&pbid=805&ceid=10957&wc=14308&trk=true&ftln=4', 'Active', NULL, 32, NULL, 0),
(200, 'FOTOS1', 3, 12, 0, 1, '10.00', 'CPM', 0, 3, 'http://wap.renxo.com/subscriptionPlanDetail.do?grp=1442&opd=false&pbid=625&ceid=5481&wc=14258&trk=true&ftln=4', 'Active', NULL, 76, NULL, 0),
(201, 'HARDCORE18_201408', 8, 30, 0, 1, '10.00', 'CPC', 0, 1, 'http://wap.toing.com.br/landing/?origem=MADNET_VANEGA_VIVO_ADULTO_HARDCORE18_201408', 'Active', NULL, 39, NULL, 0),
(202, 'HARDCORE18_201408', 8, 30, 0, 1, '10.00', 'CPC', 0, 4, 'http://wap.toing.com.br/landing/?origem=MADNET_VANEGA_ALL_ADULTO_HARDCORE18_201408', 'Active', NULL, 43, NULL, 0),
(203, '1002247', 3, 12, 0, 1, '10.00', 'CPM', 0, 3, 'http://helm.tekmob.com/pim/magenta2013?tid=1002247', 'Active', NULL, 35, NULL, 0),
(204, 'BIRDFIGHTER', 3, 10, 0, 1, '10.00', 'CPC', 0, 5, 'http://wap.renxo.com/subscriptionPlanDetail.do?grp=1440&cat=7&opd=false&pbid=789&wc=14247&trk=true', 'Active', NULL, 93, NULL, 0),
(205, 'JAMTRAVESURAS_IMG_201408', 4, 12, 0, 3, '20.00', 'CPC', 0, 5, 'http://wap.toing.com.co/landingwap/?origem=MADNET_VANEGA_ALL_MUSICA_JAMTRAVESURAS_IMG_201408', 'Active', NULL, 46, NULL, 0),
(206, 'AMOR', 3, 5, 0, 1, '10.00', 'CPC', 0, 5, 'http://wap.renxo.com/subscriptionPlanDetail.do?grp=1440&cat=7&opd=false&pbid=571&wc=14315&trk=true', 'Active', NULL, 93, NULL, 0),
(207, 'KEVINVITE_IMG_201408', 7, 12, 0, 1, '10.00', 'CPC', 0, 1, 'http://wap.toing.com.co/landingwap/?origem=MADNET_VANEGA_ALL_MUSICA_KEVINVITE_IMG_201408', 'Active', NULL, 44, NULL, 0),
(208, 'SILDECLARACION_IMG_201408', 1, 12, 0, 7, '10.00', 'CPC', 0, 1, 'http://wap.toing.com.co/landingwap/?origem=MADNET_VANEGA_ALL_MUSICA_SILDECLARACION_IMG_201408', 'Active', NULL, 44, NULL, 0),
(209, 'BLACKBANDIDA_IMG_201408', 3, 12, 0, 1, '10.00', 'CPC', 0, 1, 'http://wap.toing.com.co/landingwap/?origem=MADNET_VANEGA_ALL_MUSICA_BLACKBANDIDA_IMG_201408', 'Active', NULL, 46, NULL, 0),
(210, 'GEN JUEGOS', 11, 28, 0, 1, '10.00', 'CPC', 0, 5, 'http://wap.renxo.com/subscriptionPlanDetail.do?grp=1440&cat=7&opd=false&pbid=805&wc=14318&trk=true', 'Active', NULL, 93, NULL, 0),
(211, 'PES3', 11, 10, 0, 1, '10.00', 'CPC', 0, 5, 'http://wap.renxo.com/ec/es/subscriptionPlanDetail.do?id=4117&opd=false&pbid=568&ceid=9434&wc=14446&trk=true', 'Active', NULL, 93, NULL, 0),
(212, 'TORTUGAS2', 1, 10, 0, 1, '10.00', 'CPC', 0, 1, 'http://wap.renxo.com/subscriptionPlanDetail.do?grp=1440&cat=7&opd=false&pbid=799&wc=14317&trk=true', 'Active', NULL, 93, NULL, 0),
(213, 'FRUIT', 7, 10, 0, 1, '10.00', 'CPC', 0, 4, 'http://wap.renxo.com/subscriptionPlanDetail.do?grp=1440&cat=7&opd=false&pbid=606&ceid=10972&wc=14301&trk=true&ftln=4', 'Active', NULL, 33, NULL, 0),
(214, 'NETRIS', 3, 10, 0, 1, '10.00', 'CPM', 0, 3, 'http://wap.renxo.com/subscriptionPlanDetail.do?grp=1440&cat=7&opd=false&pbid=573&ceid=9512&wc=14304&trk=true&ftln=4', 'Active', NULL, 32, NULL, 0),
(215, 'FIFA', 3, 10, 0, 1, '10.00', 'CPC', 0, 5, 'http://affiliate.nmbtrack.com/rd/r.php?sid=4347&pub=120329', 'Active', NULL, 114, NULL, 0),
(216, '1003040', 3, 10, 0, 1, '10.00', 'CPC', 0, 5, 'http://helm.tekmob.com/pim/chilefun?p=12&tid=1003040', 'Active', NULL, 96, NULL, 0),
(217, 'CANDENTES_201409', 26, 29, 0, 1, '10.00', 'CPC', 0, 1, 'http://wap.mx.toing.com.br/landingwap/?origem=MADNET_VANEGA_TELCEL_ADULTO_CANDENTES_201409', 'Active', NULL, 133, NULL, 0),
(218, 'CLUBSEXY_201409', 25, 29, 0, 1, '10.00', 'CPC', 0, 1, 'http://wap.mx.toing.com.br/landingwap/?origem=MADNET_VANEGA_TELCEL_ADULTO_CLUBSEXY_201409', 'Active', NULL, 133, NULL, 0),
(219, 'HOTAR-PERSONAL', 5, 29, 0, 10, '50.00', 'CPC', 0, 4, 'http://personal.mobilewap.com/dcwapa/lpageec.aspx?eid=276498&oid=1232', 'Active', NULL, 19, NULL, 0),
(220, 'AMOR2', 24, 5, 0, 1, '10.00', 'CPC', 0, 5, 'http://wap.renxo.com/subscriptionPlanDetail.do?grp=1440&cat=7&opd=false&pbid=571&wc=14448&trk=true', 'Active', NULL, 93, NULL, 0),
(222, 'GAMES1', 3, 10, 0, 1, '10.00', 'CPM', 1, 5, 'http://geral.jetdownload.com.br/lv-newgames2?p=67&d=newgames2&c=newgames2_smart_vivo&k=games', 'Active', NULL, 83, NULL, 0),
(223, 'MAYOR18-11410', 8, 29, 0, 1, '10.00', 'CPC', 0, 3, 'http://wap.renxo.com/subscriptionPlanDetail.do?grp=1441&cat=79&opd=false&wc=11410&trk=true&pbid=726', 'Active', NULL, 73, NULL, 0),
(224, 'Sexy2', 26, 29, 0, 1, '10.00', 'CPC', 0, 3, 'http://sc.tusitio.mobi/mx/i/suscripcion-wap-smtb?sourceid=160&pixel=kickads', 'Active', NULL, 57, NULL, 0),
(225, 'BOMBERXMEN', 22, 10, 0, 1, '50.00', 'CPC', 0, 5, 'http://wap.renxo.com/ec/es/subscriptionPlanDetail.do?id=4117&opd=false&pbid=610&wc=14598&trk=true', 'Active', NULL, 93, NULL, 0),
(226, 'SUBWAY4', 22, 10, 0, 1, '50.00', 'CPC', 0, 5, 'http://wap.renxo.com/ec/es/subscriptionPlanDetail.do?id=4117&opd=false&pbid=780&ceid=12300&wc=13637&trk=true', 'Active', NULL, 93, NULL, 0),
(227, '1002209', 3, 10, 0, 1, '10.00', 'CPC', 0, 3, 'http://helm.tekmob.com/pim/juegoparaguay?tid=1002209', 'Active', NULL, 81, NULL, 0),
(228, '1002215', 3, 10, 0, 1, '10.00', 'CPC', 0, 3, 'http://helm.tekmob.com/pim/juegoschicken?tid=1002215', 'Active', NULL, 81, NULL, 0),
(229, 'FitnessMagui', 7, 11, 0, 1, '10.00', 'CPC', 0, 3, 'http://www.arsexy.com/npa/confirmacion.aspx?pro=154', 'Active', NULL, 131, NULL, 0),
(230, 'CHICASCALIENTES3061', 25, 29, 0, 1, '10.00', 'CPC', 0, 4, 'http://wap.divertonos.com.ar/pm/pm.aspx?i=3061', 'Active', NULL, 54, NULL, 0),
(232, 'magui129', 25, 29, 0, 10, '10.00', 'CPC', 0, 3, 'http://www.arsexy.com/npa/confirmacion.aspx?pro=129', 'Active', NULL, 131, NULL, 0),
(233, 'AMOR1', 3, 12, 0, 1, '10.00', 'CPC', 1, 5, 'http://amor.jetdownload.com.br/lv-content-amor?p=67&d=amor&c=amor_smart_vivo&k=amor', 'Active', NULL, 83, NULL, 0),
(234, 'coty140', 26, 29, 0, 10, '10.00', 'CPC', 0, 1, 'http://www.arsexy.com/npa/confirmacion.aspx?pro=140', 'Active', NULL, 131, NULL, 0),
(236, 'MAYOR18-2', 25, 29, 0, 10, '10.00', 'CPC', 0, 4, 'http://wap.renxo.com/subscriptionPlanDetail.do?grp=1441&cat=79&opd=false&wc=14438&trk=true&pbid=726', 'Active', NULL, 32, NULL, 0),
(237, 'index50', 5, 29, 0, 1, '10.00', 'CPC', 0, 1, 'http://servicios2.conceptomovil.com/sexy_club/bin/index50.php', 'Active', NULL, 56, NULL, 0),
(238, 'GATASEXY2_201408', 5, 30, 0, 1, '10.00', 'CPC', 0, 3, 'http://wap.toing.com.br/landing/?origem=MADNET_VANEGA_TIM_ADULTO_GATASEXY2_201408', 'Active', NULL, 41, NULL, 0),
(239, 'MUSIC1', 3, 12, 0, 1, '10.00', 'CPC', 0, 5, 'http://geral.jetdownload.com.br/lv-newcontent?p=67&d=musica2&c=musica4_smart_vivo&k=music', 'Active', NULL, 83, NULL, 0),
(240, 'GAMES3', 3, 10, 0, 1, '10.00', 'CPC', 0, 5, 'http://geral.jetdownload.com.br/lt-newgames2?p=67&d=newgames2&c=newgames2_smart_tim&k=games', 'Active', NULL, 82, NULL, 0),
(241, 'SEXY1', 8, 29, 0, 1, '10.00', 'CPC', 0, 5, ' http://adulto.jetdownload.com.br/lv-erotika?p=67&d=cluberotika&c=cluberotika_smart_vivo&k=vod', 'Active', NULL, 83, NULL, 0),
(242, 'FitnessMagui', 3, 11, 0, 1, '0.10', 'CPM', 0, 3, 'http://www.arsexy.com/npa/confirmacion.aspx?pro=154', 'Active', NULL, 131, NULL, 0),
(243, 'VIDEOS', 3, 12, 0, 1, '10.00', 'CPC', 1, 3, 'http://ads.waymedia.mobi/track/url/cid/1158/', 'Active', NULL, 149, NULL, 0),
(244, 'LogiciPhone5', 4, 10, 0, 1, '50.00', 'CPC', 0, 5, 'http://play-logic-games.com/mx/100/LogiciPhone5_wifi/?referrer=2200', 'Active', NULL, 116, NULL, 0),
(246, 'AMOR3', 4, 5, 0, 3, '50.00', 'CPC', 0, 5, 'http://wap.renxo.com/ec/es/subscriptionPlanDetail.do?id=4117&opd=false&pbid=571&wc=14449&trk=true', 'Active', NULL, 93, NULL, 0),
(248, 'Android', 4, 9, 0, 1, '247.00', 'CPC', 0, 1, 'https://play.google.com/store/apps/details?id=com.pedidosya&hl=es_419&utm_source=Preguntados&utm_medium=cpm&utm_campaign=descargas%20app', 'Active', NULL, 119, NULL, 0),
(249, 'iOS', 4, 9, 0, 1, '247.00', 'CPC', 0, 2, 'https://86984.api-03.com/serve?action=click&publisher_id=86984&site_id=29222&offer_id=316546', 'Active', NULL, 119, NULL, 0),
(250, 'Android', 4, 9, 0, 1, '247.00', 'CPC', 0, 1, 'https://play.google.com/store/apps/details?id=com.pedidosya&hl=es_419&utm_source=Preguntados&utm_medium=cpm&utm_campaign=descargas%20app', 'Active', NULL, 120, NULL, 0),
(251, 'iOS', 4, 9, 0, 1, '247.00', 'CPC', 0, 2, 'https://86984.api-03.com/serve?action=click&publisher_id=86984&site_id=29222&offer_id=316546', 'Active', NULL, 120, NULL, 0),
(252, 'IlusioniPhone5', 4, 1, 0, 1, '50.00', 'CPC', 0, 5, 'http://play-logic-games.com/mx/100/IllusioniPhone5S_wifi/?referrer=2200', 'Active', NULL, 116, NULL, 0),
(253, 'GENERICA3', 7, 10, 0, 1, '10.00', 'CPC', 0, 3, 'http://wap.renxo.com/subscriptionPlanDetail.do?grp=1442&opd=false&pbid=805&wc=14244&trk=true', 'Active', NULL, 78, NULL, 0),
(254, 'FIFA', 22, 10, 0, 1, '50.00', 'CPC', 0, 5, 'http://affiliate.nmbtrack.com/rd/r.php?sid=4347&pub=120329', 'Active', NULL, 114, NULL, 0),
(255, 'MUSIC3', 3, 12, 0, 1, '10.00', 'CPC', 1, 5, 'http://geral.jetdownload.com.br/lt-newcontent?p=67&d=musica2&c=musica4_smart_tim&k=music', 'Active', NULL, 82, NULL, 0),
(256, 'MINICOCO', 22, 10, 0, 1, '50.00', 'CPC', 0, 5, 'http://wap.renxo.com/ec/es/subscriptionPlanDetail.do?id=4117&opd=false&pbid=569&wc=14320&trk=true', 'Active', NULL, 93, NULL, 0),
(257, 'Mobile Web', 3, 28, 0, 1, '75.00', 'CPM', 0, 5, 'Tag', 'Active', NULL, 145, NULL, 0),
(258, 'App', 3, 28, 1, 1, '75.00', 'CPM', 0, 5, 'Tag', 'Active', NULL, 145, NULL, 0),
(259, 'PES', 6, 10, 0, 1, '10.00', 'CPC', 0, 1, 'http://wap.renxo.com/subscriptionPlanDetail.do?grp=1440&cat=7&opd=false&pbid=568&ceid=9434&wc=14313&trk=true&ftln=4', 'Active', NULL, 33, NULL, 0),
(260, 'colegialas', 25, 29, 0, 1, '10.00', 'CPC', 0, 5, 'http://affiliate.nmbtrack.com/rd/r.php?sid=3871&pub=120329', 'Active', NULL, 114, NULL, 0),
(261, 'FUTBOL_201409', 22, 24, 0, 1, '10.00', 'CPC', 0, 3, 'http://wap.mx.toing.com.br/rediradnet/?origem=MADNET_VANEGA_TELCEL_MEDIOTIEMPO_FUTBOL_201409', 'Active', NULL, 133, NULL, 0),
(262, 'FAMOSOS_201409', 22, 1, 0, 1, '10.00', 'CPC', 0, 3, 'http://wap.mx.toing.com.br/rediradnet/?origem=MADNET_VANEGA_TELCEL_MEDIOTIEMPO_FAMOSOS_201409', 'Active', NULL, 133, NULL, 0),
(263, 'DEPORTES_201409', 22, 24, 0, 1, '10.00', 'CPC', 0, 3, 'http://wap.mx.toing.com.br/rediradnet/?origem=MADNET_VANEGA_TELCEL_MEDIOTIEMPO_DEPORTES_201409', 'Active', NULL, 133, NULL, 0),
(264, 'KIDS', 3, 6, 0, 1, '10.00', 'CPC', 1, 3, 'http://ads.waymedia.mobi/track/url/cid/1168/', 'Active', NULL, 148, NULL, 0),
(265, 'HALLOWEEN', 7, 10, 0, 1, '15.00', 'CPC', 0, 5, 'http://wap.renxo.com/ec/es/subscriptionPlanDetail.do?id=4117&opd=false&pbid=682&wc=14593&trk=true', 'Active', NULL, 93, NULL, 0),
(266, 'Ban18', 4, 30, 0, 3, '50.00', 'CPC', 0, 5, 'http://movil-star.net/hotptpromo9/index.php?cid=VAN38&b=ban11&mytoken=', 'Active', NULL, 97, NULL, 0),
(267, 'ban21', 4, 30, 0, 1, '50.00', 'CPC', 0, 5, 'http://movil-star.net/hotptpromo9/index.php?cid=VAN39&b=ban21&mytoken=', 'Active', NULL, 97, NULL, 0),
(268, 'VAN37', 8, 30, 0, 1, '15.00', 'CPC', 0, 5, 'http://movil-star.net/hotptpromo9/index.php?cid=VAN37&b=ban10&mytoken=', 'Active', NULL, 97, NULL, 0),
(269, '1002887', 5, 29, 0, 10, '10.00', 'CPC', 0, 3, 'http://helm.tekmob.com/pim/sexycell?tid=1002987', 'Active', NULL, 81, NULL, 0),
(270, 'VIDEOS2', 3, 12, 0, 1, '10.00', 'CPC', 1, 3, 'http://wap.renxo.com/subscriptionPlanDetail.do?grp=1442&opd=false&pbid=795&wc=13380&trk=true&ftln=4', 'Active', NULL, 73, NULL, 0),
(271, '1002581', 3, 10, 0, 1, '10.00', 'CPC', 0, 5, 'http://helm.tekmob.com/pim/chilefun?p=3&tid=1002581', 'Active', NULL, 96, NULL, 0),
(272, 'AMTRAVESURAS_IMG_201408', 3, 12, 0, 1, '10.00', 'CPM', 0, 3, 'http://wap.toing.com.co/landingwap/?origem=MADNET_VANEGA_ALL_MUSICA_JAMTRAVESURAS_IMG_201408', 'Active', NULL, 46, NULL, 0),
(273, 'Gaming', 3, 10, 0, 1, '50.00', 'CPM', 0, 5, 'Tag', 'Active', NULL, 146, NULL, 0),
(274, 'KIDS2', 9, 6, 0, 1, '10.00', 'CPC', 1, 3, 'http://ads.waymedia.mobi/track/url/cid/1169/', 'Active', NULL, 148, NULL, 0),
(275, 'MusicOnColors', 4, 12, 0, 2, '20.00', 'CPC', 0, 4, 'http://wap.i-mediaclub.com/?b_id=593', 'Active', NULL, 132, NULL, 0),
(276, 'ZOMBIECHASE  ', 6, 10, 0, 1, '10.00', 'CPC', 0, 1, 'http://wap.i-mediaclub.com/?b_id=595', 'Active', NULL, 132, NULL, 0),
(277, 'GENERICA4', 22, 12, 0, 1, '10.00', 'CPC', 0, 1, 'http://wap.renxo.com/subscriptionPlanDetail.do?grp=1442&opd=false&pbid=805&wc=14937&trk=true&ftln=4', 'Active', NULL, 78, NULL, 0),
(278, 'MINICOCO  ', 1, 10, 1, 9, '10.00', 'CPC', 0, 1, 'http://wap.i-mediaclub.com/?b_id=592', 'Active', NULL, 67, NULL, 0),
(279, 'GENERICA5', 7, 12, 0, 1, '10.00', 'CPC', 0, 3, 'http://wap.renxo.com/subscriptionPlanDetail.do?grp=1442&opd=false&pbid=805&wc=14939&trk=true&ftln=4', 'Active', NULL, 78, NULL, 0),
(280, 'FACEBOOKCHAT', 1, 5, 0, 9, '10.00', 'CPC', 0, 1, 'http://track.mobile360.biz/aff_c?offer_id=3302&aff_id=1294&aff_sub={ktoken}', 'Active', NULL, 137, NULL, 0),
(281, 'Sexy', 2, 29, 0, 1, '50.00', 'CPC', 0, 1, 'http://sc.tusitio.mobi/mx/i/suscripcion-wap-d/bin/', 'Active', NULL, 57, NULL, 0),
(282, 'MAYORES18_201406', 25, 29, 0, 10, '10.00', 'CPC', 0, 1, 'http://wap.mx.toing.com.br/landingwap/?origem=MADNET_VANEGA_IUSACELL_MAYORES18_201406', 'Active', NULL, 15, NULL, 0),
(283, 'VANEGA_CLARO_CHRISTIAN_201408', 4, 1, 0, 3, '100.00', 'CPC', 0, 5, 'http://wap.toing.com.pe/landingwap/?origem=MADNET_VANEGA_CLARO_CHRISTIAN_201408', 'Active', NULL, 112, NULL, 0),
(284, 'PRIMAS_201406', 25, 29, 0, 8, '10.00', 'CPC', 0, 3, 'http://wap.mx.toing.com.br/landingwap/?origem=MADNET_VANEGA_IUSACELL_PRIMAS_201406', 'Active', NULL, 15, NULL, 0),
(285, 'SEXYSEXY_201406', 25, 29, 0, 1, '10.00', 'CPC', 0, 1, 'http://wap.mx.toing.com.br/landingwap/?origem=MADNET_VANEGA_IUSACELL_SEXYSEXY_201406', 'Active', NULL, 15, NULL, 0),
(286, 'SEXYGIRLS_201406', 25, 29, 0, 10, '10.00', 'CPC', 0, 4, 'http://wap.mx.toing.com.br/landingwap/?origem=MADNET_VANEGA_IUSACELL_SEXYGIRLS_201406', 'Active', NULL, 15, NULL, 0),
(288, 'TURTLES_201405', 6, 10, 0, 1, '10.00', 'CPC', 0, 1, 'http://wap.mx.toing.com.br/landingwap/?origem=MADNET_VANEGA_IUSACELL_TURTLES_201405', 'Active', NULL, 15, NULL, 0),
(289, 'KEVINVITE_IMG_201408', 6, 12, 0, 1, '10.00', 'CPC', 0, 1, 'http://wap.toing.com.co/landingwap/?origem=MADNET_VANEGA_ALL_MUSICA_KEVINVITE_IMG_201408', 'Active', NULL, 45, NULL, 0),
(290, 'MADNET_VANEGA_MOV_CHRISTIAN_201408', 4, 1, 1, 1, '100.00', 'CPC', 0, 5, 'http://wap.toing.com.pe/landingwap/?origem=MADNET_VANEGA_MOV_CHRISTIAN_201408', 'Active', NULL, 161, NULL, 0),
(291, 'WACKABULL_201405', 3, 10, 0, 1, '10.00', 'CPM', 0, 1, 'http://wap.mx.toing.com.br/landingwap/?origem=MADNET_VANEGA_IUSACELL_WACKABULL_201405', 'Active', NULL, 15, NULL, 0),
(292, 'Aplicaciones 2 CO', 3, 10, 0, 1, '10.00', 'CPM', 1, 1, 'http://wap.colombia.comcel.mobilewap.com/apps/lpageec.aspx?eid=287920&oid=1231', 'Active', NULL, 23, NULL, 0),
(293, 'Android', 4, 26, 0, 1, '150.00', 'CPM', 0, 1, 'http://connection-secured.com/LP/MX/S1/?c=3&l=6&subid=21037754', 'Active', NULL, 134, NULL, 0),
(294, 'VIDEOS4', 1, 1, 0, 9, '10.00', 'CPC', 0, 1, 'http://wap.renxo.com/subscriptionPlanDetail.do?grp=1442&opd=false&pbid=795&wc=14931&trk=true', 'Active', NULL, 93, NULL, 0),
(295, 'Juegos CO', 22, 1, 0, 1, '10.00', 'CPC', 0, 1, 'http://wap.colombia.comcel.mobilewap.com/portal/lpageec.aspx?eid=285158&oid=1231', 'Active', NULL, 23, NULL, 0),
(296, 'JuegosARSegundo', 24, 1, 0, 1, '10.00', 'CPC', 0, 1, 'http://personal.mobilewap.com/portalrt/lpageec.aspx?eid=291845&oid=1232', 'Active', NULL, 19, NULL, 0),
(297, 'MARIOBROSS282986', 3, 10, 0, 1, '30.00', 'CPC', 0, 5, 'http://btgtrack.com/click.track?CID=282986&AFID=314135', 'Active', NULL, 158, NULL, 0),
(298, 'GENERICA6', 1, 12, 0, 10, '10.00', 'CPC', 0, 1, 'http://wap.renxo.com/subscriptionPlanDetail.do?grp=1442&opd=false&pbid=805&wc=14940&trk=true&ftln=4', 'Active', NULL, 78, NULL, 0),
(299, 'Juegos1', 24, 1, 0, 1, '20.00', 'CPC', 0, 1, 'http://wap.playtown.com.ar/?id=594', 'Active', NULL, 9, NULL, 0),
(300, 'AGE1', 3, 10, 1, 1, '10.00', 'CPC', 0, 2, 'http://tracking.admobsphere.com/aff_c?offer_id=717&aff_id=1291', 'Active', NULL, 156, NULL, 0),
(301, 'MADNET_VANEGA_CLARO_CONTECALIEN_201409', 4, 29, 0, 2, '100.00', 'CPC', 0, 4, 'http://wap.toing.com.pe/landingwap/?origem=MADNET_VANEGA_CLARO_CONTECALIEN_201409', 'Active', NULL, 112, NULL, 0),
(302, '1003152', 3, 10, 0, 1, '10.00', 'CPC', 0, 3, 'http://helm.tekmob.com/pim/juegoschicken?tid=1003152', 'Active', NULL, 81, NULL, 0),
(303, 'MADNET_VANEGA_CLARO_CHICASEXY_201409', 8, 29, 0, 1, '15.00', 'CPC', 0, 5, 'http://wap.toing.com.pe/landingwap/?origem=MADNET_VANEGA_CLARO_CHICASEXY_201409', 'Active', NULL, 112, NULL, 0),
(304, 'MADNET_VANEGA_CLARO_HOTREC_201409', 5, 29, 0, 1, '10.00', 'CPC', 0, 5, 'http://wap.toing.com.pe/landingwap/?origem=MADNET_VANEGA_CLARO_HOTREC_201409', 'Active', NULL, 112, NULL, 0),
(305, 'FANTASIAS1', 25, 30, 0, 10, '10.00', 'CPC', 0, 1, 'http://wap.playtown.com.ar/?id=629', 'Active', NULL, 9, NULL, 0),
(306, 'KIDS3', 11, 6, 0, 1, '30.00', 'CPC', 1, 1, 'http://ads.waymedia.mobi/track/url/cid/1172/', 'Active', NULL, 148, NULL, 0),
(307, 'VIDEOS2', 11, 12, 0, 1, '30.00', 'CPC', 1, 3, 'http://ads.waymedia.mobi/track/url/cid/1173/', 'Active', NULL, 149, NULL, 0),
(308, 'FANTASIAS2', 25, 30, 0, 1, '10.00', 'CPC', 0, 1, 'http://wap.playtown.com.ar/?id=630', 'Active', NULL, 9, NULL, 0),
(309, 'VAN38', 8, 30, 0, 1, '15.00', 'CPC', 0, 5, 'http://movil-star.net/hotptpromo9/index.php?cid=VAN38&b=ban11&mytoken=', 'Active', NULL, 97, NULL, 0),
(310, 'VAN39', 25, 30, 0, 10, '10.00', 'CPC', 0, 5, 'http://movil-star.net/hotptpromo9/index.php?cid=VAN39&b=ban21&mytoken=', 'Active', NULL, 97, NULL, 0),
(311, 'DRACORN', 3, 10, 0, 1, '10.00', 'CPM', 0, 3, 'http://wap.renxo.com/subscriptionPlanDetail.do?grp=1440&opd=false&pbid=705&ceid=11893&wc=11263&trk=true&cat=7', 'Active', NULL, 166, NULL, 0),
(312, 'VAN32', 25, 30, 0, 1, '10.00', 'CPC', 0, 5, 'http://movil-star.net/hotptpromo9/index.php?cid=VAN32&b=ban16&mytoken=', 'Active', NULL, 97, NULL, 0),
(313, 'VAN34', 25, 30, 0, 1, '10.00', 'CPC', 0, 5, 'http://movil-star.net/hotptpromo9/index.php?cid=VAN34&b=ban21&mytoken=', 'Active', NULL, 97, NULL, 0),
(315, 'MUSICA5', 1, 1, 0, 9, '10.00', 'CPC', 0, 5, 'http://wap.renxo.com/subscriptionPlanDetail.do?grp=1442&opd=false&pbid=697&ceid=9513&wc=14934&trk=true&ftln=4', 'Active', NULL, 93, NULL, 0),
(316, 'GATASSEXY_201408', 25, 30, 0, 10, '10.00', 'CPC', 0, 1, 'http://wap.toing.com.ar/landingwap/?origem=MADNET_VANEGA_PER_GATASSEXY_201408', 'Active', NULL, 14, NULL, 0),
(317, 'PES', 3, 10, 0, 1, '10.00', 'CPM', 0, 3, ' http://wap.renxo.com/subscriptionPlanDetail.do?grp=1440&opd=false&pbid=568&ceid=9434&wc=11264&trk=true&cat=7', 'Active', NULL, 166, NULL, 0),
(318, 'CONTENIDOCALIENTE_201408', 25, 30, 0, 10, '10.00', 'CPC', 0, 1, 'http://wap.toing.com.ar/landingwap/?origem=MADNET_VANEGA_PER_CONTENIDOCALIENTE_201408', 'Active', NULL, 13, NULL, 0),
(319, 'AUTOS', 3, 10, 0, 1, '10.00', 'CPM', 0, 3, 'http://wap.renxo.com/subscriptionPlanDetail.do?grp=1440&opd=false&pbid=703&ceid=9517&wc=11946&trk=true&cat=7', 'Active', NULL, 166, NULL, 0);

--
-- Dumping data for table `daily_report`
--

INSERT INTO `daily_report` (`id`, `campaigns_id`, `networks_id`, `imp`, `imp_adv`, `clics`, `conv_api`, `conv_adv`, `spend`, `revenue`, `date`, `is_from_api`) VALUES
(1, 55, 1, 1035, 0, 0, 0, 0, '6.21', '0.00', '2014-09-02 04:00:00', 1),
(2, 54, 1, 1015, 0, 0, 0, 0, '6.09', '0.00', '2014-09-02 04:00:00', 1),
(3, 43, 3, 87155, 0, 1090, 0, 0, '0.00', '0.00', '2014-09-02 04:00:00', 1),
(4, 60, 3, 12215, 0, 234, 0, 0, '3.60', '0.00', '2014-09-02 04:00:00', 1),
(5, 127, 3, 30149, 0, 142, 0, 14, '0.00', '14.00', '2014-09-02 04:00:00', 1),
(6, 125, 7, 134812, 0, 995, 0, 0, '9.95', '0.00', '2014-09-02 04:00:00', 1),
(7, 84, 7, 61198, 0, 358, 0, 0, '3.58', '0.00', '2014-09-02 04:00:00', 1),
(8, 50, 7, 34955, 0, 197, 0, 0, '3.94', '0.00', '2014-09-02 04:00:00', 1),
(9, 86, 7, 1244, 0, 10, 0, 0, '0.10', '0.00', '2014-09-02 04:00:00', 1),
(10, 84, 8, 61198, 0, 358, 0, 0, '3.58', '0.00', '2014-09-02 04:00:00', 1),
(11, 50, 8, 34955, 0, 197, 0, 9, '3.94', '12.60', '2014-09-02 04:00:00', 1),
(12, 86, 8, 1244, 0, 10, 0, 0, '0.10', '0.00', '2014-09-02 04:00:00', 1),
(13, 39, 4, 4008, 0, 214, 0, 0, '75.96', '0.00', '2014-09-02 04:00:00', 1),
(14, 37, 4, 23512, 0, 524, 0, 0, '211.96', '0.00', '2014-09-02 04:00:00', 1),
(15, 41, 4, 6209, 0, 583, 0, 0, '242.48', '0.00', '2014-09-02 04:00:00', 1),
(16, 33, 4, 28067, 0, 908, 0, 0, '526.00', '0.00', '2014-09-02 04:00:00', 1),
(17, 68, 4, 26842, 0, 3299, 0, 0, '583.49', '0.00', '2014-09-02 04:00:00', 1),
(18, 64, 4, 29552, 0, 3519, 0, 0, '190.97', '0.00', '2014-09-02 04:00:00', 1),
(19, 66, 4, 36813, 0, 5851, 0, 0, '1419.10', '0.00', '2014-09-02 04:00:00', 1),
(20, 70, 4, 122846, 0, 18667, 0, 0, '2951.27', '0.00', '2014-09-02 04:00:00', 1),
(21, 72, 4, 5346, 0, 133, 0, 0, '147.67', '0.00', '2014-09-02 04:00:00', 1),
(22, 32, 4, 4688, 0, 114, 0, 0, '170.16', '0.00', '2014-09-02 04:00:00', 1),
(23, 24, 4, 2707, 0, 29, 0, 0, '29.36', '0.00', '2014-09-02 04:00:00', 1),
(24, 28, 4, 21098, 0, 1595, 0, 0, '232.90', '0.00', '2014-09-02 04:00:00', 1),
(25, 35, 4, 8399, 0, 361, 0, 0, '18.90', '0.00', '2014-09-02 04:00:00', 1),
(26, 30, 4, 31240, 0, 1834, 0, 0, '265.29', '0.00', '2014-09-02 04:00:00', 1),
(27, 25, 4, 1725, 0, 116, 0, 0, '25.77', '0.00', '2014-09-02 04:00:00', 1),
(28, 26, 4, 1541, 0, 129, 0, 0, '12.19', '0.00', '2014-09-02 04:00:00', 1),
(29, 38, 4, 2157, 0, 97, 0, 0, '10.58', '0.00', '2014-09-02 04:00:00', 1),
(30, 27, 4, 12842, 0, 1043, 0, 35, '169.90', '31.50', '2014-09-02 04:00:00', 1),
(31, 31, 4, 34, 0, 0, 0, 0, '0.00', '0.00', '2014-09-02 04:00:00', 1),
(32, 29, 4, 359, 0, 6, 0, 0, '2.70', '0.00', '2014-09-02 04:00:00', 1),
(33, 29, 4, 395, 0, 18, 0, 0, '6.44', '0.00', '2014-09-02 04:00:00', 1),
(34, 31, 4, 129, 0, 11, 0, 0, '12.31', '0.00', '2014-09-02 04:00:00', 1),
(35, 44, 4, 99087, 0, 17018, 0, 0, '1130.21', '0.00', '2014-09-02 04:00:00', 1),
(36, 45, 4, 26567, 0, 951, 0, 15, '148.46', '21.00', '2014-09-02 04:00:00', 1),
(37, 46, 4, 23060, 0, 373, 0, 12, '27.19', '16.80', '2014-09-02 04:00:00', 1),
(38, 47, 4, 6205, 0, 257, 0, 8, '47.58', '11.20', '2014-09-02 04:00:00', 1),
(39, 74, 4, 1063, 0, 16, 0, 0, '2.86', '0.00', '2014-09-02 04:00:00', 1),
(40, 75, 4, 588, 0, 12, 0, 0, '5.53', '0.00', '2014-09-02 04:00:00', 1),
(41, 79, 4, 10067, 0, 754, 0, 0, '324.82', '0.00', '2014-09-02 04:00:00', 1),
(42, 76, 4, 7982, 0, 306, 0, 0, '70.00', '0.00', '2014-09-02 04:00:00', 1),
(43, 80, 4, 5484, 0, 127, 0, 0, '14.55', '0.00', '2014-09-02 04:00:00', 1),
(44, 82, 4, 5834, 0, 80, 0, 0, '11.69', '0.00', '2014-09-02 04:00:00', 1),
(45, 58, 4, 4472, 0, 340, 0, 0, '36.92', '0.00', '2014-09-02 04:00:00', 1),
(46, 63, 4, 3083, 0, 617, 0, 0, '11.72', '0.00', '2014-09-02 04:00:00', 1),
(47, 49, 4, 3514, 0, 230, 0, 0, '92.51', '0.00', '2014-09-02 04:00:00', 1),
(48, 51, 4, 24132, 0, 4235, 0, 0, '173.45', '0.00', '2014-09-02 04:00:00', 1),
(49, 52, 4, 1970, 0, 174, 0, 0, '100.72', '0.00', '2014-09-02 04:00:00', 1),
(50, 53, 4, 2804, 0, 256, 0, 0, '36.28', '0.00', '2014-09-02 04:00:00', 1),
(51, 18, 4, 3935, 0, 118, 39, 0, '151.02', '300.30', '2014-09-02 04:00:00', 1),
(52, 19, 4, 778, 0, 18, 8, 0, '24.70', '61.60', '2014-09-02 04:00:00', 1),
(53, 13, 4, 27652, 0, 1854, 11, 0, '149.68', '0.00', '2014-09-02 04:00:00', 1),
(54, 15, 4, 31514, 0, 853, 5, 0, '109.20', '0.00', '2014-09-02 04:00:00', 1),
(55, 20, 4, 48, 0, 3, 0, 0, '0.48', '0.00', '2014-09-02 04:00:00', 1),
(56, 17, 4, 35005, 0, 2422, 12, 0, '286.96', '92.40', '2014-09-02 04:00:00', 1),
(57, 11, 4, 3843, 0, 62, 0, 0, '22.55', '0.00', '2014-09-02 04:00:00', 1),
(58, 14, 4, 11103, 0, 728, 1, 0, '131.18', '0.00', '2014-09-02 04:00:00', 1),
(59, 21, 4, 106, 0, 1, 0, 0, '1.22', '0.00', '2014-09-02 04:00:00', 1),
(60, 16, 4, 44, 0, 0, 0, 0, '0.00', '0.00', '2014-09-02 04:00:00', 1),
(73, 125, 7, 67877, 0, 995, 1, 0, '9.95', '1.00', '2014-09-03 04:00:00', 1),
(74, 84, 7, 54332, 0, 338, 0, 0, '3.38', '0.00', '2014-09-03 04:00:00', 1),
(75, 50, 7, 28266, 0, 171, 0, 7, '3.42', '9.80', '2014-09-03 04:00:00', 1),
(76, 40, 7, 3845, 0, 12, 0, 0, '0.12', '0.00', '2014-09-03 04:00:00', 1),
(77, 86, 7, 615, 0, 3, 0, 0, '0.03', '0.00', '2014-09-03 04:00:00', 1),
(78, 84, 8, 54332, 0, 338, 0, 10, '3.38', '10.00', '2014-09-03 04:00:00', 1),
(79, 50, 8, 28266, 0, 171, 0, 14, '3.42', '19.60', '2014-09-03 04:00:00', 1),
(80, 86, 8, 615, 0, 3, 0, 0, '0.03', '0.00', '2014-09-03 04:00:00', 1),
(81, 39, 4, 856, 0, 34, 0, 0, '14.34', '0.00', '2014-09-03 04:00:00', 1),
(82, 41, 4, 5135, 0, 526, 0, 20, '206.25', '16.00', '2014-09-03 04:00:00', 1),
(83, 33, 4, 240, 0, 2, 0, 0, '1.25', '0.00', '2014-09-03 04:00:00', 1),
(84, 68, 4, 22483, 0, 2729, 0, 0, '493.03', '0.00', '2014-09-03 04:00:00', 1),
(85, 64, 4, 23146, 0, 2744, 2, 0, '150.23', '8.00', '2014-09-03 04:00:00', 1),
(86, 66, 4, 36726, 0, 5921, 3, 0, '1435.76', '0.00', '2014-09-03 04:00:00', 1),
(87, 70, 4, 124216, 0, 19628, 15, 0, '3216.53', '0.00', '2014-09-03 04:00:00', 1),
(88, 72, 4, 5158, 0, 156, 7, 0, '169.53', '14.00', '2014-09-03 04:00:00', 1),
(89, 32, 4, 714, 0, 13, 0, 5, '21.46', '4.25', '2014-09-03 04:00:00', 1),
(90, 24, 4, 1408, 0, 27, 0, 4, '28.10', '3.40', '2014-09-03 04:00:00', 1),
(91, 28, 4, 6814, 0, 405, 0, 9, '72.42', '7.65', '2014-09-03 04:00:00', 1),
(92, 35, 4, 2289, 0, 84, 0, 0, '4.18', '0.00', '2014-09-03 04:00:00', 1),
(93, 26, 4, 242, 0, 16, 0, 0, '1.83', '0.00', '2014-09-03 04:00:00', 1),
(94, 38, 4, 1524, 0, 41, 0, 0, '5.11', '0.00', '2014-09-03 04:00:00', 1),
(95, 31, 4, 66, 0, 5, 0, 0, '5.51', '0.00', '2014-09-03 04:00:00', 1),
(96, 29, 4, 156, 0, 5, 0, 0, '1.65', '0.00', '2014-09-03 04:00:00', 1),
(97, 128, 4, 5268, 0, 363, 0, 24, '139.56', '24.00', '2014-09-03 04:00:00', 1),
(98, 45, 4, 19818, 0, 728, 0, 15, '116.40', '21.00', '2014-09-03 04:00:00', 1),
(99, 46, 4, 28243, 0, 409, 0, 10, '35.87', '14.00', '2014-09-03 04:00:00', 1),
(100, 47, 4, 7207, 0, 273, 0, 11, '49.81', '15.40', '2014-09-03 04:00:00', 1),
(101, 142, 4, 1876, 0, 45, 0, 0, '40.91', '0.00', '2014-09-03 04:00:00', 1),
(102, 145, 4, 2563, 0, 140, 0, 0, '126.26', '0.00', '2014-09-03 04:00:00', 1),
(103, 151, 4, 250, 0, 17, 0, 0, '14.31', '0.00', '2014-09-03 04:00:00', 1),
(104, 153, 4, 413, 0, 11, 0, 2, '7.61', '3.60', '2014-09-03 04:00:00', 1),
(105, 156, 4, 2062, 0, 62, 0, 5, '43.73', '9.00', '2014-09-03 04:00:00', 1),
(106, 160, 4, 1025, 0, 24, 0, 0, '17.54', '0.00', '2014-09-03 04:00:00', 1),
(107, 65, 4, 7443, 0, 328, 66, 0, '425.84', '118.80', '2014-09-03 04:00:00', 1),
(108, 69, 4, 3659, 0, 168, 0, 0, '433.49', '0.00', '2014-09-03 04:00:00', 1),
(109, 73, 4, 59, 0, 0, 0, 0, '0.00', '0.00', '2014-09-03 04:00:00', 1),
(110, 71, 4, 4440, 0, 183, 0, 0, '240.47', '0.00', '2014-09-03 04:00:00', 1),
(111, 77, 4, 5994, 0, 18, 0, 0, '11.38', '0.00', '2014-09-03 04:00:00', 1),
(112, 81, 4, 127291, 0, 692, 9, 0, '683.08', '16.20', '2014-09-03 04:00:00', 1),
(113, 78, 4, 11459, 0, 24, 0, 0, '9.82', '0.00', '2014-09-03 04:00:00', 1),
(114, 83, 4, 13585, 0, 1789, 0, 0, '208.65', '0.00', '2014-09-03 04:00:00', 1),
(115, 85, 4, 368, 0, 11, 1, 0, '18.02', '1.80', '2014-09-03 04:00:00', 1),
(116, 87, 4, 4775, 0, 359, 0, 0, '15.39', '0.00', '2014-09-03 04:00:00', 1),
(117, 88, 4, 2789, 0, 78, 9, 0, '91.52', '16.20', '2014-09-03 04:00:00', 1),
(118, 89, 4, 1177, 0, 231, 0, 0, '76.65', '0.00', '2014-09-03 04:00:00', 1),
(119, 91, 4, 42, 0, 4, 1, 0, '1.42', '1.80', '2014-09-03 04:00:00', 1),
(120, 92, 4, 21101, 0, 279, 0, 0, '193.95', '0.00', '2014-09-03 04:00:00', 1),
(121, 100, 4, 3090, 0, 77, 7, 16, '48.81', '16.00', '2014-09-03 04:00:00', 1),
(122, 97, 4, 12589, 0, 1007, 0, 93, '287.29', '93.00', '2014-09-03 04:00:00', 1),
(123, 103, 4, 2944, 0, 114, 10, 25, '106.17', '25.00', '2014-09-03 04:00:00', 1),
(124, 110, 4, 281, 0, 11, 2, 5, '7.43', '5.00', '2014-09-03 04:00:00', 1),
(125, 123, 4, 12377, 0, 709, 13, 35, '215.92', '35.00', '2014-09-03 04:00:00', 1),
(126, 117, 4, 106, 0, 10, 1, 1, '2.33', '1.00', '2014-09-03 04:00:00', 1),
(127, 119, 4, 51, 0, 4, 0, 0, '2.06', '0.00', '2014-09-03 04:00:00', 1),
(128, 111, 4, 1960, 0, 92, 2, 4, '23.26', '4.00', '2014-09-03 04:00:00', 1),
(129, 114, 4, 236, 0, 6, 2, 3, '3.68', '3.00', '2014-09-03 04:00:00', 1),
(130, 74, 4, 881, 0, 22, 0, 0, '3.90', '0.00', '2014-09-03 04:00:00', 1),
(131, 75, 4, 692, 0, 18, 0, 0, '6.34', '0.00', '2014-09-03 04:00:00', 1),
(132, 79, 4, 8126, 0, 547, 0, 35, '218.63', '28.00', '2014-09-03 04:00:00', 1),
(133, 76, 4, 7249, 0, 308, 0, 30, '65.04', '24.00', '2014-09-03 04:00:00', 1),
(134, 80, 4, 10499, 0, 233, 0, 8, '21.29', '6.40', '2014-09-03 04:00:00', 1),
(135, 82, 4, 5498, 0, 61, 0, 7, '9.22', '5.60', '2014-09-03 04:00:00', 1),
(136, 58, 4, 3702, 0, 314, 0, 0, '33.48', '0.00', '2014-09-03 04:00:00', 1),
(137, 63, 4, 3176, 0, 565, 0, 0, '11.13', '0.00', '2014-09-03 04:00:00', 1),
(138, 132, 4, 3141, 0, 97, 0, 0, '22.28', '0.00', '2014-09-03 04:00:00', 1),
(139, 136, 4, 19818, 0, 2343, 0, 0, '519.06', '0.00', '2014-09-03 04:00:00', 1),
(140, 138, 4, 1949, 0, 431, 0, 0, '41.70', '0.00', '2014-09-03 04:00:00', 1),
(141, 49, 4, 5327, 0, 348, 0, 0, '150.53', '0.00', '2014-09-03 04:00:00', 1),
(142, 51, 4, 24016, 0, 4467, 0, 0, '184.18', '0.00', '2014-09-03 04:00:00', 1),
(143, 52, 4, 2089, 0, 153, 0, 0, '84.46', '0.00', '2014-09-03 04:00:00', 1),
(144, 53, 4, 2957, 0, 340, 0, 0, '46.70', '0.00', '2014-09-03 04:00:00', 1),
(145, 18, 4, 8740, 0, 288, 121, 0, '375.97', '931.70', '2014-09-03 04:00:00', 1),
(146, 19, 4, 1748, 0, 64, 26, 0, '83.36', '200.20', '2014-09-03 04:00:00', 1),
(147, 13, 4, 112095, 0, 5151, 66, 0, '461.36', '0.00', '2014-09-03 04:00:00', 1),
(148, 15, 4, 20669, 0, 647, 5, 0, '85.23', '0.00', '2014-09-03 04:00:00', 1),
(149, 20, 4, 143, 0, 7, 1, 0, '3.14', '7.70', '2014-09-03 04:00:00', 1),
(150, 17, 4, 154183, 0, 6151, 86, 0, '867.81', '662.20', '2014-09-03 04:00:00', 1),
(151, 11, 4, 14058, 0, 293, 0, 0, '108.39', '0.00', '2014-09-03 04:00:00', 1),
(152, 14, 4, 11331, 0, 819, 4, 0, '143.31', '0.00', '2014-09-03 04:00:00', 1),
(153, 21, 4, 294, 0, 11, 2, 0, '12.41', '15.40', '2014-09-03 04:00:00', 1),
(154, 16, 4, 56, 0, 3, 0, 0, '0.31', '0.00', '2014-09-03 04:00:00', 1),
(155, 12, 4, 1, 0, 0, 0, 0, '0.00', '0.00', '2014-09-03 04:00:00', 1),
(156, 154, 4, 7985, 0, 122, 0, 0, '35.60', '0.00', '2014-09-03 04:00:00', 1),
(157, 36, 1, 21140, 0, 361, 0, 8, '3.61', '9.60', '2014-09-03 04:00:00', 1),
(158, 101, 1, 8645, 0, 130, 0, 0, '1.95', '0.00', '2014-09-03 04:00:00', 1),
(159, 99, 1, 8607, 0, 136, 0, 0, '2.04', '0.00', '2014-09-03 04:00:00', 1),
(160, 129, 1, 1626, 0, 0, 0, 0, '9.76', '0.00', '2014-09-03 04:00:00', 1),
(161, 54, 1, 773, 0, 0, 1, 0, '4.64', '1.20', '2014-09-03 04:00:00', 1),
(162, 55, 1, 723, 0, 0, 1, 0, '4.34', '1.20', '2014-09-03 04:00:00', 1),
(163, 34, 1, 269, 0, 25, 0, 0, '0.38', '0.00', '2014-09-03 04:00:00', 1),
(164, 179, 3, 1757, 0, 66, 0, 0, '0.66', '0.00', '2014-09-03 04:00:00', 1),
(165, 180, 3, 114, 0, 6, 0, 0, '0.12', '0.00', '2014-09-03 04:00:00', 1),
(166, 127, 3, 16614, 0, 166, 0, 0, '4.98', '0.00', '2014-09-03 04:00:00', 1),
(167, 60, 3, 15763, 0, 336, 0, 0, '3.36', '0.00', '2014-09-03 04:00:00', 1),
(185, 84, 8, 48100, 0, 310, 0, 2, '3.09', '2.00', '2014-09-04 04:00:00', 1),
(186, 50, 8, 32619, 0, 210, 0, 4, '4.20', '5.60', '2014-09-04 04:00:00', 1),
(187, 86, 8, 776, 0, 7, 0, 0, '0.07', '0.00', '2014-09-04 04:00:00', 1),
(188, 163, 6, 16448, 0, 538, 0, 30, '26.90', '54.00', '2014-09-04 04:00:00', 1),
(189, 176, 2, 0, 0, 49, 0, 1, '1.47', '9.00', '2014-09-04 04:00:00', 1),
(190, 39, 4, 9221, 0, 501, 0, 20, '184.58', '16.00', '2014-09-04 04:00:00', 1),
(191, 37, 4, 19273, 0, 130, 0, 10, '67.49', '8.00', '2014-09-04 04:00:00', 1),
(192, 41, 4, 9418, 0, 934, 0, 41, '341.21', '32.80', '2014-09-04 04:00:00', 1),
(193, 33, 4, 27517, 0, 927, 0, 74, '529.23', '59.20', '2014-09-04 04:00:00', 1),
(194, 68, 4, 25961, 0, 2817, 1, 6, '521.68', '24.00', '2014-09-04 04:00:00', 1),
(195, 64, 4, 23009, 0, 2699, 0, 0, '140.62', '0.00', '2014-09-04 04:00:00', 1),
(196, 66, 4, 37386, 0, 6183, 2, 1, '1528.55', '0.00', '2014-09-04 04:00:00', 1),
(197, 70, 4, 123041, 0, 19482, 7, 6, '3169.50', '0.00', '2014-09-04 04:00:00', 1),
(198, 72, 4, 4891, 0, 158, 8, 0, '151.67', '16.00', '2014-09-04 04:00:00', 1),
(199, 174, 4, 1008, 0, 3, 0, 0, '3.31', '0.00', '2014-09-04 04:00:00', 1),
(200, 32, 4, 1959, 0, 60, 0, 27, '81.34', '22.95', '2014-09-04 04:00:00', 1),
(201, 24, 4, 2529, 0, 37, 0, 8, '34.20', '6.80', '2014-09-04 04:00:00', 1),
(202, 28, 4, 14693, 0, 1068, 0, 11, '157.72', '9.35', '2014-09-04 04:00:00', 1),
(203, 35, 4, 5772, 0, 293, 0, 2, '15.71', '1.70', '2014-09-04 04:00:00', 1),
(204, 30, 4, 10259, 0, 577, 0, 3, '95.38', '2.55', '2014-09-04 04:00:00', 1),
(205, 25, 4, 1540, 0, 166, 0, 0, '19.63', '0.00', '2014-09-04 04:00:00', 1),
(206, 26, 4, 14236, 0, 897, 0, 13, '114.18', '11.05', '2014-09-04 04:00:00', 1),
(207, 38, 4, 3259, 0, 135, 0, 5, '22.26', '4.25', '2014-09-04 04:00:00', 1),
(208, 31, 4, 33, 0, 0, 0, 0, '0.00', '0.00', '2014-09-04 04:00:00', 1),
(209, 29, 4, 134, 0, 10, 0, 0, '3.60', '0.00', '2014-09-04 04:00:00', 1),
(210, 29, 4, 2, 0, 0, 0, 0, '0.00', '0.00', '2014-09-04 04:00:00', 1),
(211, 31, 4, 8, 0, 0, 0, 0, '0.00', '0.00', '2014-09-04 04:00:00', 1),
(212, 128, 4, 9627, 0, 740, 0, 10, '238.52', '10.00', '2014-09-04 04:00:00', 1),
(213, 45, 4, 67204, 0, 2920, 0, 100, '507.53', '140.00', '2014-09-04 04:00:00', 1),
(214, 46, 4, 25268, 0, 421, 0, 16, '37.50', '22.40', '2014-09-04 04:00:00', 1),
(215, 47, 4, 16872, 0, 618, 0, 18, '111.96', '25.20', '2014-09-04 04:00:00', 1),
(216, 148, 4, 4817, 0, 123, 1, 9, '101.51', '108.00', '2014-09-04 04:00:00', 1),
(217, 149, 4, 1286, 0, 18, 0, 2, '11.75', '24.00', '2014-09-04 04:00:00', 1),
(218, 157, 4, 1988, 0, 28, 0, 0, '17.89', '0.00', '2014-09-04 04:00:00', 1),
(219, 141, 4, 8375, 0, 225, 0, 29, '221.18', '435.00', '2014-09-04 04:00:00', 1),
(220, 130, 4, 2918, 0, 49, 2, 9, '54.08', '117.00', '2014-09-04 04:00:00', 1),
(221, 161, 4, 92864, 0, 10753, 5, 55, '1144.75', '0.00', '2014-09-04 04:00:00', 1),
(222, 162, 4, 19551, 0, 1188, 6, 29, '577.84', '0.00', '2014-09-04 04:00:00', 1),
(223, 146, 4, 2508, 0, 118, 1, 11, '147.33', '165.00', '2014-09-04 04:00:00', 1),
(224, 150, 4, 3021, 0, 143, 1, 19, '126.23', '228.00', '2014-09-04 04:00:00', 1),
(225, 135, 4, 1790, 0, 33, 0, 4, '69.65', '84.00', '2014-09-04 04:00:00', 1),
(226, 143, 4, 2800, 0, 106, 1, 16, '95.62', '240.00', '2014-09-04 04:00:00', 1),
(227, 131, 4, 1899, 0, 78, 1, 17, '98.59', '221.00', '2014-09-04 04:00:00', 1),
(228, 152, 4, 2408, 0, 72, 0, 5, '51.64', '60.00', '2014-09-04 04:00:00', 1),
(229, 144, 4, 745, 0, 30, 0, 5, '19.86', '75.00', '2014-09-04 04:00:00', 1),
(230, 133, 4, 1482, 0, 37, 0, 13, '46.41', '169.00', '2014-09-04 04:00:00', 1),
(231, 155, 4, 495, 0, 17, 0, 0, '8.18', '0.00', '2014-09-04 04:00:00', 1),
(232, 164, 4, 25908, 0, 1883, 4, 20, '267.37', '0.00', '2014-09-04 04:00:00', 1),
(234, 167, 4, 1897, 0, 224, 0, 1, '24.84', '0.00', '2014-09-04 04:00:00', 1),
(235, 168, 4, 4733, 0, 489, 0, 4, '70.17', '0.00', '2014-09-04 04:00:00', 1),
(236, 169, 4, 1044, 0, 101, 0, 2, '12.28', '0.00', '2014-09-04 04:00:00', 1),
(237, 170, 4, 14373, 0, 1391, 0, 7, '139.61', '0.00', '2014-09-04 04:00:00', 1),
(238, 137, 4, 293, 0, 2, 0, 1, '4.17', '21.00', '2014-09-04 04:00:00', 1),
(239, 171, 4, 985, 0, 5, 0, 0, '0.56', '0.00', '2014-09-04 04:00:00', 1),
(240, 139, 4, 68, 0, 9, 0, 5, '15.25', '105.00', '2014-09-04 04:00:00', 1),
(241, 147, 4, 86, 0, 5, 0, 2, '2.37', '30.00', '2014-09-04 04:00:00', 1),
(242, 158, 4, 105, 0, 6, 0, 1, '3.90', '12.00', '2014-09-04 04:00:00', 1),
(243, 172, 4, 867, 0, 135, 2, 9, '23.77', '0.00', '2014-09-04 04:00:00', 1),
(244, 159, 4, 23, 0, 2, 0, 1, '1.77', '12.00', '2014-09-04 04:00:00', 1),
(245, 173, 4, 510, 0, 69, 1, 1, '6.47', '0.00', '2014-09-04 04:00:00', 1),
(246, 140, 4, 1646, 0, 28, 0, 7, '43.13', '147.00', '2014-09-04 04:00:00', 1),
(247, 142, 4, 510, 0, 8, 0, 0, '3.88', '0.00', '2014-09-04 04:00:00', 1),
(248, 145, 4, 665, 0, 20, 0, 0, '17.91', '0.00', '2014-09-04 04:00:00', 1),
(249, 151, 4, 57, 0, 1, 0, 0, '0.71', '0.00', '2014-09-04 04:00:00', 1),
(250, 153, 4, 89, 0, 1, 0, 0, '0.28', '0.00', '2014-09-04 04:00:00', 1),
(251, 156, 4, 555, 0, 15, 0, 3, '9.17', '5.40', '2014-09-04 04:00:00', 1),
(252, 160, 4, 288, 0, 3, 0, 0, '0.78', '0.00', '2014-09-04 04:00:00', 1),
(253, 175, 4, 697, 0, 36, 0, 1, '39.92', '2.00', '2014-09-04 04:00:00', 1),
(254, 178, 4, 3923, 0, 363, 0, 2, '41.75', '4.00', '2014-09-04 04:00:00', 1),
(255, 65, 4, 6289, 0, 310, 109, 115, '306.31', '207.00', '2014-09-04 04:00:00', 1),
(256, 69, 4, 3587, 0, 207, 0, 64, '554.67', '115.20', '2014-09-04 04:00:00', 1),
(257, 73, 4, 73, 0, 2, 0, 0, '1.40', '0.00', '2014-09-04 04:00:00', 1),
(258, 71, 4, 4530, 0, 195, 0, 78, '238.73', '140.40', '2014-09-04 04:00:00', 1),
(259, 77, 4, 10578, 0, 53, 0, 5, '41.02', '9.00', '2014-09-04 04:00:00', 1),
(260, 81, 4, 124328, 0, 678, 19, 27, '656.37', '48.60', '2014-09-04 04:00:00', 1),
(261, 78, 4, 15018, 0, 26, 0, 0, '10.38', '0.00', '2014-09-04 04:00:00', 1),
(262, 83, 4, 14140, 0, 1867, 1, 0, '206.57', '1.80', '2014-09-04 04:00:00', 1),
(263, 85, 4, 358, 0, 16, 3, 0, '20.95', '5.40', '2014-09-04 04:00:00', 1),
(264, 87, 4, 6198, 0, 487, 1, 0, '17.35', '1.80', '2014-09-04 04:00:00', 1),
(265, 88, 4, 2697, 0, 101, 21, 21, '120.85', '37.80', '2014-09-04 04:00:00', 1),
(266, 89, 4, 745, 0, 171, 0, 0, '29.48', '0.00', '2014-09-04 04:00:00', 1),
(267, 91, 4, 53, 0, 1, 3, 4, '0.13', '7.20', '2014-09-04 04:00:00', 1),
(268, 92, 4, 18656, 0, 226, 1, 0, '164.19', '1.80', '2014-09-04 04:00:00', 1),
(269, 100, 4, 1825, 0, 18, 6, 7, '7.18', '7.00', '2014-09-04 04:00:00', 1),
(270, 97, 4, 13032, 0, 1077, 0, 106, '301.63', '106.00', '2014-09-04 04:00:00', 1),
(271, 103, 4, 2979, 0, 137, 24, 25, '111.33', '25.00', '2014-09-04 04:00:00', 1),
(272, 110, 4, 648, 0, 13, 4, 3, '9.75', '3.00', '2014-09-04 04:00:00', 1),
(273, 123, 4, 13604, 0, 806, 61, 65, '270.53', '65.00', '2014-09-04 04:00:00', 1),
(274, 117, 4, 102, 0, 18, 3, 4, '3.44', '4.00', '2014-09-04 04:00:00', 1),
(275, 119, 4, 70, 0, 4, 1, 1, '1.94', '1.00', '2014-09-04 04:00:00', 1),
(276, 111, 4, 1626, 0, 99, 7, 7, '18.69', '7.00', '2014-09-04 04:00:00', 1),
(277, 114, 4, 372, 0, 19, 4, 7, '8.82', '7.00', '2014-09-04 04:00:00', 1),
(278, 74, 4, 1343, 0, 37, 0, 1, '6.36', '0.80', '2014-09-04 04:00:00', 1),
(279, 75, 4, 834, 0, 19, 0, 1, '5.30', '0.80', '2014-09-04 04:00:00', 1),
(280, 79, 4, 11376, 0, 763, 0, 74, '320.56', '59.20', '2014-09-04 04:00:00', 1),
(281, 76, 4, 14423, 0, 672, 0, 62, '124.14', '49.60', '2014-09-04 04:00:00', 1),
(282, 80, 4, 24858, 0, 609, 0, 27, '56.62', '21.60', '2014-09-04 04:00:00', 1),
(283, 82, 4, 8327, 0, 124, 0, 6, '16.86', '4.80', '2014-09-04 04:00:00', 1),
(284, 58, 4, 3992, 0, 336, 0, 0, '32.52', '0.00', '2014-09-04 04:00:00', 1),
(285, 63, 4, 3437, 0, 602, 2, 0, '12.16', '2.40', '2014-09-04 04:00:00', 1),
(286, 132, 4, 2462, 0, 120, 0, 6, '24.31', '7.20', '2014-09-04 04:00:00', 1),
(287, 136, 4, 18375, 0, 2311, 0, 9, '513.09', '10.80', '2014-09-04 04:00:00', 1),
(288, 138, 4, 1865, 0, 374, 0, 1, '38.41', '1.20', '2014-09-04 04:00:00', 1),
(289, 49, 4, 5061, 0, 340, 0, 0, '129.90', '0.00', '2014-09-04 04:00:00', 1),
(290, 51, 4, 26377, 0, 4602, 0, 0, '175.41', '0.00', '2014-09-04 04:00:00', 1),
(291, 52, 4, 1818, 0, 169, 0, 0, '101.57', '0.00', '2014-09-04 04:00:00', 1),
(292, 53, 4, 3099, 0, 322, 0, 0, '43.41', '0.00', '2014-09-04 04:00:00', 1),
(293, 177, 4, 8258, 0, 1062, 0, 3, '78.16', '27.00', '2014-09-04 04:00:00', 1),
(294, 18, 4, 9274, 0, 309, 134, 0, '404.25', '1031.80', '2014-09-04 04:00:00', 1),
(295, 19, 4, 1757, 0, 64, 29, 0, '83.25', '223.30', '2014-09-04 04:00:00', 1),
(296, 13, 4, 67545, 0, 4893, 61, 0, '434.63', '0.00', '2014-09-04 04:00:00', 1),
(297, 15, 4, 11882, 0, 546, 6, 0, '73.85', '0.00', '2014-09-04 04:00:00', 1),
(298, 20, 4, 156, 0, 6, 1, 0, '1.39', '7.70', '2014-09-04 04:00:00', 1),
(299, 17, 4, 49350, 0, 3518, 27, 0, '414.45', '207.90', '2014-09-04 04:00:00', 1),
(300, 11, 4, 11056, 0, 269, 0, 0, '105.90', '0.00', '2014-09-04 04:00:00', 1),
(301, 14, 4, 10848, 0, 741, 3, 0, '130.60', '0.00', '2014-09-04 04:00:00', 1),
(302, 21, 4, 409, 0, 8, 2, 0, '9.32', '15.40', '2014-09-04 04:00:00', 1),
(303, 16, 4, 32, 0, 2, 0, 0, '0.12', '0.00', '2014-09-04 04:00:00', 1),
(304, 22, 4, 1, 0, 0, 0, 0, '0.00', '0.00', '2014-09-04 04:00:00', 1),
(305, 12, 4, 4, 0, 0, 0, 0, '0.00', '0.00', '2014-09-04 04:00:00', 1),
(306, 36, 1, 14978, 0, 250, 0, 0, '2.50', '0.00', '2014-09-04 04:00:00', 1),
(307, 101, 1, 8857, 0, 126, 0, 2, '1.89', '3.60', '2014-09-04 04:00:00', 1),
(308, 99, 1, 8822, 0, 112, 0, 2, '1.68', '3.60', '2014-09-04 04:00:00', 1),
(309, 34, 1, 4484, 0, 151, 0, 0, '2.27', '0.00', '2014-09-04 04:00:00', 1),
(310, 196, 1, 2561, 0, 21, 0, 0, '0.31', '0.00', '2014-09-04 04:00:00', 1),
(311, 129, 1, 1665, 0, 0, 0, 4, '9.99', '4.00', '2014-09-04 04:00:00', 1),
(312, 55, 1, 1036, 0, 0, 3, 4, '6.22', '4.80', '2014-09-04 04:00:00', 1),
(313, 54, 1, 1033, 0, 0, 3, 0, '6.20', '3.60', '2014-09-04 04:00:00', 1),
(314, 125, 7, 108150, 0, 835, 12, 0, '8.35', '12.00', '2014-09-04 04:00:00', 1),
(315, 40, 7, 5367, 0, 13, 0, 0, '0.13', '0.00', '2014-09-04 04:00:00', 1),
(316, 179, 3, 437, 0, 2, 0, 0, '0.02', '0.00', '2014-09-04 04:00:00', 1),
(317, 43, 3, 172274, 0, 1816, 0, 40, '15.89', '32.00', '2014-09-04 04:00:00', 1),
(318, 180, 3, 70, 0, 4, 0, 0, '0.08', '0.00', '2014-09-04 04:00:00', 1),
(319, 60, 3, 13772, 0, 293, 0, 0, '2.93', '0.00', '2014-09-04 04:00:00', 1),
(320, 127, 3, 15322, 0, 140, 0, 13, '4.20', '13.00', '2014-09-04 04:00:00', 1),
(321, 134, 26, 199, 0, 199, 0, 1, '0.38', '1.00', '2014-09-04 04:00:00', 0),
(322, 42, 5, 1107, 0, 834, 0, 11, '50.00', '9.35', '2014-09-04 04:00:00', 0),
(323, 126, 5, 1186, 0, 1010, 0, 16, '10.00', '16.00', '2014-09-04 04:00:00', 0),
(324, 48, 5, 63911, 0, 1250, 0, 10, '10.00', '14.00', '2014-09-04 04:00:00', 0),
(325, 104, 22, 1209, 0, 6, 0, 2, '0.00', '3.60', '2014-09-04 04:00:00', 0),
(326, 106, 22, 1456, 0, 13, 0, 0, '0.00', '0.00', '2014-09-04 04:00:00', 0),
(327, 36, 1, 18327, 0, 332, 0, 2, '3.32', '2.40', '2014-09-05 04:00:00', 1),
(328, 101, 1, 8383, 0, 138, 0, 0, '2.07', '0.00', '2014-09-05 04:00:00', 1),
(329, 99, 1, 8269, 0, 125, 1, 0, '1.88', '1.80', '2014-09-05 04:00:00', 1),
(330, 129, 1, 1667, 0, 0, 0, 7, '10.00', '7.00', '2014-09-05 04:00:00', 1),
(331, 196, 1, 1490, 0, 31, 0, 0, '0.47', '0.00', '2014-09-05 04:00:00', 1),
(332, 34, 1, 1347, 0, 84, 0, 1, '1.26', '1.20', '2014-09-05 04:00:00', 1),
(333, 55, 1, 1085, 0, 0, 5, 6, '6.51', '7.20', '2014-09-05 04:00:00', 1),
(334, 54, 1, 1063, 0, 0, 12, 11, '6.38', '13.20', '2014-09-05 04:00:00', 1),
(335, 197, 3, 41166, 0, 96, 0, 0, '2.49', '0.00', '2014-09-05 04:00:00', 1),
(336, 127, 3, 14686, 0, 126, 0, 6, '3.78', '6.00', '2014-09-05 04:00:00', 1),
(337, 179, 3, 327, 0, 2, 0, 0, '0.02', '0.00', '2014-09-05 04:00:00', 1),
(338, 43, 3, 92922, 0, 1060, 0, 10, '8.25', '8.00', '2014-09-05 04:00:00', 1),
(339, 180, 3, 51, 0, 3, 0, 0, '0.06', '0.00', '2014-09-05 04:00:00', 1),
(340, 60, 3, 18490, 0, 339, 0, 4, '3.39', '4.80', '2014-09-05 04:00:00', 1),
(341, 125, 7, 146834, 0, 698, 6, 0, '6.98', '6.00', '2014-09-05 04:00:00', 1),
(342, 40, 7, 3504, 0, 9, 0, 0, '0.09', '0.00', '2014-09-05 04:00:00', 1),
(343, 84, 8, 15418, 0, 109, 0, 6, '1.09', '6.00', '2014-09-05 04:00:00', 1),
(344, 50, 8, 11767, 0, 86, 9, 12, '1.72', '16.80', '2014-09-05 04:00:00', 1),
(345, 86, 8, 232, 0, 2, 0, 0, '0.02', '0.00', '2014-09-05 04:00:00', 1),
(346, 163, 6, 18587, 0, 585, 20, 26, '29.25', '46.80', '2014-09-05 04:00:00', 1),
(347, 176, 2, 0, 0, 27, 0, 0, '0.81', '0.00', '2014-09-05 04:00:00', 1),
(348, 39, 4, 11916, 0, 624, 0, 33, '224.21', '26.40', '2014-09-05 04:00:00', 1),
(349, 37, 4, 2146, 0, 1, 0, 0, '0.19', '0.00', '2014-09-05 04:00:00', 1),
(350, 41, 4, 9462, 0, 954, 0, 41, '379.40', '32.80', '2014-09-05 04:00:00', 1),
(351, 33, 4, 28104, 0, 936, 0, 59, '517.74', '47.20', '2014-09-05 04:00:00', 1),
(352, 68, 4, 10251, 0, 851, 0, 0, '175.64', '0.00', '2014-09-05 04:00:00', 1),
(353, 64, 4, 17024, 0, 1791, 2, 0, '99.94', '8.00', '2014-09-05 04:00:00', 1),
(354, 66, 4, 19400, 0, 3214, 1, 1, '837.56', '0.00', '2014-09-05 04:00:00', 1),
(355, 70, 4, 69298, 0, 11593, 4, 4, '1849.76', '0.00', '2014-09-05 04:00:00', 1),
(356, 72, 4, 4293, 0, 114, 8, 8, '103.12', '16.00', '2014-09-05 04:00:00', 1),
(357, 174, 4, 462, 0, 7, 1, 0, '6.31', '1.60', '2014-09-05 04:00:00', 1),
(358, 32, 4, 2630, 0, 65, 0, 28, '97.26', '23.80', '2014-09-05 04:00:00', 1),
(359, 24, 4, 4049, 0, 57, 0, 16, '50.49', '13.60', '2014-09-05 04:00:00', 1),
(360, 28, 4, 20231, 0, 1645, 0, 11, '210.69', '9.35', '2014-09-05 04:00:00', 1),
(361, 35, 4, 10101, 0, 504, 0, 2, '24.95', '1.70', '2014-09-05 04:00:00', 1),
(362, 30, 4, 12254, 0, 590, 0, 6, '100.26', '5.10', '2014-09-05 04:00:00', 1),
(363, 25, 4, 2403, 0, 197, 0, 0, '23.76', '0.00', '2014-09-05 04:00:00', 1),
(364, 26, 4, 14835, 0, 800, 0, 10, '110.11', '8.50', '2014-09-05 04:00:00', 1),
(365, 38, 4, 1907, 0, 102, 0, 1, '21.85', '0.85', '2014-09-05 04:00:00', 1),
(366, 27, 4, 17099, 0, 1569, 0, 5, '283.05', '6.00', '2014-09-05 04:00:00', 1),
(367, 31, 4, 57, 0, 2, 0, 0, '2.92', '0.00', '2014-09-05 04:00:00', 1),
(368, 29, 4, 167, 0, 8, 0, 2, '2.34', '2.40', '2014-09-05 04:00:00', 1),
(369, 29, 4, 9, 0, 0, 0, 0, '0.00', '0.00', '2014-09-05 04:00:00', 1),
(370, 31, 4, 10, 0, 0, 0, 0, '0.00', '0.00', '2014-09-05 04:00:00', 1),
(371, 128, 4, 12623, 0, 913, 0, 12, '291.65', '12.00', '2014-09-05 04:00:00', 1),
(372, 44, 4, 77955, 0, 11879, 17, 0, '892.94', '23.80', '2014-09-05 04:00:00', 1),
(373, 45, 4, 86876, 0, 4123, 123, 152, '732.86', '212.80', '2014-09-05 04:00:00', 1),
(374, 46, 4, 25458, 0, 421, 0, 17, '38.79', '23.80', '2014-09-05 04:00:00', 1),
(375, 47, 4, 19435, 0, 734, 17, 21, '135.09', '29.40', '2014-09-05 04:00:00', 1),
(376, 148, 4, 1060, 0, 13, 2, 0, '11.70', '24.00', '2014-09-05 04:00:00', 1),
(377, 149, 4, 407, 0, 5, 0, 0, '2.05', '0.00', '2014-09-05 04:00:00', 1),
(378, 157, 4, 883, 0, 11, 1, 0, '5.95', '12.00', '2014-09-05 04:00:00', 1),
(379, 141, 4, 1106, 0, 11, 0, 0, '7.02', '0.00', '2014-09-05 04:00:00', 1),
(380, 130, 4, 1546, 0, 28, 3, 4, '35.12', '52.00', '2014-09-05 04:00:00', 1),
(381, 161, 4, 109932, 0, 13238, 15, 14, '1429.45', '0.00', '2014-09-05 04:00:00', 1),
(382, 162, 4, 33471, 0, 2103, 17, 19, '971.25', '0.00', '2014-09-05 04:00:00', 1),
(383, 146, 4, 2723, 0, 65, 11, 10, '79.49', '150.00', '2014-09-05 04:00:00', 1),
(384, 150, 4, 3093, 0, 159, 36, 33, '127.85', '396.00', '2014-09-05 04:00:00', 1),
(385, 135, 4, 645, 0, 7, 0, 2, '11.99', '42.00', '2014-09-05 04:00:00', 1),
(386, 143, 4, 1681, 0, 63, 3, 2, '60.05', '30.00', '2014-09-05 04:00:00', 1),
(387, 131, 4, 1076, 0, 22, 14, 12, '32.01', '156.00', '2014-09-05 04:00:00', 1),
(388, 152, 4, 2144, 0, 67, 9, 0, '51.83', '108.00', '2014-09-05 04:00:00', 1),
(389, 144, 4, 70, 0, 3, 0, 0, '1.42', '0.00', '2014-09-05 04:00:00', 1),
(390, 133, 4, 127, 0, 2, 0, 1, '3.04', '13.00', '2014-09-05 04:00:00', 1),
(391, 155, 4, 115, 0, 5, 1, 0, '2.40', '12.00', '2014-09-05 04:00:00', 1),
(392, 164, 4, 27148, 0, 2227, 2, 3, '311.73', '0.00', '2014-09-05 04:00:00', 1),
(394, 167, 4, 1609, 0, 63, 0, 0, '7.02', '0.00', '2014-09-05 04:00:00', 1),
(395, 168, 4, 1070, 0, 137, 0, 0, '14.00', '0.00', '2014-09-05 04:00:00', 1),
(396, 169, 4, 2539, 0, 224, 5, 4, '35.85', '0.00', '2014-09-05 04:00:00', 1),
(397, 170, 4, 15587, 0, 1480, 4, 0, '153.72', '0.00', '2014-09-05 04:00:00', 1),
(398, 137, 4, 137, 0, 2, 0, 0, '4.66', '0.00', '2014-09-05 04:00:00', 1),
(399, 171, 4, 439, 0, 11, 0, 0, '1.23', '0.00', '2014-09-05 04:00:00', 1),
(400, 139, 4, 14, 0, 0, 0, 0, '0.00', '0.00', '2014-09-05 04:00:00', 1),
(401, 147, 4, 20, 0, 0, 0, 0, '0.00', '0.00', '2014-09-05 04:00:00', 1),
(402, 158, 4, 59, 0, 0, 0, 0, '0.00', '0.00', '2014-09-05 04:00:00', 1),
(403, 172, 4, 978, 0, 162, 0, 0, '26.72', '0.00', '2014-09-05 04:00:00', 1),
(404, 159, 4, 12, 0, 0, 0, 0, '0.00', '0.00', '2014-09-05 04:00:00', 1),
(405, 173, 4, 725, 0, 110, 0, 0, '11.50', '0.00', '2014-09-05 04:00:00', 1),
(406, 140, 4, 182, 0, 2, 1, 0, '3.18', '21.00', '2014-09-05 04:00:00', 1),
(407, 142, 4, 298, 0, 1, 0, 0, '1.56', '0.00', '2014-09-05 04:00:00', 1),
(408, 145, 4, 887, 0, 16, 3, 0, '9.37', '5.40', '2014-09-05 04:00:00', 1),
(409, 151, 4, 44, 0, 2, 0, 0, '1.88', '0.00', '2014-09-05 04:00:00', 1),
(410, 153, 4, 180, 0, 4, 0, 0, '0.13', '0.00', '2014-09-05 04:00:00', 1),
(411, 156, 4, 835, 0, 16, 1, 0, '4.42', '1.80', '2014-09-05 04:00:00', 1),
(412, 160, 4, 310, 0, 7, 0, 0, '5.18', '0.00', '2014-09-05 04:00:00', 1),
(413, 175, 4, 557, 0, 45, 0, 5, '45.68', '10.00', '2014-09-05 04:00:00', 1),
(414, 178, 4, 3985, 0, 346, 0, 0, '40.57', '0.00', '2014-09-05 04:00:00', 1),
(415, 65, 4, 6553, 0, 290, 138, 132, '291.64', '237.60', '2014-09-05 04:00:00', 1),
(416, 69, 4, 4256, 0, 212, 39, 62, '585.83', '111.60', '2014-09-05 04:00:00', 1),
(417, 73, 4, 86, 0, 5, 0, 0, '2.63', '0.00', '2014-09-05 04:00:00', 1),
(418, 71, 4, 4769, 0, 197, 38, 68, '266.72', '122.40', '2014-09-05 04:00:00', 1),
(419, 77, 4, 31104, 0, 163, 4, 5, '120.20', '9.00', '2014-09-05 04:00:00', 1),
(420, 81, 4, 62600, 0, 399, 12, 14, '378.99', '25.20', '2014-09-05 04:00:00', 1),
(421, 78, 4, 11793, 0, 23, 1, 0, '11.00', '1.80', '2014-09-05 04:00:00', 1),
(422, 83, 4, 7383, 0, 896, 2, 0, '112.73', '3.60', '2014-09-05 04:00:00', 1),
(423, 85, 4, 456, 0, 19, 5, 0, '22.03', '9.00', '2014-09-05 04:00:00', 1),
(424, 87, 4, 5217, 0, 386, 0, 1, '15.32', '1.80', '2014-09-05 04:00:00', 1),
(425, 88, 4, 3143, 0, 121, 19, 20, '133.59', '36.00', '2014-09-05 04:00:00', 1),
(426, 89, 4, 678, 0, 163, 1, 0, '19.56', '1.80', '2014-09-05 04:00:00', 1),
(427, 91, 4, 46, 0, 7, 3, 0, '4.24', '5.40', '2014-09-05 04:00:00', 1),
(428, 92, 4, 14246, 0, 144, 1, 0, '100.46', '1.80', '2014-09-05 04:00:00', 1),
(429, 100, 4, 136, 0, 1, 1, 0, '0.32', '1.00', '2014-09-05 04:00:00', 1),
(430, 97, 4, 12852, 0, 1090, 0, 100, '365.16', '100.00', '2014-09-05 04:00:00', 1),
(431, 103, 4, 3427, 0, 191, 27, 0, '159.91', '27.00', '2014-09-05 04:00:00', 1),
(432, 110, 4, 612, 0, 28, 4, 5, '14.98', '5.00', '2014-09-05 04:00:00', 1),
(433, 123, 4, 13336, 0, 846, 53, 0, '262.00', '53.00', '2014-09-05 04:00:00', 1),
(434, 117, 4, 98, 0, 11, 2, 0, '1.92', '2.00', '2014-09-05 04:00:00', 1),
(435, 119, 4, 58, 0, 6, 1, 0, '2.79', '1.00', '2014-09-05 04:00:00', 1),
(436, 111, 4, 1445, 0, 83, 6, 0, '15.86', '6.00', '2014-09-05 04:00:00', 1),
(437, 114, 4, 353, 0, 12, 2, 0, '3.37', '2.00', '2014-09-05 04:00:00', 1),
(438, 74, 4, 1578, 0, 36, 0, 5, '6.03', '4.00', '2014-09-05 04:00:00', 1),
(439, 75, 4, 969, 0, 11, 0, 0, '3.99', '0.00', '2014-09-05 04:00:00', 1),
(440, 79, 4, 10971, 0, 723, 0, 67, '295.87', '53.60', '2014-09-05 04:00:00', 1),
(441, 76, 4, 17199, 0, 735, 0, 51, '131.20', '40.80', '2014-09-05 04:00:00', 1),
(442, 80, 4, 28502, 0, 769, 0, 52, '74.94', '41.60', '2014-09-05 04:00:00', 1),
(443, 82, 4, 8420, 0, 102, 0, 9, '14.99', '7.20', '2014-09-05 04:00:00', 1),
(444, 58, 4, 4145, 0, 351, 0, 0, '34.56', '0.00', '2014-09-05 04:00:00', 1),
(445, 63, 4, 3391, 0, 521, 1, 0, '11.98', '1.20', '2014-09-05 04:00:00', 1),
(446, 132, 4, 2407, 0, 90, 0, 3, '21.70', '3.60', '2014-09-05 04:00:00', 1),
(447, 136, 4, 17754, 0, 2154, 0, 2, '503.44', '2.40', '2014-09-05 04:00:00', 1),
(448, 138, 4, 2420, 0, 426, 0, 0, '39.99', '0.00', '2014-09-05 04:00:00', 1),
(449, 181, 4, 371, 0, 34, 0, 0, '2.45', '0.00', '2014-09-05 04:00:00', 1),
(450, 181, 4, 3481, 0, 266, 0, 0, '33.20', '0.00', '2014-09-05 04:00:00', 1),
(451, 181, 4, 4593, 0, 526, 0, 0, '55.01', '0.00', '2014-09-05 04:00:00', 1),
(452, 181, 4, 4192, 0, 142, 0, 0, '12.91', '0.00', '2014-09-05 04:00:00', 1),
(453, 182, 4, 6641, 0, 182, 0, 52, '347.03', '780.00', '2014-09-05 04:00:00', 1),
(454, 49, 4, 5333, 0, 313, 16, 0, '117.61', '14.40', '2014-09-05 04:00:00', 1),
(455, 51, 4, 26283, 0, 4478, 3, 0, '165.15', '2.70', '2014-09-05 04:00:00', 1),
(456, 52, 4, 1955, 0, 180, 29, 0, '107.06', '26.10', '2014-09-05 04:00:00', 1),
(457, 53, 4, 3390, 0, 314, 0, 0, '40.10', '0.00', '2014-09-05 04:00:00', 1),
(458, 177, 4, 8809, 0, 966, 0, 2, '76.72', '18.00', '2014-09-05 04:00:00', 1),
(459, 18, 4, 9754, 0, 310, 148, 0, '402.57', '1139.60', '2014-09-05 04:00:00', 1),
(460, 19, 4, 2092, 0, 77, 34, 0, '90.86', '261.80', '2014-09-05 04:00:00', 1),
(461, 13, 4, 39489, 0, 3846, 22, 0, '304.66', '0.00', '2014-09-05 04:00:00', 1),
(462, 15, 4, 10142, 0, 498, 1, 0, '63.40', '0.00', '2014-09-05 04:00:00', 1),
(463, 20, 4, 137, 0, 2, 0, 0, '0.29', '0.00', '2014-09-05 04:00:00', 1),
(464, 17, 4, 54816, 0, 4262, 31, 0, '462.62', '238.70', '2014-09-05 04:00:00', 1),
(465, 11, 4, 11520, 0, 268, 0, 0, '104.18', '0.00', '2014-09-05 04:00:00', 1),
(466, 14, 4, 10159, 0, 710, 2, 0, '120.09', '0.00', '2014-09-05 04:00:00', 1),
(467, 21, 4, 471, 0, 20, 3, 0, '20.21', '23.10', '2014-09-05 04:00:00', 1),
(468, 16, 4, 32, 0, 0, 0, 0, '0.00', '0.00', '2014-09-05 04:00:00', 1),
(469, 12, 4, 1, 0, 0, 0, 0, '0.00', '0.00', '2014-09-05 04:00:00', 1),
(470, 36, 1, 27151, 0, 500, 0, 1, '5.00', '1.20', '2014-09-06 04:00:00', 1),
(471, 101, 1, 7692, 0, 125, 2, 1, '1.88', '1.80', '2014-09-06 04:00:00', 1),
(472, 99, 1, 7567, 0, 130, 4, 0, '1.95', '7.20', '2014-09-06 04:00:00', 1),
(473, 129, 1, 1665, 0, 0, 0, 5, '9.99', '5.00', '2014-09-06 04:00:00', 1),
(474, 196, 1, 941, 0, 29, 0, 0, '0.44', '0.00', '2014-09-06 04:00:00', 1),
(475, 54, 1, 878, 0, 0, 8, 0, '5.27', '9.60', '2014-09-06 04:00:00', 1),
(476, 55, 1, 855, 0, 0, 6, 0, '5.13', '7.20', '2014-09-06 04:00:00', 1),
(477, 34, 1, 484, 0, 40, 0, 0, '0.60', '0.00', '2014-09-06 04:00:00', 1),
(478, 197, 3, 39408, 0, 145, 0, 4, '2.25', '60.00', '2014-09-06 04:00:00', 1),
(479, 127, 3, 36314, 0, 317, 0, 14, '9.51', '14.00', '2014-09-06 04:00:00', 1),
(480, 60, 3, 12958, 0, 217, 0, 1, '2.17', '1.20', '2014-09-06 04:00:00', 1),
(481, 179, 3, 375, 0, 1, 0, 0, '0.01', '0.00', '2014-09-06 04:00:00', 1),
(482, 43, 3, 140325, 0, 1865, 0, 48, '12.92', '38.40', '2014-09-06 04:00:00', 1),
(483, 180, 3, 42, 0, 6, 0, 0, '0.12', '0.00', '2014-09-06 04:00:00', 1),
(484, 125, 7, 115970, 0, 688, 10, 0, '6.88', '10.00', '2014-09-06 04:00:00', 1),
(485, 40, 7, 583, 0, 5, 0, 0, '0.05', '0.00', '2014-09-06 04:00:00', 1),
(486, 84, 8, 52594, 0, 364, 0, 7, '3.64', '7.00', '2014-09-06 04:00:00', 1),
(487, 50, 8, 35490, 0, 235, 18, 16, '4.70', '22.40', '2014-09-06 04:00:00', 1),
(488, 86, 8, 893, 0, 13, 0, 0, '0.13', '0.00', '2014-09-06 04:00:00', 1),
(489, 163, 6, 17624, 0, 576, 19, 17, '28.80', '30.60', '2014-09-06 04:00:00', 1),
(490, 176, 2, 0, 0, 43, 0, 0, '1.29', '0.00', '2014-09-06 04:00:00', 1),
(491, 39, 4, 13248, 0, 689, 0, 31, '249.71', '24.80', '2014-09-06 04:00:00', 1),
(492, 37, 4, 2333, 0, 17, 0, 2, '6.60', '1.60', '2014-09-06 04:00:00', 1),
(493, 41, 4, 11496, 0, 1141, 0, 50, '469.99', '40.00', '2014-09-06 04:00:00', 1),
(494, 33, 4, 33033, 0, 935, 0, 80, '518.78', '64.00', '2014-09-06 04:00:00', 1),
(495, 68, 4, 3781, 0, 541, 1, 0, '100.14', '4.00', '2014-09-06 04:00:00', 1),
(496, 64, 4, 17733, 0, 2021, 2, 0, '100.18', '8.00', '2014-09-06 04:00:00', 1),
(497, 66, 4, 3264, 0, 411, 0, 0, '100.09', '0.00', '2014-09-06 04:00:00', 1),
(498, 70, 4, 4230, 0, 600, 0, 0, '100.44', '0.00', '2014-09-06 04:00:00', 1),
(499, 72, 4, 4595, 0, 103, 9, 0, '100.63', '18.00', '2014-09-06 04:00:00', 1),
(500, 174, 4, 968, 0, 9, 3, 0, '7.76', '4.80', '2014-09-06 04:00:00', 1),
(501, 32, 4, 2057, 0, 50, 0, 16, '73.92', '13.60', '2014-09-06 04:00:00', 1),
(502, 24, 4, 3496, 0, 43, 0, 8, '41.52', '6.80', '2014-09-06 04:00:00', 1),
(503, 28, 4, 24205, 0, 2019, 0, 22, '282.53', '18.70', '2014-09-06 04:00:00', 1),
(504, 35, 4, 14920, 0, 844, 0, 4, '41.70', '3.40', '2014-09-06 04:00:00', 1),
(505, 30, 4, 11994, 0, 570, 0, 6, '100.67', '5.10', '2014-09-06 04:00:00', 1),
(506, 25, 4, 2233, 0, 187, 0, 0, '28.03', '0.00', '2014-09-06 04:00:00', 1),
(507, 26, 4, 5943, 0, 353, 0, 11, '50.39', '9.35', '2014-09-06 04:00:00', 1),
(508, 38, 4, 1705, 0, 116, 0, 2, '21.93', '1.70', '2014-09-06 04:00:00', 1),
(509, 27, 4, 27238, 0, 2451, 0, 19, '453.33', '22.80', '2014-09-06 04:00:00', 1),
(510, 31, 4, 44, 0, 2, 0, 0, '2.20', '0.00', '2014-09-06 04:00:00', 1),
(511, 29, 4, 150, 0, 10, 0, 2, '3.62', '2.40', '2014-09-06 04:00:00', 1),
(512, 29, 4, 10, 0, 0, 0, 0, '0.00', '0.00', '2014-09-06 04:00:00', 1),
(513, 31, 4, 2, 0, 0, 0, 0, '0.00', '0.00', '2014-09-06 04:00:00', 1),
(514, 128, 4, 15084, 0, 1112, 0, 14, '365.30', '14.00', '2014-09-06 04:00:00', 1),
(515, 44, 4, 138176, 0, 21354, 42, 40, '1675.04', '56.00', '2014-09-06 04:00:00', 1),
(516, 45, 4, 87286, 0, 3890, 125, 130, '784.04', '182.00', '2014-09-06 04:00:00', 1),
(517, 46, 4, 20480, 0, 350, 0, 8, '33.05', '11.20', '2014-09-06 04:00:00', 1),
(518, 47, 4, 19651, 0, 717, 23, 24, '138.94', '33.60', '2014-09-06 04:00:00', 1),
(519, 148, 4, 290, 0, 6, 0, 0, '4.32', '0.00', '2014-09-06 04:00:00', 1),
(520, 149, 4, 790, 0, 20, 2, 0, '12.17', '24.00', '2014-09-06 04:00:00', 1),
(521, 157, 4, 941, 0, 16, 1, 0, '11.67', '12.00', '2014-09-06 04:00:00', 1),
(522, 141, 4, 461, 0, 10, 1, 0, '9.42', '15.00', '2014-09-06 04:00:00', 1),
(523, 130, 4, 2034, 0, 42, 9, 10, '50.35', '130.00', '2014-09-06 04:00:00', 1),
(524, 161, 4, 128435, 0, 16073, 16, 21, '1694.33', '0.00', '2014-09-06 04:00:00', 1),
(525, 162, 4, 41746, 0, 2490, 17, 16, '1106.03', '0.00', '2014-09-06 04:00:00', 1),
(526, 146, 4, 4750, 0, 226, 30, 26, '273.39', '390.00', '2014-09-06 04:00:00', 1),
(527, 150, 4, 4257, 0, 239, 48, 61, '198.47', '732.00', '2014-09-06 04:00:00', 1),
(528, 135, 4, 517, 0, 17, 3, 5, '34.74', '105.00', '2014-09-06 04:00:00', 1),
(529, 143, 4, 3392, 0, 118, 15, 16, '106.01', '240.00', '2014-09-06 04:00:00', 1),
(530, 131, 4, 2471, 0, 85, 18, 20, '119.95', '260.00', '2014-09-06 04:00:00', 1),
(531, 152, 4, 3478, 0, 120, 16, 13, '86.30', '156.00', '2014-09-06 04:00:00', 1),
(532, 144, 4, 99, 0, 1, 0, 0, '0.85', '0.00', '2014-09-06 04:00:00', 1),
(533, 133, 4, 133, 0, 2, 0, 0, '3.23', '0.00', '2014-09-06 04:00:00', 1),
(534, 155, 4, 232, 0, 4, 0, 0, '2.38', '0.00', '2014-09-06 04:00:00', 1),
(535, 164, 4, 30632, 0, 2214, 10, 8, '313.20', '0.00', '2014-09-06 04:00:00', 1),
(537, 167, 4, 2097, 0, 109, 1, 0, '12.27', '0.00', '2014-09-06 04:00:00', 1),
(538, 168, 4, 2419, 0, 322, 0, 1, '33.40', '0.00', '2014-09-06 04:00:00', 1),
(539, 169, 4, 7364, 0, 578, 9, 11, '87.30', '0.00', '2014-09-06 04:00:00', 1),
(540, 170, 4, 13490, 0, 1142, 2, 0, '138.69', '0.00', '2014-09-06 04:00:00', 1),
(541, 137, 4, 291, 0, 3, 1, 0, '5.26', '21.00', '2014-09-06 04:00:00', 1),
(542, 171, 4, 375, 0, 6, 0, 0, '0.38', '0.00', '2014-09-06 04:00:00', 1),
(543, 139, 4, 7, 0, 0, 0, 0, '0.00', '0.00', '2014-09-06 04:00:00', 1),
(544, 147, 4, 2, 0, 0, 0, 0, '0.00', '0.00', '2014-09-06 04:00:00', 1),
(545, 158, 4, 2, 0, 0, 0, 0, '0.00', '0.00', '2014-09-06 04:00:00', 1),
(546, 172, 4, 1132, 0, 160, 0, 0, '25.99', '0.00', '2014-09-06 04:00:00', 1),
(547, 173, 4, 583, 0, 100, 0, 0, '10.45', '0.00', '2014-09-06 04:00:00', 1),
(548, 140, 4, 14, 0, 0, 0, 0, '0.00', '0.00', '2014-09-06 04:00:00', 1),
(549, 142, 4, 133, 0, 4, 0, 0, '0.05', '0.00', '2014-09-06 04:00:00', 1),
(550, 153, 4, 8, 0, 0, 0, 0, '0.00', '0.00', '2014-09-06 04:00:00', 1),
(551, 156, 4, 1833, 0, 46, 9, 0, '43.87', '16.20', '2014-09-06 04:00:00', 1),
(552, 175, 4, 1051, 0, 107, 0, 6, '111.40', '12.00', '2014-09-06 04:00:00', 1),
(553, 178, 4, 3080, 0, 356, 0, 1, '40.34', '2.00', '2014-09-06 04:00:00', 1),
(554, 65, 4, 8320, 0, 471, 170, 181, '427.58', '325.80', '2014-09-06 04:00:00', 1),
(555, 69, 4, 5338, 0, 308, 107, 111, '817.12', '199.80', '2014-09-06 04:00:00', 1),
(556, 73, 4, 119, 0, 7, 0, 0, '4.24', '0.00', '2014-09-06 04:00:00', 1),
(557, 71, 4, 5988, 0, 312, 106, 110, '423.96', '198.00', '2014-09-06 04:00:00', 1),
(558, 77, 4, 49108, 0, 250, 10, 11, '235.86', '19.80', '2014-09-06 04:00:00', 1),
(559, 81, 4, 24139, 0, 238, 5, 6, '200.67', '10.80', '2014-09-06 04:00:00', 1),
(560, 78, 4, 17780, 0, 33, 0, 0, '12.67', '0.00', '2014-09-06 04:00:00', 1),
(561, 83, 4, 4393, 0, 486, 0, 0, '50.47', '0.00', '2014-09-06 04:00:00', 1),
(562, 85, 4, 450, 0, 24, 9, 10, '30.12', '18.00', '2014-09-06 04:00:00', 1),
(563, 87, 4, 4730, 0, 371, 0, 0, '14.75', '0.00', '2014-09-06 04:00:00', 1),
(564, 88, 4, 4008, 0, 159, 35, 34, '171.56', '61.20', '2014-09-06 04:00:00', 1),
(565, 89, 4, 799, 0, 204, 0, 0, '27.74', '0.00', '2014-09-06 04:00:00', 1),
(566, 91, 4, 55, 0, 4, 1, 0, '1.48', '1.80', '2014-09-06 04:00:00', 1),
(567, 92, 4, 12803, 0, 154, 2, 1, '101.15', '1.80', '2014-09-06 04:00:00', 1),
(568, 100, 4, 212, 0, 1, 3, 4, '0.58', '4.00', '2014-09-06 04:00:00', 1),
(569, 97, 4, 14896, 0, 1366, 0, 139, '551.80', '139.00', '2014-09-06 04:00:00', 1),
(570, 103, 4, 3738, 0, 159, 32, 35, '128.58', '35.00', '2014-09-06 04:00:00', 1),
(571, 110, 4, 777, 0, 25, 4, 5, '16.08', '5.00', '2014-09-06 04:00:00', 1),
(572, 123, 4, 13823, 0, 963, 56, 59, '310.32', '59.00', '2014-09-06 04:00:00', 1),
(573, 117, 4, 111, 0, 10, 0, 0, '1.57', '0.00', '2014-09-06 04:00:00', 1),
(574, 119, 4, 56, 0, 3, 4, 2, '1.27', '2.00', '2014-09-06 04:00:00', 1),
(575, 111, 4, 1349, 0, 75, 7, 0, '17.02', '7.00', '2014-09-06 04:00:00', 1),
(576, 114, 4, 279, 0, 12, 2, 0, '6.10', '2.00', '2014-09-06 04:00:00', 1),
(577, 74, 4, 1654, 0, 32, 0, 4, '4.69', '3.20', '2014-09-06 04:00:00', 1),
(578, 75, 4, 929, 0, 20, 0, 1, '5.64', '0.80', '2014-09-06 04:00:00', 1),
(579, 79, 4, 9629, 0, 610, 0, 48, '256.32', '38.40', '2014-09-06 04:00:00', 1),
(580, 76, 4, 18432, 0, 821, 0, 62, '155.10', '49.60', '2014-09-06 04:00:00', 1),
(581, 80, 4, 29328, 0, 735, 0, 51, '66.80', '40.80', '2014-09-06 04:00:00', 1),
(582, 82, 4, 5412, 0, 79, 0, 5, '9.93', '4.00', '2014-09-06 04:00:00', 1),
(583, 58, 4, 4303, 0, 341, 1, 0, '35.94', '1.20', '2014-09-06 04:00:00', 1),
(584, 63, 4, 3407, 0, 573, 1, 0, '11.09', '1.20', '2014-09-06 04:00:00', 1),
(585, 132, 4, 2366, 0, 121, 0, 2, '30.50', '2.40', '2014-09-06 04:00:00', 1),
(586, 136, 4, 3057, 0, 391, 0, 1, '100.28', '1.20', '2014-09-06 04:00:00', 1),
(587, 138, 4, 3853, 0, 554, 0, 0, '52.23', '0.00', '2014-09-06 04:00:00', 1),
(588, 181, 4, 436, 0, 36, 0, 0, '1.93', '0.00', '2014-09-06 04:00:00', 1),
(589, 181, 4, 3427, 0, 258, 0, 0, '30.41', '0.00', '2014-09-06 04:00:00', 1),
(590, 181, 4, 4819, 0, 523, 0, 3, '55.63', '0.00', '2014-09-06 04:00:00', 1),
(591, 181, 4, 3538, 0, 158, 0, 0, '14.49', '0.00', '2014-09-06 04:00:00', 1),
(592, 182, 4, 7104, 0, 211, 0, 67, '397.35', '1005.00', '2014-09-06 04:00:00', 1),
(593, 49, 4, 5744, 0, 364, 36, 0, '147.25', '32.40', '2014-09-06 04:00:00', 1),
(594, 51, 4, 27287, 0, 4628, 8, 0, '173.65', '7.20', '2014-09-06 04:00:00', 1),
(595, 52, 4, 2423, 0, 190, 44, 0, '111.21', '39.60', '2014-09-06 04:00:00', 1),
(596, 53, 4, 3360, 0, 241, 0, 0, '30.63', '0.00', '2014-09-06 04:00:00', 1),
(597, 177, 4, 8344, 0, 940, 0, 1, '77.48', '9.00', '2014-09-06 04:00:00', 1),
(598, 18, 4, 8930, 0, 301, 124, 0, '398.48', '954.80', '2014-09-06 04:00:00', 1),
(599, 19, 4, 2473, 0, 90, 36, 0, '108.89', '277.20', '2014-09-06 04:00:00', 1),
(600, 13, 4, 34953, 0, 3354, 28, 0, '262.79', '0.00', '2014-09-06 04:00:00', 1),
(601, 15, 4, 9926, 0, 582, 4, 0, '68.82', '0.00', '2014-09-06 04:00:00', 1),
(602, 20, 4, 342, 0, 8, 0, 0, '4.60', '0.00', '2014-09-06 04:00:00', 1),
(603, 17, 4, 55123, 0, 4490, 44, 0, '485.80', '338.80', '2014-09-06 04:00:00', 1),
(604, 11, 4, 13032, 0, 274, 0, 0, '104.78', '0.00', '2014-09-06 04:00:00', 1),
(605, 14, 4, 7850, 0, 574, 2, 0, '103.76', '0.00', '2014-09-06 04:00:00', 1),
(606, 21, 4, 533, 0, 19, 3, 0, '18.70', '23.10', '2014-09-06 04:00:00', 1),
(607, 16, 4, 28, 0, 1, 0, 0, '0.17', '0.00', '2014-09-06 04:00:00', 1),
(608, 22, 4, 1, 0, 0, 0, 0, '0.00', '0.00', '2014-09-06 04:00:00', 1),
(609, 36, 1, 21368, 0, 391, 0, 3, '3.91', '3.60', '2014-09-07 04:00:00', 1),
(610, 99, 1, 8402, 0, 172, 2, 0, '2.58', '3.60', '2014-09-07 04:00:00', 1),
(611, 101, 1, 8371, 0, 175, 4, 0, '2.63', '7.20', '2014-09-07 04:00:00', 1),
(612, 196, 1, 1948, 0, 66, 1, 0, '0.99', '1.80', '2014-09-07 04:00:00', 1),
(613, 129, 1, 1667, 0, 0, 0, 3, '10.00', '3.00', '2014-09-07 04:00:00', 1),
(614, 55, 1, 791, 0, 0, 4, 5, '4.75', '6.00', '2014-09-07 04:00:00', 1),
(615, 54, 1, 759, 0, 0, 3, 0, '4.55', '3.60', '2014-09-07 04:00:00', 1),
(616, 34, 1, 392, 0, 47, 0, 1, '0.70', '1.20', '2014-09-07 04:00:00', 1),
(617, 179, 3, 508, 0, 4, 0, 0, '0.04', '0.00', '2014-09-07 04:00:00', 1),
(618, 43, 3, 211910, 0, 2268, 0, 36, '20.88', '28.80', '2014-09-07 04:00:00', 1),
(619, 180, 3, 75, 0, 4, 0, 0, '0.08', '0.00', '2014-09-07 04:00:00', 1),
(620, 60, 3, 9029, 0, 156, 0, 4, '1.56', '4.80', '2014-09-07 04:00:00', 1),
(621, 197, 3, 56221, 0, 144, 0, 1, '3.25', '15.00', '2014-09-07 04:00:00', 1),
(622, 127, 3, 34001, 0, 337, 0, 10, '10.11', '10.00', '2014-09-07 04:00:00', 1),
(623, 125, 7, 117267, 0, 755, 4, 5, '7.55', '5.00', '2014-09-07 04:00:00', 1),
(624, 40, 7, 776, 0, 3, 0, 1, '0.03', '1.20', '2014-09-07 04:00:00', 1),
(625, 84, 8, 53199, 0, 347, 0, 9, '3.47', '9.00', '2014-09-07 04:00:00', 1),
(626, 50, 8, 36184, 0, 270, 8, 10, '5.40', '14.00', '2014-09-07 04:00:00', 1),
(627, 86, 8, 1319, 0, 11, 0, 0, '0.11', '0.00', '2014-09-07 04:00:00', 1),
(628, 163, 6, 13405, 0, 449, 22, 23, '22.45', '41.40', '2014-09-07 04:00:00', 1),
(629, 176, 2, 0, 0, 34, 0, 0, '1.02', '0.00', '2014-09-07 04:00:00', 1),
(630, 39, 4, 12865, 0, 684, 0, 38, '235.69', '30.40', '2014-09-07 04:00:00', 1),
(631, 37, 4, 2504, 0, 6, 0, 0, '3.16', '0.00', '2014-09-07 04:00:00', 1),
(632, 41, 4, 10999, 0, 1143, 0, 56, '486.65', '44.80', '2014-09-07 04:00:00', 1),
(633, 33, 4, 31845, 0, 921, 0, 66, '519.41', '52.80', '2014-09-07 04:00:00', 1),
(634, 68, 4, 3176, 0, 576, 0, 0, '100.69', '0.00', '2014-09-07 04:00:00', 1),
(635, 64, 4, 17368, 0, 1958, 1, 0, '100.19', '4.00', '2014-09-07 04:00:00', 1),
(636, 66, 4, 4459, 0, 425, 0, 0, '100.05', '0.00', '2014-09-07 04:00:00', 1),
(637, 70, 4, 4891, 0, 560, 0, 0, '100.18', '0.00', '2014-09-07 04:00:00', 1),
(638, 72, 4, 2989, 0, 109, 3, 0, '100.23', '6.00', '2014-09-07 04:00:00', 1),
(639, 174, 4, 1023, 0, 13, 1, 0, '10.78', '1.60', '2014-09-07 04:00:00', 1),
(640, 32, 4, 2242, 0, 96, 0, 28, '146.69', '23.80', '2014-09-07 04:00:00', 1),
(641, 24, 4, 3820, 0, 70, 0, 13, '58.90', '11.05', '2014-09-07 04:00:00', 1),
(642, 28, 4, 18019, 0, 1611, 0, 24, '246.12', '20.40', '2014-09-07 04:00:00', 1),
(643, 35, 4, 11714, 0, 558, 0, 1, '29.65', '0.85', '2014-09-07 04:00:00', 1),
(644, 30, 4, 12403, 0, 680, 0, 14, '100.43', '11.90', '2014-09-07 04:00:00', 1),
(645, 25, 4, 1975, 0, 193, 0, 1, '28.27', '0.85', '2014-09-07 04:00:00', 1),
(646, 26, 4, 6303, 0, 347, 0, 5, '50.85', '4.25', '2014-09-07 04:00:00', 1),
(647, 38, 4, 1396, 0, 108, 0, 1, '22.04', '0.85', '2014-09-07 04:00:00', 1),
(648, 27, 4, 26024, 0, 2381, 0, 17, '451.59', '20.40', '2014-09-07 04:00:00', 1),
(649, 31, 4, 90, 0, 2, 0, 0, '3.27', '0.00', '2014-09-07 04:00:00', 1),
(650, 29, 4, 194, 0, 18, 0, 1, '7.89', '1.20', '2014-09-07 04:00:00', 1),
(651, 29, 4, 17, 0, 1, 0, 0, '0.70', '0.00', '2014-09-07 04:00:00', 1),
(652, 31, 4, 9, 0, 0, 0, 0, '0.00', '0.00', '2014-09-07 04:00:00', 1),
(653, 128, 4, 11831, 0, 868, 0, 13, '298.74', '13.00', '2014-09-07 04:00:00', 1),
(654, 44, 4, 236423, 0, 18888, 61, 52, '1678.79', '72.80', '2014-09-07 04:00:00', 1),
(655, 45, 4, 72697, 0, 4038, 93, 89, '784.39', '124.60', '2014-09-07 04:00:00', 1),
(656, 46, 4, 23516, 0, 460, 0, 12, '42.31', '16.80', '2014-09-07 04:00:00', 1),
(657, 47, 4, 15443, 0, 800, 21, 19, '161.29', '26.60', '2014-09-07 04:00:00', 1),
(658, 148, 4, 164, 0, 5, 1, 0, '5.50', '12.00', '2014-09-07 04:00:00', 1),
(659, 149, 4, 1544, 0, 64, 2, 0, '40.15', '24.00', '2014-09-07 04:00:00', 1),
(660, 157, 4, 2636, 0, 81, 6, 0, '62.92', '72.00', '2014-09-07 04:00:00', 1),
(661, 141, 4, 246, 0, 10, 0, 0, '9.81', '0.00', '2014-09-07 04:00:00', 1),
(662, 130, 4, 2187, 0, 51, 9, 9, '63.19', '117.00', '2014-09-07 04:00:00', 1),
(663, 161, 4, 113838, 0, 14429, 15, 18, '1499.66', '0.00', '2014-09-07 04:00:00', 1),
(664, 162, 4, 37519, 0, 2912, 13, 15, '1267.38', '0.00', '2014-09-07 04:00:00', 1),
(665, 146, 4, 5421, 0, 277, 32, 35, '343.72', '525.00', '2014-09-07 04:00:00', 1),
(666, 150, 4, 4761, 0, 383, 46, 48, '302.67', '576.00', '2014-09-07 04:00:00', 1),
(667, 135, 4, 602, 0, 17, 2, 0, '38.31', '42.00', '2014-09-07 04:00:00', 1),
(668, 143, 4, 4574, 0, 237, 15, 13, '199.82', '195.00', '2014-09-07 04:00:00', 1),
(669, 131, 4, 3947, 0, 178, 15, 19, '241.31', '247.00', '2014-09-07 04:00:00', 1),
(670, 152, 4, 4919, 0, 279, 26, 28, '212.91', '336.00', '2014-09-07 04:00:00', 1),
(671, 144, 4, 152, 0, 11, 2, 0, '10.06', '30.00', '2014-09-07 04:00:00', 1),
(672, 133, 4, 211, 0, 4, 0, 1, '5.94', '13.00', '2014-09-07 04:00:00', 1),
(673, 155, 4, 424, 0, 23, 3, 0, '13.19', '36.00', '2014-09-07 04:00:00', 1),
(674, 164, 4, 25456, 0, 2032, 6, 9, '287.98', '0.00', '2014-09-07 04:00:00', 1),
(676, 167, 4, 5822, 0, 209, 3, 0, '27.22', '0.00', '2014-09-07 04:00:00', 1),
(677, 168, 4, 22763, 0, 1010, 12, 0, '189.89', '0.00', '2014-09-07 04:00:00', 1),
(678, 169, 4, 96642, 0, 3050, 58, 0, '603.31', '0.00', '2014-09-07 04:00:00', 1),
(679, 170, 4, 12838, 0, 1201, 0, 0, '140.56', '0.00', '2014-09-07 04:00:00', 1),
(680, 137, 4, 297, 0, 15, 2, 3, '23.80', '63.00', '2014-09-07 04:00:00', 1),
(681, 171, 4, 310, 0, 16, 0, 0, '1.53', '0.00', '2014-09-07 04:00:00', 1),
(682, 172, 4, 1032, 0, 156, 3, 0, '24.14', '0.00', '2014-09-07 04:00:00', 1),
(683, 173, 4, 600, 0, 97, 2, 0, '10.40', '0.00', '2014-09-07 04:00:00', 1),
(684, 153, 4, 2, 0, 0, 0, 0, '0.00', '0.00', '2014-09-07 04:00:00', 1),
(685, 156, 4, 3128, 0, 90, 4, 0, '81.55', '7.20', '2014-09-07 04:00:00', 1),
(686, 175, 4, 877, 0, 108, 0, 5, '110.21', '10.00', '2014-09-07 04:00:00', 1),
(687, 178, 4, 3127, 0, 335, 0, 0, '40.66', '0.00', '2014-09-07 04:00:00', 1),
(688, 65, 4, 8314, 0, 788, 169, 171, '686.11', '307.80', '2014-09-07 04:00:00', 1),
(689, 69, 4, 5411, 0, 424, 69, 75, '1121.14', '135.00', '2014-09-07 04:00:00', 1),
(690, 73, 4, 164, 0, 11, 3, 0, '11.82', '5.40', '2014-09-07 04:00:00', 1),
(691, 71, 4, 6819, 0, 506, 92, 98, '722.10', '176.40', '2014-09-07 04:00:00', 1),
(692, 77, 4, 55613, 0, 289, 11, 10, '236.68', '18.00', '2014-09-07 04:00:00', 1);
INSERT INTO `daily_report` (`id`, `campaigns_id`, `networks_id`, `imp`, `imp_adv`, `clics`, `conv_api`, `conv_adv`, `spend`, `revenue`, `date`, `is_from_api`) VALUES
(693, 81, 4, 18693, 0, 223, 6, 0, '200.07', '10.80', '2014-09-07 04:00:00', 1),
(694, 78, 4, 16204, 0, 29, 0, 0, '9.77', '0.00', '2014-09-07 04:00:00', 1),
(695, 83, 4, 4356, 0, 441, 0, 0, '50.56', '0.00', '2014-09-07 04:00:00', 1),
(696, 85, 4, 443, 0, 21, 4, 0, '27.85', '7.20', '2014-09-07 04:00:00', 1),
(697, 87, 4, 5356, 0, 393, 1, 0, '16.97', '1.80', '2014-09-07 04:00:00', 1),
(698, 88, 4, 4133, 0, 226, 26, 29, '243.48', '52.20', '2014-09-07 04:00:00', 1),
(699, 89, 4, 644, 0, 163, 0, 0, '20.51', '0.00', '2014-09-07 04:00:00', 1),
(700, 91, 4, 54, 0, 7, 2, 0, '4.60', '3.60', '2014-09-07 04:00:00', 1),
(701, 92, 4, 11419, 0, 166, 0, 1, '101.68', '1.80', '2014-09-07 04:00:00', 1),
(702, 100, 4, 46, 0, 2, 0, 3, '1.68', '3.00', '2014-09-07 04:00:00', 1),
(703, 97, 4, 13880, 0, 1466, 0, 135, '550.23', '135.00', '2014-09-07 04:00:00', 1),
(704, 103, 4, 3742, 0, 259, 37, 39, '224.96', '39.00', '2014-09-07 04:00:00', 1),
(705, 110, 4, 961, 0, 24, 4, 6, '10.78', '6.00', '2014-09-07 04:00:00', 1),
(706, 123, 4, 14218, 0, 1139, 51, 55, '313.21', '55.00', '2014-09-07 04:00:00', 1),
(707, 117, 4, 125, 0, 15, 1, 0, '2.66', '1.00', '2014-09-07 04:00:00', 1),
(708, 119, 4, 65, 0, 10, 2, 4, '3.42', '4.00', '2014-09-07 04:00:00', 1),
(709, 111, 4, 1596, 0, 147, 8, 7, '30.43', '7.00', '2014-09-07 04:00:00', 1),
(710, 114, 4, 319, 0, 27, 3, 0, '15.67', '3.00', '2014-09-07 04:00:00', 1),
(711, 74, 4, 1677, 0, 38, 0, 2, '6.12', '1.60', '2014-09-07 04:00:00', 1),
(712, 75, 4, 976, 0, 21, 0, 0, '6.72', '0.00', '2014-09-07 04:00:00', 1),
(713, 79, 4, 10237, 0, 832, 0, 73, '339.26', '58.40', '2014-09-07 04:00:00', 1),
(714, 76, 4, 18032, 0, 860, 0, 48, '153.62', '38.40', '2014-09-07 04:00:00', 1),
(715, 80, 4, 26733, 0, 793, 0, 39, '74.76', '31.20', '2014-09-07 04:00:00', 1),
(716, 82, 4, 6012, 0, 90, 0, 6, '13.22', '4.80', '2014-09-07 04:00:00', 1),
(717, 58, 4, 3536, 0, 270, 0, 0, '27.46', '0.00', '2014-09-07 04:00:00', 1),
(718, 63, 4, 3099, 0, 586, 3, 2, '11.39', '2.40', '2014-09-07 04:00:00', 1),
(719, 132, 4, 2640, 0, 140, 0, 2, '38.84', '2.40', '2014-09-07 04:00:00', 1),
(720, 136, 4, 3855, 0, 496, 0, 0, '100.25', '0.00', '2014-09-07 04:00:00', 1),
(721, 138, 4, 3768, 0, 564, 0, 1, '52.28', '1.20', '2014-09-07 04:00:00', 1),
(722, 181, 4, 289, 0, 22, 0, 0, '1.35', '0.00', '2014-09-07 04:00:00', 1),
(723, 181, 4, 3478, 0, 266, 0, 0, '29.51', '0.00', '2014-09-07 04:00:00', 1),
(724, 181, 4, 4530, 0, 531, 0, 4, '49.95', '0.00', '2014-09-07 04:00:00', 1),
(725, 181, 4, 3687, 0, 109, 0, 0, '12.13', '0.00', '2014-09-07 04:00:00', 1),
(726, 182, 4, 6857, 0, 243, 0, 52, '438.13', '780.00', '2014-09-07 04:00:00', 1),
(727, 49, 4, 5875, 0, 582, 21, 0, '222.48', '18.90', '2014-09-07 04:00:00', 1),
(728, 51, 4, 28370, 0, 4957, 6, 0, '190.77', '5.40', '2014-09-07 04:00:00', 1),
(729, 52, 4, 2376, 0, 297, 24, 0, '177.61', '21.60', '2014-09-07 04:00:00', 1),
(730, 53, 4, 3535, 0, 321, 0, 0, '43.09', '0.00', '2014-09-07 04:00:00', 1),
(731, 177, 4, 7133, 0, 1065, 0, 1, '76.77', '9.00', '2014-09-07 04:00:00', 1),
(732, 18, 4, 8252, 0, 376, 98, 0, '482.57', '754.60', '2014-09-07 04:00:00', 1),
(733, 19, 4, 2389, 0, 129, 41, 0, '168.83', '315.70', '2014-09-07 04:00:00', 1),
(734, 13, 4, 33971, 0, 3549, 26, 0, '265.17', '0.00', '2014-09-07 04:00:00', 1),
(735, 15, 4, 9764, 0, 570, 4, 0, '71.60', '0.00', '2014-09-07 04:00:00', 1),
(736, 20, 4, 203, 0, 9, 1, 0, '4.23', '7.70', '2014-09-07 04:00:00', 1),
(737, 17, 4, 54580, 0, 4566, 42, 0, '504.28', '323.40', '2014-09-07 04:00:00', 1),
(738, 11, 4, 9201, 0, 262, 0, 0, '104.24', '0.00', '2014-09-07 04:00:00', 1),
(739, 14, 4, 9004, 0, 639, 3, 0, '104.00', '0.00', '2014-09-07 04:00:00', 1),
(740, 21, 4, 631, 0, 20, 3, 0, '21.02', '23.10', '2014-09-07 04:00:00', 1),
(741, 16, 4, 35, 0, 0, 0, 0, '0.00', '0.00', '2014-09-07 04:00:00', 1),
(742, 22, 4, 1, 0, 0, 0, 0, '0.00', '0.00', '2014-09-07 04:00:00', 1),
(743, 104, 22, 1235, 0, 8, 0, 0, '0.08', '0.00', '2014-09-05 04:00:00', 0),
(744, 106, 22, 1624, 0, 11, 0, 0, '0.00', '0.00', '2014-09-05 04:00:00', 0),
(745, 106, 22, 1999, 0, 18, 0, 0, '0.00', '0.00', '2014-09-06 04:00:00', 0),
(746, 104, 22, 1368, 0, 16, 0, 0, '0.00', '0.00', '2014-09-06 04:00:00', 0),
(747, 104, 22, 2868, 0, 44, 0, 0, '0.00', '0.00', '2014-09-07 04:00:00', 0),
(748, 106, 22, 3734, 0, 51, 0, 1, '1.00', '1.80', '2014-09-07 04:00:00', 0),
(749, 42, 5, 646, 0, 408, 0, 15, '24.48', '12.75', '2014-09-05 04:00:00', 0),
(750, 62, 5, 6699, 0, 167, 0, 15, '10.02', '18.00', '2014-09-05 04:00:00', 0),
(751, 48, 5, 63815, 0, 1200, 0, 14, '9.60', '19.60', '2014-09-05 04:00:00', 0),
(752, 165, 5, 2292, 0, 509, 0, 14, '35.63', '25.20', '2014-09-05 04:00:00', 0),
(753, 126, 5, 814, 0, 664, 0, 17, '6.64', '17.00', '2014-09-05 04:00:00', 0),
(754, 126, 5, 654, 0, 549, 0, 7, '5.49', '7.00', '2014-09-06 04:00:00', 0),
(755, 165, 5, 2708, 0, 595, 0, 29, '41.65', '52.20', '2014-09-06 04:00:00', 0),
(756, 48, 5, 58914, 0, 1142, 0, 9, '9.14', '12.60', '2014-09-06 04:00:00', 0),
(757, 62, 5, 4949, 0, 167, 0, 15, '10.02', '18.00', '2014-09-06 04:00:00', 0),
(758, 126, 5, 793, 0, 667, 0, 7, '6.67', '7.00', '2014-09-07 04:00:00', 0),
(759, 165, 5, 2350, 0, 766, 0, 20, '53.62', '36.00', '2014-09-07 04:00:00', 0),
(760, 48, 5, 59328, 0, 1068, 0, 8, '8.54', '11.20', '2014-09-07 04:00:00', 0),
(761, 62, 5, 6380, 0, 163, 0, 21, '9.78', '25.20', '2014-09-07 04:00:00', 0),
(762, 184, 25, 8163, 0, 26, 0, 0, '1.00', '0.00', '2014-09-06 04:00:00', 0),
(763, 36, 1, 28536, 0, 532, 0, 2, '5.32', '2.40', '2014-09-08 04:00:00', 1),
(764, 101, 1, 9145, 0, 224, 4, 3, '3.36', '5.40', '2014-09-08 04:00:00', 1),
(765, 99, 1, 9025, 0, 213, 3, 4, '3.19', '7.20', '2014-09-08 04:00:00', 1),
(766, 129, 1, 1666, 0, 0, 0, 13, '10.00', '13.00', '2014-09-08 04:00:00', 1),
(767, 54, 1, 873, 0, 0, 4, 0, '5.24', '4.80', '2014-09-08 04:00:00', 1),
(768, 55, 1, 833, 0, 0, 6, 0, '5.00', '7.20', '2014-09-08 04:00:00', 1),
(769, 34, 1, 471, 0, 35, 0, 0, '0.52', '0.00', '2014-09-08 04:00:00', 1),
(770, 196, 1, 187, 0, 20, 0, 0, '0.30', '0.00', '2014-09-08 04:00:00', 1),
(771, 209, 3, 53420, 0, 353, 0, 0, '7.06', '0.00', '2014-09-08 04:00:00', 1),
(772, 60, 3, 12234, 0, 231, 0, 0, '2.31', '0.00', '2014-09-08 04:00:00', 1),
(773, 179, 3, 1256, 0, 3, 0, 0, '0.03', '0.00', '2014-09-08 04:00:00', 1),
(774, 43, 3, 184375, 0, 2538, 0, 44, '17.32', '35.20', '2014-09-08 04:00:00', 1),
(775, 203, 3, 3033, 0, 12, 0, 1, '0.14', '0.85', '2014-09-08 04:00:00', 1),
(776, 180, 3, 104, 0, 9, 0, 0, '0.18', '0.00', '2014-09-08 04:00:00', 1),
(777, 197, 3, 51546, 0, 229, 0, 1, '3.03', '15.00', '2014-09-08 04:00:00', 1),
(778, 127, 3, 33259, 0, 254, 0, 10, '7.62', '10.00', '2014-09-08 04:00:00', 1),
(779, 125, 7, 127045, 0, 683, 11, 10, '6.83', '10.00', '2014-09-08 04:00:00', 1),
(780, 40, 7, 1342, 0, 4, 0, 0, '0.05', '0.00', '2014-09-08 04:00:00', 1),
(781, 84, 8, 48304, 0, 316, 0, 10, '3.16', '10.00', '2014-09-08 04:00:00', 1),
(782, 50, 8, 31359, 0, 212, 7, 0, '4.24', '9.80', '2014-09-08 04:00:00', 1),
(783, 86, 8, 1052, 0, 6, 0, 0, '0.06', '0.00', '2014-09-08 04:00:00', 1),
(784, 163, 6, 11617, 0, 330, 12, 11, '16.50', '19.80', '2014-09-08 04:00:00', 1),
(785, 176, 2, 0, 0, 36, 0, 0, '1.08', '0.00', '2014-09-08 04:00:00', 1),
(786, 39, 4, 5921, 0, 306, 0, 15, '119.36', '12.00', '2014-09-08 04:00:00', 1),
(787, 37, 4, 2663, 0, 5, 0, 2, '1.93', '1.60', '2014-09-08 04:00:00', 1),
(788, 41, 4, 5800, 0, 481, 0, 25, '171.57', '20.00', '2014-09-08 04:00:00', 1),
(789, 33, 4, 27958, 0, 849, 0, 46, '497.12', '36.80', '2014-09-08 04:00:00', 1),
(790, 68, 4, 4114, 0, 498, 0, 2, '105.21', '8.00', '2014-09-08 04:00:00', 1),
(791, 64, 4, 18415, 0, 2011, 1, 0, '105.15', '4.00', '2014-09-08 04:00:00', 1),
(792, 66, 4, 4016, 0, 424, 2, 0, '105.16', '0.00', '2014-09-08 04:00:00', 1),
(793, 70, 4, 4307, 0, 568, 0, 0, '104.85', '0.00', '2014-09-08 04:00:00', 1),
(794, 72, 4, 5071, 0, 127, 3, 0, '104.99', '6.00', '2014-09-08 04:00:00', 1),
(795, 174, 4, 1110, 0, 18, 3, 0, '16.55', '4.80', '2014-09-08 04:00:00', 1),
(796, 32, 4, 3079, 0, 70, 0, 23, '105.36', '19.55', '2014-09-08 04:00:00', 1),
(797, 24, 4, 4241, 0, 61, 0, 8, '60.39', '6.80', '2014-09-08 04:00:00', 1),
(798, 28, 4, 6694, 0, 594, 0, 18, '111.62', '15.30', '2014-09-08 04:00:00', 1),
(799, 35, 4, 5032, 0, 151, 0, 0, '8.23', '0.00', '2014-09-08 04:00:00', 1),
(800, 30, 4, 12355, 0, 677, 0, 5, '106.07', '4.25', '2014-09-08 04:00:00', 1),
(801, 25, 4, 1974, 0, 134, 0, 2, '21.05', '1.70', '2014-09-08 04:00:00', 1),
(802, 26, 4, 6966, 0, 339, 0, 4, '53.26', '3.40', '2014-09-08 04:00:00', 1),
(803, 38, 4, 3305, 0, 105, 0, 4, '15.76', '3.40', '2014-09-08 04:00:00', 1),
(804, 27, 4, 12781, 0, 1153, 0, 6, '242.39', '7.20', '2014-09-08 04:00:00', 1),
(805, 31, 4, 48, 0, 2, 0, 0, '1.99', '0.00', '2014-09-08 04:00:00', 1),
(806, 29, 4, 150, 0, 9, 0, 1, '3.86', '1.20', '2014-09-08 04:00:00', 1),
(807, 29, 4, 4, 0, 0, 0, 0, '0.00', '0.00', '2014-09-08 04:00:00', 1),
(808, 31, 4, 2, 0, 0, 0, 0, '0.00', '0.00', '2014-09-08 04:00:00', 1),
(809, 128, 4, 8338, 0, 599, 0, 8, '220.50', '8.00', '2014-09-08 04:00:00', 1),
(810, 44, 4, 289974, 0, 18975, 74, 80, '1766.18', '112.00', '2014-09-08 04:00:00', 1),
(811, 45, 4, 97903, 0, 4481, 162, 0, '819.84', '226.80', '2014-09-08 04:00:00', 1),
(812, 46, 4, 33513, 0, 484, 0, 11, '42.19', '15.40', '2014-09-08 04:00:00', 1),
(813, 47, 4, 19282, 0, 756, 25, 26, '152.27', '36.40', '2014-09-08 04:00:00', 1),
(814, 148, 4, 157, 0, 7, 0, 0, '6.54', '0.00', '2014-09-08 04:00:00', 1),
(815, 149, 4, 1612, 0, 31, 2, 0, '19.02', '24.00', '2014-09-08 04:00:00', 1),
(816, 157, 4, 2898, 0, 75, 7, 8, '49.49', '96.00', '2014-09-08 04:00:00', 1),
(817, 141, 4, 249, 0, 3, 0, 0, '2.00', '0.00', '2014-09-08 04:00:00', 1),
(818, 130, 4, 2524, 0, 60, 10, 0, '75.01', '130.00', '2014-09-08 04:00:00', 1),
(819, 161, 4, 41048, 0, 4803, 3, 6, '514.37', '0.00', '2014-09-08 04:00:00', 1),
(820, 162, 4, 17977, 0, 1260, 14, 15, '588.16', '0.00', '2014-09-08 04:00:00', 1),
(821, 146, 4, 4611, 0, 185, 29, 27, '233.83', '405.00', '2014-09-08 04:00:00', 1),
(822, 150, 4, 3838, 0, 197, 40, 0, '149.46', '480.00', '2014-09-08 04:00:00', 1),
(823, 135, 4, 448, 0, 15, 2, 0, '30.74', '42.00', '2014-09-08 04:00:00', 1),
(824, 143, 4, 4329, 0, 119, 15, 14, '94.80', '210.00', '2014-09-08 04:00:00', 1),
(825, 131, 4, 4308, 0, 107, 19, 0, '138.52', '247.00', '2014-09-08 04:00:00', 1),
(826, 152, 4, 4563, 0, 130, 18, 19, '85.34', '228.00', '2014-09-08 04:00:00', 1),
(827, 144, 4, 108, 0, 0, 0, 0, '0.00', '0.00', '2014-09-08 04:00:00', 1),
(828, 133, 4, 229, 0, 3, 1, 0, '3.85', '13.00', '2014-09-08 04:00:00', 1),
(829, 155, 4, 350, 0, 10, 1, 0, '5.66', '12.00', '2014-09-08 04:00:00', 1),
(830, 164, 4, 11601, 0, 805, 0, 1, '116.96', '0.00', '2014-09-08 04:00:00', 1),
(832, 167, 4, 7124, 0, 304, 4, 0, '48.81', '0.00', '2014-09-08 04:00:00', 1),
(833, 168, 4, 32288, 0, 1281, 14, 0, '231.33', '0.00', '2014-09-08 04:00:00', 1),
(834, 169, 4, 109432, 0, 3089, 53, 55, '603.38', '0.00', '2014-09-08 04:00:00', 1),
(835, 170, 4, 13409, 0, 1169, 5, 0, '130.36', '0.00', '2014-09-08 04:00:00', 1),
(836, 137, 4, 251, 0, 3, 0, 0, '4.44', '0.00', '2014-09-08 04:00:00', 1),
(837, 171, 4, 205, 0, 5, 0, 0, '0.89', '0.00', '2014-09-08 04:00:00', 1),
(838, 172, 4, 717, 0, 114, 0, 0, '18.74', '0.00', '2014-09-08 04:00:00', 1),
(839, 173, 4, 508, 0, 76, 0, 0, '9.51', '0.00', '2014-09-08 04:00:00', 1),
(840, 153, 4, 5, 0, 0, 0, 0, '0.00', '0.00', '2014-09-08 04:00:00', 1),
(841, 156, 4, 3336, 0, 86, 8, 0, '67.92', '14.40', '2014-09-08 04:00:00', 1),
(842, 175, 4, 982, 0, 78, 0, 6, '70.07', '12.00', '2014-09-08 04:00:00', 1),
(843, 178, 4, 3038, 0, 364, 0, 0, '42.46', '0.00', '2014-09-08 04:00:00', 1),
(844, 65, 4, 6582, 0, 344, 123, 132, '276.52', '237.60', '2014-09-08 04:00:00', 1),
(845, 69, 4, 4185, 0, 252, 88, 0, '699.34', '158.40', '2014-09-08 04:00:00', 1),
(846, 73, 4, 129, 0, 0, 0, 0, '0.00', '0.00', '2014-09-08 04:00:00', 1),
(847, 71, 4, 5762, 0, 225, 85, 82, '275.64', '147.60', '2014-09-08 04:00:00', 1),
(848, 77, 4, 52811, 0, 261, 6, 7, '242.08', '12.60', '2014-09-08 04:00:00', 1),
(849, 81, 4, 38729, 0, 254, 4, 9, '212.80', '16.20', '2014-09-08 04:00:00', 1),
(850, 78, 4, 11857, 0, 30, 3, 0, '12.85', '5.40', '2014-09-08 04:00:00', 1),
(851, 83, 4, 3456, 0, 376, 1, 0, '52.71', '1.80', '2014-09-08 04:00:00', 1),
(852, 85, 4, 363, 0, 13, 6, 7, '12.86', '12.60', '2014-09-08 04:00:00', 1),
(853, 87, 4, 5898, 0, 466, 0, 0, '18.33', '0.00', '2014-09-08 04:00:00', 1),
(854, 88, 4, 4301, 0, 158, 35, 31, '162.59', '55.80', '2014-09-08 04:00:00', 1),
(855, 89, 4, 576, 0, 139, 1, 0, '15.73', '1.80', '2014-09-08 04:00:00', 1),
(856, 91, 4, 47, 0, 3, 2, 0, '0.89', '3.60', '2014-09-08 04:00:00', 1),
(857, 92, 4, 10155, 0, 141, 1, 0, '104.90', '1.80', '2014-09-08 04:00:00', 1),
(858, 100, 4, 9, 0, 0, 0, 0, '0.00', '0.00', '2014-09-08 04:00:00', 1),
(859, 97, 4, 15050, 0, 1329, 13, 112, '477.46', '112.00', '2014-09-08 04:00:00', 1),
(860, 103, 4, 3780, 0, 154, 31, 30, '126.63', '30.00', '2014-09-08 04:00:00', 1),
(861, 110, 4, 291, 0, 7, 2, 0, '6.94', '2.00', '2014-09-08 04:00:00', 1),
(862, 123, 4, 14815, 0, 1037, 52, 50, '255.76', '50.00', '2014-09-08 04:00:00', 1),
(863, 117, 4, 128, 0, 22, 4, 5, '5.10', '5.00', '2014-09-08 04:00:00', 1),
(864, 119, 4, 76, 0, 8, 3, 0, '3.98', '3.00', '2014-09-08 04:00:00', 1),
(865, 111, 4, 2446, 0, 127, 3, 5, '28.80', '5.00', '2014-09-08 04:00:00', 1),
(866, 114, 4, 490, 0, 19, 5, 0, '5.68', '5.00', '2014-09-08 04:00:00', 1),
(867, 74, 4, 1506, 0, 32, 2, 0, '4.72', '1.60', '2014-09-08 04:00:00', 1),
(868, 75, 4, 1043, 0, 18, 1, 0, '6.24', '0.80', '2014-09-08 04:00:00', 1),
(869, 79, 4, 11815, 0, 820, 42, 64, '335.74', '51.20', '2014-09-08 04:00:00', 1),
(870, 76, 4, 16179, 0, 720, 24, 40, '127.13', '32.00', '2014-09-08 04:00:00', 1),
(871, 80, 4, 31041, 0, 757, 0, 35, '70.17', '28.00', '2014-09-08 04:00:00', 1),
(872, 82, 4, 8397, 0, 104, 0, 9, '13.49', '7.20', '2014-09-08 04:00:00', 1),
(873, 58, 4, 3431, 0, 286, 0, 0, '27.21', '0.00', '2014-09-08 04:00:00', 1),
(874, 63, 4, 3009, 0, 515, 2, 3, '8.80', '3.60', '2014-09-08 04:00:00', 1),
(875, 132, 4, 3277, 0, 168, 0, 0, '41.78', '0.00', '2014-09-08 04:00:00', 1),
(876, 136, 4, 3166, 0, 433, 0, 0, '105.25', '0.00', '2014-09-08 04:00:00', 1),
(877, 138, 4, 3568, 0, 490, 0, 0, '42.92', '0.00', '2014-09-08 04:00:00', 1),
(878, 181, 4, 126, 0, 10, 0, 0, '0.43', '0.00', '2014-09-08 04:00:00', 1),
(879, 181, 4, 1500, 0, 131, 0, 0, '15.23', '0.00', '2014-09-08 04:00:00', 1),
(880, 181, 4, 5462, 0, 574, 0, 1, '47.86', '0.00', '2014-09-08 04:00:00', 1),
(881, 181, 4, 1732, 0, 48, 0, 0, '3.16', '0.00', '2014-09-08 04:00:00', 1),
(882, 182, 4, 9658, 0, 260, 0, 79, '447.94', '1185.00', '2014-09-08 04:00:00', 1),
(883, 49, 4, 5805, 0, 367, 30, 0, '101.83', '27.00', '2014-09-08 04:00:00', 1),
(884, 51, 4, 28118, 0, 4391, 5, 0, '177.38', '4.50', '2014-09-08 04:00:00', 1),
(885, 52, 4, 1894, 0, 180, 41, 0, '109.15', '36.90', '2014-09-08 04:00:00', 1),
(886, 53, 4, 2887, 0, 295, 1, 0, '40.33', '0.90', '2014-09-08 04:00:00', 1),
(887, 177, 4, 6755, 0, 1057, 0, 0, '80.65', '0.00', '2014-09-08 04:00:00', 1),
(888, 18, 4, 9183, 0, 308, 118, 107, '394.24', '823.90', '2014-09-08 04:00:00', 1),
(889, 19, 4, 2591, 0, 79, 26, 0, '98.13', '200.20', '2014-09-08 04:00:00', 1),
(890, 13, 4, 33315, 0, 3297, 18, 0, '237.18', '0.00', '2014-09-08 04:00:00', 1),
(891, 15, 4, 8211, 0, 446, 2, 0, '55.75', '0.00', '2014-09-08 04:00:00', 1),
(892, 20, 4, 154, 0, 9, 0, 0, '3.71', '0.00', '2014-09-08 04:00:00', 1),
(893, 17, 4, 54803, 0, 4329, 44, 0, '482.48', '338.80', '2014-09-08 04:00:00', 1),
(894, 11, 4, 14499, 0, 275, 0, 0, '109.10', '0.00', '2014-09-08 04:00:00', 1),
(895, 14, 4, 11124, 0, 740, 2, 0, '123.72', '0.00', '2014-09-08 04:00:00', 1),
(896, 21, 4, 759, 0, 23, 1, 0, '23.44', '7.70', '2014-09-08 04:00:00', 1),
(897, 16, 4, 28, 0, 0, 0, 0, '0.00', '0.00', '2014-09-08 04:00:00', 1),
(898, 22, 4, 1, 0, 0, 0, 0, '0.00', '0.00', '2014-09-08 04:00:00', 1),
(899, 12, 4, 5, 0, 0, 0, 0, '0.00', '0.00', '2014-09-08 04:00:00', 1),
(900, 154, 4, 171, 0, 2, 0, 0, '0.02', '0.00', '2014-09-08 04:00:00', 1),
(901, 126, 5, 580, 0, 490, 0, 17, '4.90', '17.00', '2014-09-08 04:00:00', 0),
(902, 48, 5, 66711, 0, 1157, 0, 13, '9.26', '18.20', '2014-09-08 04:00:00', 0),
(903, 165, 5, 2560, 0, 657, 0, 20, '45.99', '36.00', '2014-09-08 04:00:00', 0),
(904, 62, 5, 5603, 0, 162, 0, 9, '10.04', '10.80', '2014-09-08 04:00:00', 0),
(905, 219, 5, 202, 0, 98, 0, 12, '5.88', '180.00', '2014-09-08 04:00:00', 0),
(906, 183, 5, 4, 0, 4, 0, 0, '0.19', '0.00', '2014-09-08 04:00:00', 0),
(907, 36, 1, 16382, 0, 339, 0, 3, '3.39', '3.60', '2014-09-09 04:00:00', 1),
(908, 34, 1, 12091, 0, 363, 0, 4, '5.45', '4.80', '2014-09-09 04:00:00', 1),
(909, 99, 1, 9441, 0, 205, 2, 0, '3.08', '3.60', '2014-09-09 04:00:00', 1),
(910, 101, 1, 9440, 0, 192, 3, 4, '2.88', '7.20', '2014-09-09 04:00:00', 1),
(911, 196, 1, 2306, 0, 69, 1, 0, '1.03', '1.80', '2014-09-09 04:00:00', 1),
(912, 129, 1, 1662, 0, 0, 0, 11, '9.97', '11.00', '2014-09-09 04:00:00', 1),
(913, 54, 1, 938, 0, 0, 4, 5, '5.63', '6.00', '2014-09-09 04:00:00', 1),
(914, 55, 1, 920, 0, 0, 5, 7, '5.52', '8.40', '2014-09-09 04:00:00', 1),
(915, 233, 3, 416, 0, 0, 0, 0, '0.00', '0.00', '2014-09-09 04:00:00', 1),
(916, 197, 3, 56188, 0, 223, 0, 5, '3.56', '75.00', '2014-09-09 04:00:00', 1),
(917, 127, 3, 40733, 0, 301, 0, 17, '9.03', '17.00', '2014-09-09 04:00:00', 1),
(918, 228, 3, 2592, 0, 46, 0, 2, '0.69', '1.60', '2014-09-09 04:00:00', 1),
(919, 179, 3, 179, 0, 1, 0, 0, '0.01', '0.00', '2014-09-09 04:00:00', 1),
(920, 43, 3, 194600, 0, 2118, 0, 30, '18.48', '24.00', '2014-09-09 04:00:00', 1),
(921, 203, 3, 7851, 0, 30, 0, 1, '0.35', '0.85', '2014-09-09 04:00:00', 1),
(922, 227, 3, 3675, 0, 70, 0, 6, '1.05', '4.80', '2014-09-09 04:00:00', 1),
(923, 180, 3, 80, 0, 6, 0, 0, '0.12', '0.00', '2014-09-09 04:00:00', 1),
(924, 209, 3, 42937, 0, 486, 0, 0, '9.72', '0.00', '2014-09-09 04:00:00', 1),
(925, 60, 3, 32504, 0, 632, 0, 1, '6.32', '1.20', '2014-09-09 04:00:00', 1),
(926, 125, 7, 139696, 0, 971, 4, 7, '9.71', '7.00', '2014-09-09 04:00:00', 1),
(927, 229, 7, 29021, 0, 167, 0, 0, '10.00', '0.00', '2014-09-09 04:00:00', 1),
(928, 207, 7, 4671, 0, 2, 0, 0, '0.02', '0.00', '2014-09-09 04:00:00', 1),
(929, 40, 7, 1258, 0, 2, 0, 0, '0.04', '0.00', '2014-09-09 04:00:00', 1),
(930, 213, 7, 284, 0, 2, 0, 0, '0.06', '0.00', '2014-09-09 04:00:00', 1),
(931, 84, 8, 50388, 0, 321, 0, 7, '3.21', '7.00', '2014-09-09 04:00:00', 1),
(932, 202, 8, 43752, 0, 400, 6, 7, '8.00', '9.80', '2014-09-09 04:00:00', 1),
(933, 223, 8, 32080, 0, 94, 1, 1, '0.94', '13.00', '2014-09-09 04:00:00', 1),
(934, 50, 8, 30063, 0, 169, 1, 0, '4.67', '1.40', '2014-09-09 04:00:00', 1),
(935, 201, 8, 6329, 0, 32, 0, 0, '0.64', '0.00', '2014-09-09 04:00:00', 1),
(936, 86, 8, 1126, 0, 11, 0, 0, '0.11', '0.00', '2014-09-09 04:00:00', 1),
(937, 163, 6, 10938, 0, 402, 15, 16, '20.10', '28.80', '2014-09-09 04:00:00', 1),
(938, 198, 6, 308, 0, 36, 6, 0, '1.80', '7.20', '2014-09-09 04:00:00', 1),
(939, 176, 2, 0, 0, 37, 0, 0, '1.11', '0.00', '2014-09-09 04:00:00', 1),
(940, 39, 4, 3824, 0, 186, 0, 11, '49.11', '8.80', '2014-09-09 04:00:00', 1),
(941, 37, 4, 2690, 0, 11, 0, 3, '6.31', '2.40', '2014-09-09 04:00:00', 1),
(942, 41, 4, 2880, 0, 186, 0, 3, '30.71', '2.40', '2014-09-09 04:00:00', 1),
(943, 33, 4, 2170, 0, 88, 0, 1, '11.97', '0.80', '2014-09-09 04:00:00', 1),
(944, 68, 4, 5526, 0, 501, 0, 5, '104.52', '20.00', '2014-09-09 04:00:00', 1),
(945, 64, 4, 16898, 0, 1780, 0, 0, '85.23', '0.00', '2014-09-09 04:00:00', 1),
(946, 66, 4, 3409, 0, 437, 2, 0, '103.88', '0.00', '2014-09-09 04:00:00', 1),
(947, 70, 4, 5921, 0, 602, 0, 0, '103.79', '0.00', '2014-09-09 04:00:00', 1),
(948, 72, 4, 4018, 0, 108, 13, 14, '103.90', '28.00', '2014-09-09 04:00:00', 1),
(949, 174, 4, 1151, 0, 21, 1, 0, '16.43', '1.60', '2014-09-09 04:00:00', 1),
(950, 32, 4, 2733, 0, 74, 0, 24, '111.13', '20.40', '2014-09-09 04:00:00', 1),
(951, 24, 4, 3951, 0, 58, 0, 14, '57.80', '11.90', '2014-09-09 04:00:00', 1),
(952, 35, 4, 1991, 0, 49, 0, 0, '1.73', '0.00', '2014-09-09 04:00:00', 1),
(953, 25, 4, 1841, 0, 125, 0, 0, '20.96', '0.00', '2014-09-09 04:00:00', 1),
(954, 26, 4, 5307, 0, 307, 0, 1, '20.51', '0.85', '2014-09-09 04:00:00', 1),
(955, 38, 4, 1934, 0, 47, 0, 6, '5.19', '5.10', '2014-09-09 04:00:00', 1),
(956, 27, 4, 10052, 0, 824, 0, 4, '104.39', '4.80', '2014-09-09 04:00:00', 1),
(957, 31, 4, 45, 0, 0, 0, 0, '0.00', '0.00', '2014-09-09 04:00:00', 1),
(958, 29, 4, 183, 0, 6, 0, 0, '2.98', '0.00', '2014-09-09 04:00:00', 1),
(959, 128, 4, 12211, 0, 887, 0, 13, '323.90', '13.00', '2014-09-09 04:00:00', 1),
(960, 44, 4, 43110, 0, 6801, 12, 18, '536.83', '25.20', '2014-09-09 04:00:00', 1),
(961, 45, 4, 54000, 0, 2083, 55, 64, '280.81', '89.60', '2014-09-09 04:00:00', 1),
(962, 46, 4, 10766, 0, 163, 0, 7, '15.54', '9.80', '2014-09-09 04:00:00', 1),
(963, 47, 4, 14306, 0, 483, 21, 23, '67.43', '32.20', '2014-09-09 04:00:00', 1),
(964, 148, 4, 113, 0, 3, 0, 0, '2.39', '0.00', '2014-09-09 04:00:00', 1),
(965, 149, 4, 1582, 0, 32, 5, 0, '19.01', '60.00', '2014-09-09 04:00:00', 1),
(966, 157, 4, 1798, 0, 47, 3, 0, '35.38', '36.00', '2014-09-09 04:00:00', 1),
(967, 141, 4, 165, 0, 8, 0, 0, '7.89', '0.00', '2014-09-09 04:00:00', 1),
(968, 130, 4, 1488, 0, 31, 4, 5, '37.75', '65.00', '2014-09-09 04:00:00', 1),
(969, 161, 4, 14628, 0, 870, 0, 1, '47.22', '0.00', '2014-09-09 04:00:00', 1),
(970, 162, 4, 7595, 0, 383, 0, 0, '43.67', '0.00', '2014-09-09 04:00:00', 1),
(971, 146, 4, 2239, 0, 88, 10, 13, '107.16', '195.00', '2014-09-09 04:00:00', 1),
(972, 150, 4, 2310, 0, 152, 31, 34, '84.96', '408.00', '2014-09-09 04:00:00', 1),
(973, 135, 4, 171, 0, 4, 0, 0, '8.82', '0.00', '2014-09-09 04:00:00', 1),
(974, 143, 4, 1196, 0, 40, 5, 0, '44.41', '75.00', '2014-09-09 04:00:00', 1),
(975, 131, 4, 702, 0, 14, 2, 3, '20.08', '39.00', '2014-09-09 04:00:00', 1),
(976, 152, 4, 1434, 0, 55, 7, 0, '34.50', '84.00', '2014-09-09 04:00:00', 1),
(977, 144, 4, 59, 0, 0, 0, 0, '0.00', '0.00', '2014-09-09 04:00:00', 1),
(978, 133, 4, 90, 0, 2, 0, 0, '2.61', '0.00', '2014-09-09 04:00:00', 1),
(979, 155, 4, 170, 0, 3, 1, 0, '1.99', '12.00', '2014-09-09 04:00:00', 1),
(980, 164, 4, 3441, 0, 327, 1, 0, '19.88', '0.00', '2014-09-09 04:00:00', 1),
(982, 167, 4, 993, 0, 63, 0, 0, '6.18', '0.00', '2014-09-09 04:00:00', 1),
(983, 168, 4, 1106, 0, 155, 0, 0, '12.72', '0.00', '2014-09-09 04:00:00', 1),
(984, 169, 4, 1891, 0, 178, 4, 0, '23.79', '0.00', '2014-09-09 04:00:00', 1),
(985, 170, 4, 7199, 0, 583, 1, 0, '65.20', '0.00', '2014-09-09 04:00:00', 1),
(986, 137, 4, 242, 0, 13, 2, 0, '22.92', '42.00', '2014-09-09 04:00:00', 1),
(987, 171, 4, 308, 0, 10, 0, 0, '0.97', '0.00', '2014-09-09 04:00:00', 1),
(988, 172, 4, 1064, 0, 179, 1, 0, '31.98', '0.00', '2014-09-09 04:00:00', 1),
(989, 173, 4, 787, 0, 145, 0, 0, '16.32', '0.00', '2014-09-09 04:00:00', 1),
(990, 153, 4, 4, 0, 0, 0, 0, '0.00', '0.00', '2014-09-09 04:00:00', 1),
(991, 156, 4, 2742, 0, 73, 6, 7, '70.06', '12.60', '2014-09-09 04:00:00', 1),
(992, 175, 4, 892, 0, 69, 0, 10, '69.28', '20.00', '2014-09-09 04:00:00', 1),
(993, 178, 4, 2943, 0, 372, 0, 0, '42.03', '0.00', '2014-09-09 04:00:00', 1),
(994, 65, 4, 4784, 0, 256, 105, 111, '179.28', '199.80', '2014-09-09 04:00:00', 1),
(995, 69, 4, 1797, 0, 84, 29, 33, '237.68', '59.40', '2014-09-09 04:00:00', 1),
(996, 73, 4, 238, 0, 16, 7, 5, '21.39', '9.00', '2014-09-09 04:00:00', 1),
(997, 71, 4, 5902, 0, 212, 68, 77, '268.69', '138.60', '2014-09-09 04:00:00', 1),
(998, 77, 4, 50147, 0, 272, 3, 0, '240.30', '5.40', '2014-09-09 04:00:00', 1),
(999, 81, 4, 34604, 0, 222, 4, 1, '207.84', '1.80', '2014-09-09 04:00:00', 1),
(1000, 78, 4, 11593, 0, 22, 0, 0, '10.39', '0.00', '2014-09-09 04:00:00', 1),
(1001, 83, 4, 3910, 0, 415, 0, 1, '51.88', '1.80', '2014-09-09 04:00:00', 1),
(1002, 85, 4, 553, 0, 25, 8, 0, '33.99', '14.40', '2014-09-09 04:00:00', 1),
(1003, 87, 4, 6565, 0, 553, 0, 0, '21.54', '0.00', '2014-09-09 04:00:00', 1),
(1004, 88, 4, 3556, 0, 116, 24, 30, '123.89', '54.00', '2014-09-09 04:00:00', 1),
(1005, 89, 4, 562, 0, 159, 0, 0, '17.34', '0.00', '2014-09-09 04:00:00', 1),
(1006, 91, 4, 67, 0, 3, 3, 0, '1.55', '5.40', '2014-09-09 04:00:00', 1),
(1007, 92, 4, 10571, 0, 160, 1, 0, '104.77', '1.80', '2014-09-09 04:00:00', 1),
(1008, 100, 4, 3, 0, 0, 0, 0, '0.00', '0.00', '2014-09-09 04:00:00', 1),
(1009, 97, 4, 12198, 0, 1036, 50, 86, '340.76', '86.00', '2014-09-09 04:00:00', 1),
(1010, 103, 4, 3246, 0, 138, 26, 31, '92.45', '31.00', '2014-09-09 04:00:00', 1),
(1011, 110, 4, 265, 0, 10, 3, 0, '8.46', '3.00', '2014-09-09 04:00:00', 1),
(1012, 123, 4, 10155, 0, 716, 39, 44, '218.28', '44.00', '2014-09-09 04:00:00', 1),
(1013, 117, 4, 102, 0, 6, 0, 0, '1.23', '0.00', '2014-09-09 04:00:00', 1),
(1014, 119, 4, 36, 0, 3, 1, 2, '1.62', '2.00', '2014-09-09 04:00:00', 1),
(1015, 111, 4, 1783, 0, 115, 8, 0, '31.26', '8.00', '2014-09-09 04:00:00', 1),
(1016, 114, 4, 339, 0, 12, 5, 6, '6.23', '6.00', '2014-09-09 04:00:00', 1),
(1017, 193, 4, 11055, 0, 364, 11, 5, '22.09', '5.00', '2014-09-09 04:00:00', 1),
(1018, 74, 4, 1291, 0, 35, 1, 0, '5.16', '0.80', '2014-09-09 04:00:00', 1),
(1019, 75, 4, 931, 0, 26, 2, 0, '7.77', '1.60', '2014-09-09 04:00:00', 1),
(1020, 79, 4, 12064, 0, 864, 63, 87, '343.05', '69.60', '2014-09-09 04:00:00', 1),
(1021, 76, 4, 14991, 0, 623, 46, 48, '113.44', '38.40', '2014-09-09 04:00:00', 1),
(1022, 80, 4, 25654, 0, 688, 0, 31, '74.77', '24.80', '2014-09-09 04:00:00', 1),
(1023, 82, 4, 6088, 0, 79, 0, 7, '9.46', '5.60', '2014-09-09 04:00:00', 1),
(1024, 58, 4, 3033, 0, 252, 1, 0, '18.95', '1.20', '2014-09-09 04:00:00', 1),
(1025, 63, 4, 4871, 0, 823, 1, 0, '27.27', '1.20', '2014-09-09 04:00:00', 1),
(1026, 132, 4, 2924, 0, 137, 0, 5, '37.71', '6.00', '2014-09-09 04:00:00', 1),
(1027, 136, 4, 3178, 0, 415, 0, 3, '104.56', '3.60', '2014-09-09 04:00:00', 1),
(1028, 138, 4, 2901, 0, 341, 0, 0, '30.26', '0.00', '2014-09-09 04:00:00', 1),
(1029, 181, 4, 7021, 0, 750, 0, 3, '67.27', '0.00', '2014-09-09 04:00:00', 1),
(1030, 182, 4, 8057, 0, 229, 0, 65, '444.27', '975.00', '2014-09-09 04:00:00', 1),
(1031, 205, 4, 1833, 0, 14, 0, 0, '28.17', '0.00', '2014-09-09 04:00:00', 1),
(1032, 49, 4, 5413, 0, 367, 46, 0, '130.15', '41.40', '2014-09-09 04:00:00', 1),
(1033, 51, 4, 25400, 0, 4267, 7, 0, '152.48', '6.30', '2014-09-09 04:00:00', 1),
(1034, 52, 4, 1705, 0, 132, 26, 0, '80.17', '23.40', '2014-09-09 04:00:00', 1),
(1035, 53, 4, 3121, 0, 290, 1, 0, '38.96', '0.90', '2014-09-09 04:00:00', 1),
(1036, 177, 4, 7485, 0, 1087, 0, 0, '79.24', '0.00', '2014-09-09 04:00:00', 1),
(1037, 18, 4, 10299, 0, 376, 149, 0, '475.62', '1147.30', '2014-09-09 04:00:00', 1),
(1038, 19, 4, 3208, 0, 96, 40, 0, '122.06', '308.00', '2014-09-09 04:00:00', 1),
(1039, 13, 4, 33621, 0, 3350, 33, 0, '222.78', '0.00', '2014-09-09 04:00:00', 1),
(1040, 15, 4, 9017, 0, 579, 4, 0, '78.05', '0.00', '2014-09-09 04:00:00', 1),
(1041, 20, 4, 136, 0, 9, 1, 0, '4.46', '7.70', '2014-09-09 04:00:00', 1),
(1042, 17, 4, 50263, 0, 3557, 42, 0, '374.15', '323.40', '2014-09-09 04:00:00', 1),
(1043, 11, 4, 12706, 0, 252, 0, 0, '99.21', '0.00', '2014-09-09 04:00:00', 1),
(1044, 14, 4, 11459, 0, 851, 2, 0, '131.28', '0.00', '2014-09-09 04:00:00', 1),
(1045, 21, 4, 658, 0, 23, 0, 0, '24.02', '0.00', '2014-09-09 04:00:00', 1),
(1046, 16, 4, 50, 0, 1, 0, 0, '0.06', '0.00', '2014-09-09 04:00:00', 1),
(1047, 12, 4, 1, 0, 0, 0, 0, '0.00', '0.00', '2014-09-09 04:00:00', 1),
(1048, 154, 4, 123, 0, 1, 0, 1, '0.18', '0.80', '2014-09-09 04:00:00', 1),
(1049, 230, 25, 1013, 0, 4, 0, 1, '0.20', '1.00', '2014-09-08 04:00:00', 0),
(1050, 230, 25, 7789, 0, 19, 0, 0, '0.96', '0.00', '2014-09-09 04:00:00', 0),
(1051, 104, 22, 1426, 0, 20, 0, 1, '0.00', '1.80', '2014-09-09 04:00:00', 0),
(1052, 106, 22, 2789, 0, 28, 0, 0, '0.00', '0.00', '2014-09-09 04:00:00', 0),
(1053, 108, 22, 1856, 0, 13, 0, 0, '0.00', '0.00', '2014-09-09 04:00:00', 0),
(1054, 225, 22, 1593, 0, 8, 0, 0, '0.00', '0.00', '2014-09-09 04:00:00', 0),
(1056, 126, 5, 644, 0, 518, 0, 11, '5.18', '11.00', '2014-09-09 04:00:00', 0),
(1057, 165, 5, 2207, 0, 550, 0, 11, '38.50', '19.80', '2014-09-09 04:00:00', 0),
(1058, 48, 5, 65416, 0, 1110, 0, 10, '8.88', '14.00', '2014-09-09 04:00:00', 0),
(1059, 62, 5, 5129, 0, 143, 0, 11, '10.01', '13.20', '2014-09-09 04:00:00', 0),
(1060, 219, 25, 1425, 0, 714, 0, 45, '42.84', '675.00', '2014-09-09 04:00:00', 0),
(1061, 218, 25, 6244, 0, 49, 0, 0, '3.43', '0.00', '2014-09-09 04:00:00', 0),
(1062, 232, 25, 0, 0, 14, 0, 2, '0.11', '2.60', '2014-09-09 04:00:00', 0),
(1063, 217, 26, 339, 0, 2, 0, 0, '0.03', '0.00', '2014-09-09 04:00:00', 0),
(1064, 134, 26, 0, 0, 122, 0, 0, '0.20', '0.00', '2014-09-09 04:00:00', 0),
(1065, 224, 26, 10781, 0, 26, 0, 0, '0.72', '0.00', '2014-09-09 04:00:00', 0),
(1066, 234, 26, 0, 0, 22, 0, 0, '0.14', '0.00', '2014-09-09 04:00:00', 0),
(1067, 190, 25, 772, 0, 772, 0, 0, '2.49', '0.00', '2014-09-09 04:00:00', 0),
(1068, 183, 25, 6, 0, 6, 0, 0, '0.29', '0.00', '2014-09-09 04:00:00', 0),
(1071, 226, 22, 1817, 0, 17, 0, 1, '0.17', '1.80', '2014-09-09 04:00:00', 0),
(1072, 186, 25, 0, 0, 2, 0, 1, '0.06', '4.00', '2014-09-09 04:00:00', 0),
(1073, 185, 25, 0, 0, 3, 0, 0, '0.09', '0.00', '2014-09-08 04:00:00', 0),
(1074, 186, 25, 0, 0, 2, 0, 0, '0.08', '0.00', '2014-09-01 04:00:00', 0),
(1075, 36, 1, 16342, 0, 321, 0, 1, '3.21', '1.20', '2014-09-10 04:00:00', 1),
(1076, 101, 1, 9795, 0, 181, 3, 0, '2.71', '5.40', '2014-09-10 04:00:00', 1),
(1077, 99, 1, 9696, 0, 188, 2, 0, '2.82', '3.60', '2014-09-10 04:00:00', 1),
(1078, 196, 1, 2576, 0, 49, 1, 0, '0.74', '1.80', '2014-09-10 04:00:00', 1),
(1079, 129, 1, 1665, 0, 0, 0, 4, '9.99', '4.00', '2014-09-10 04:00:00', 1),
(1080, 55, 1, 1022, 0, 0, 7, 8, '6.13', '9.60', '2014-09-10 04:00:00', 1),
(1081, 54, 1, 1008, 0, 0, 6, 0, '6.05', '7.20', '2014-09-10 04:00:00', 1),
(1082, 34, 1, 272, 0, 25, 0, 1, '0.38', '1.20', '2014-09-10 04:00:00', 1),
(1083, 242, 3, 266, 0, 0, 0, 0, '0.01', '0.00', '2014-09-10 04:00:00', 1),
(1084, 233, 3, 1911, 0, 35, 0, 0, '0.35', '0.00', '2014-09-10 04:00:00', 1),
(1085, 197, 3, 46007, 0, 176, 0, 1, '2.65', '15.00', '2014-09-10 04:00:00', 1),
(1086, 127, 3, 41389, 0, 269, 0, 9, '8.07', '9.00', '2014-09-10 04:00:00', 1),
(1087, 228, 3, 17872, 0, 207, 0, 11, '3.40', '8.80', '2014-09-10 04:00:00', 1),
(1088, 179, 3, 765, 0, 5, 0, 0, '0.05', '0.00', '2014-09-10 04:00:00', 1),
(1089, 243, 3, 506, 0, 7, 0, 0, '0.55', '0.84', '2014-09-10 04:00:00', 1),
(1090, 43, 3, 164884, 0, 2255, 0, 46, '15.05', '36.80', '2014-09-10 04:00:00', 1),
(1091, 203, 3, 15714, 0, 48, 0, 1, '0.76', '0.85', '2014-09-10 04:00:00', 1),
(1092, 227, 3, 18942, 0, 305, 0, 19, '5.06', '15.20', '2014-09-10 04:00:00', 1),
(1093, 180, 3, 25, 0, 1, 0, 0, '0.02', '0.00', '2014-09-10 04:00:00', 1),
(1094, 209, 3, 59622, 0, 519, 0, 0, '10.38', '0.00', '2014-09-10 04:00:00', 1),
(1095, 60, 3, 42244, 0, 793, 0, 1, '7.93', '1.20', '2014-09-10 04:00:00', 1),
(1096, 125, 7, 122555, 0, 749, 6, 0, '7.49', '6.00', '2014-09-10 04:00:00', 1),
(1097, 229, 7, 42322, 0, 166, 0, 0, '9.96', '0.00', '2014-09-10 04:00:00', 1),
(1099, 207, 7, 3576, 0, 7, 0, 0, '0.08', '0.00', '2014-09-10 04:00:00', 1),
(1100, 40, 7, 913, 0, 9, 0, 0, '0.18', '0.00', '2014-09-10 04:00:00', 1),
(1101, 213, 7, 449, 0, 1, 1, 0, '0.03', '1.20', '2014-09-10 04:00:00', 1),
(1102, 202, 8, 58360, 0, 498, 2, 0, '9.96', '2.80', '2014-09-10 04:00:00', 1),
(1103, 223, 8, 56268, 0, 148, 2, 0, '1.48', '26.00', '2014-09-10 04:00:00', 1),
(1104, 84, 8, 52542, 0, 323, 6, 5, '3.23', '5.00', '2014-09-10 04:00:00', 1),
(1105, 50, 8, 30100, 0, 178, 5, 0, '5.34', '7.00', '2014-09-10 04:00:00', 1),
(1106, 201, 8, 7904, 0, 27, 0, 0, '0.54', '0.00', '2014-09-10 04:00:00', 1),
(1107, 86, 8, 2020, 0, 18, 0, 0, '0.36', '0.00', '2014-09-10 04:00:00', 1),
(1108, 163, 6, 4650, 0, 140, 8, 7, '7.00', '12.60', '2014-09-10 04:00:00', 1),
(1109, 198, 6, 229, 0, 18, 8, 0, '0.90', '9.60', '2014-09-10 04:00:00', 1),
(1110, 176, 2, 0, 0, 37, 0, 0, '1.11', '0.00', '2014-09-10 04:00:00', 1),
(1111, 39, 4, 3505, 0, 181, 0, 5, '51.46', '4.00', '2014-09-10 04:00:00', 1),
(1112, 37, 4, 2571, 0, 4, 0, 0, '0.98', '0.00', '2014-09-10 04:00:00', 1),
(1113, 41, 4, 2753, 0, 231, 0, 6, '49.05', '4.80', '2014-09-10 04:00:00', 1),
(1114, 33, 4, 1779, 0, 67, 0, 3, '11.80', '2.40', '2014-09-10 04:00:00', 1),
(1115, 68, 4, 8716, 0, 940, 1, 0, '102.80', '4.00', '2014-09-10 04:00:00', 1),
(1116, 64, 4, 7144, 0, 556, 0, 0, '15.35', '0.00', '2014-09-10 04:00:00', 1),
(1117, 66, 4, 4911, 0, 445, 0, 1, '102.66', '0.00', '2014-09-10 04:00:00', 1),
(1118, 70, 4, 11685, 0, 1006, 0, 0, '102.70', '0.00', '2014-09-10 04:00:00', 1),
(1119, 72, 4, 3586, 0, 111, 9, 10, '102.58', '20.00', '2014-09-10 04:00:00', 1),
(1120, 174, 4, 1586, 0, 10, 1, 0, '10.42', '1.60', '2014-09-10 04:00:00', 1),
(1121, 32, 4, 2222, 0, 76, 0, 34, '114.32', '28.90', '2014-09-10 04:00:00', 1),
(1122, 24, 4, 3700, 0, 60, 0, 15, '62.12', '12.75', '2014-09-10 04:00:00', 1),
(1123, 35, 4, 1811, 0, 61, 0, 0, '1.85', '0.00', '2014-09-10 04:00:00', 1),
(1124, 25, 4, 1510, 0, 105, 0, 1, '20.88', '0.85', '2014-09-10 04:00:00', 1),
(1125, 26, 4, 5029, 0, 333, 0, 3, '20.67', '2.55', '2014-09-10 04:00:00', 1),
(1126, 38, 4, 1582, 0, 48, 0, 2, '4.40', '1.70', '2014-09-10 04:00:00', 1),
(1127, 27, 4, 8534, 0, 699, 0, 2, '87.90', '2.40', '2014-09-10 04:00:00', 1),
(1128, 31, 4, 47, 0, 2, 0, 0, '2.54', '0.00', '2014-09-10 04:00:00', 1),
(1129, 29, 4, 124, 0, 7, 0, 0, '6.40', '0.00', '2014-09-10 04:00:00', 1),
(1130, 128, 4, 8828, 0, 718, 0, 16, '253.84', '16.00', '2014-09-10 04:00:00', 1),
(1131, 44, 4, 34920, 0, 5638, 8, 0, '103.41', '11.20', '2014-09-10 04:00:00', 1),
(1132, 45, 4, 28140, 0, 1081, 26, 16, '18.31', '22.40', '2014-09-10 04:00:00', 1),
(1133, 46, 4, 593, 0, 7, 0, 0, '0.07', '0.00', '2014-09-10 04:00:00', 1),
(1134, 47, 4, 11872, 0, 316, 9, 10, '19.57', '14.00', '2014-09-10 04:00:00', 1),
(1135, 148, 4, 126, 0, 4, 0, 0, '2.92', '0.00', '2014-09-10 04:00:00', 1),
(1136, 149, 4, 1767, 0, 32, 4, 3, '20.37', '36.00', '2014-09-10 04:00:00', 1),
(1137, 157, 4, 200, 0, 2, 0, 0, '0.46', '0.00', '2014-09-10 04:00:00', 1),
(1138, 141, 4, 134, 0, 10, 1, 0, '8.10', '15.00', '2014-09-10 04:00:00', 1),
(1139, 130, 4, 242, 0, 4, 1, 0, '0.94', '13.00', '2014-09-10 04:00:00', 1),
(1140, 161, 4, 15429, 0, 951, 0, 0, '49.05', '0.00', '2014-09-10 04:00:00', 1),
(1141, 162, 4, 7471, 0, 275, 3, 4, '31.39', '0.00', '2014-09-10 04:00:00', 1),
(1142, 146, 4, 509, 0, 17, 2, 0, '4.28', '30.00', '2014-09-10 04:00:00', 1),
(1143, 150, 4, 1286, 0, 88, 25, 22, '33.63', '264.00', '2014-09-10 04:00:00', 1),
(1144, 143, 4, 230, 0, 4, 1, 0, '1.51', '15.00', '2014-09-10 04:00:00', 1),
(1145, 131, 4, 68, 0, 2, 0, 0, '0.42', '0.00', '2014-09-10 04:00:00', 1),
(1146, 152, 4, 689, 0, 41, 10, 0, '11.97', '120.00', '2014-09-10 04:00:00', 1),
(1147, 144, 4, 88, 0, 1, 0, 0, '0.92', '0.00', '2014-09-10 04:00:00', 1),
(1148, 133, 4, 89, 0, 2, 0, 0, '2.93', '0.00', '2014-09-10 04:00:00', 1),
(1149, 155, 4, 136, 0, 2, 0, 0, '1.10', '0.00', '2014-09-10 04:00:00', 1),
(1150, 164, 4, 2442, 0, 188, 1, 0, '8.25', '0.00', '2014-09-10 04:00:00', 1),
(1152, 167, 4, 462, 0, 36, 1, 0, '1.10', '0.00', '2014-09-10 04:00:00', 1),
(1153, 168, 4, 540, 0, 87, 0, 0, '3.88', '0.00', '2014-09-10 04:00:00', 1),
(1154, 169, 4, 596, 0, 44, 1, 0, '2.06', '0.00', '2014-09-10 04:00:00', 1),
(1155, 170, 4, 2116, 0, 111, 0, 0, '6.81', '0.00', '2014-09-10 04:00:00', 1),
(1156, 137, 4, 162, 0, 6, 2, 0, '11.23', '42.00', '2014-09-10 04:00:00', 1),
(1157, 171, 4, 227, 0, 13, 0, 0, '1.30', '0.00', '2014-09-10 04:00:00', 1),
(1158, 172, 4, 813, 0, 144, 2, 1, '22.13', '0.00', '2014-09-10 04:00:00', 1),
(1159, 173, 4, 529, 0, 95, 1, 0, '11.46', '0.00', '2014-09-10 04:00:00', 1),
(1160, 153, 4, 3, 0, 0, 0, 0, '0.00', '0.00', '2014-09-10 04:00:00', 1),
(1161, 156, 4, 2512, 0, 58, 1, 0, '52.19', '1.80', '2014-09-10 04:00:00', 1),
(1162, 175, 4, 902, 0, 94, 0, 5, '88.01', '10.00', '2014-09-10 04:00:00', 1),
(1163, 178, 4, 2895, 0, 371, 0, 0, '41.99', '0.00', '2014-09-10 04:00:00', 1),
(1164, 65, 4, 3739, 0, 210, 74, 79, '99.50', '142.20', '2014-09-10 04:00:00', 1),
(1165, 69, 4, 243, 0, 16, 3, 0, '1.69', '5.40', '2014-09-10 04:00:00', 1),
(1166, 73, 4, 350, 0, 20, 7, 9, '31.35', '16.20', '2014-09-10 04:00:00', 1),
(1167, 71, 4, 6200, 0, 209, 81, 74, '327.59', '133.20', '2014-09-10 04:00:00', 1),
(1168, 77, 4, 27360, 0, 149, 9, 0, '120.99', '16.20', '2014-09-10 04:00:00', 1),
(1169, 81, 4, 33346, 0, 231, 6, 10, '205.66', '18.00', '2014-09-10 04:00:00', 1),
(1170, 78, 4, 9324, 0, 19, 0, 0, '9.42', '0.00', '2014-09-10 04:00:00', 1),
(1171, 83, 4, 3178, 0, 395, 1, 0, '51.37', '1.80', '2014-09-10 04:00:00', 1),
(1172, 85, 4, 610, 0, 26, 5, 4, '44.06', '7.20', '2014-09-10 04:00:00', 1),
(1173, 87, 4, 6331, 0, 523, 0, 0, '19.64', '0.00', '2014-09-10 04:00:00', 1),
(1174, 88, 4, 3235, 0, 120, 25, 26, '132.97', '46.80', '2014-09-10 04:00:00', 1),
(1175, 89, 4, 506, 0, 145, 0, 0, '14.74', '0.00', '2014-09-10 04:00:00', 1),
(1176, 91, 4, 58, 0, 1, 5, 4, '1.20', '7.20', '2014-09-10 04:00:00', 1),
(1177, 92, 4, 11231, 0, 174, 0, 1, '104.24', '1.80', '2014-09-10 04:00:00', 1),
(1178, 100, 4, 4, 0, 0, 0, 0, '0.00', '0.00', '2014-09-10 04:00:00', 1),
(1179, 97, 4, 10344, 0, 1024, 103, 108, '344.61', '108.00', '2014-09-10 04:00:00', 1),
(1180, 103, 4, 2897, 0, 147, 30, 29, '104.33', '29.00', '2014-09-10 04:00:00', 1),
(1181, 110, 4, 241, 0, 11, 5, 6, '11.22', '6.00', '2014-09-10 04:00:00', 1),
(1182, 123, 4, 8064, 0, 558, 36, 38, '161.26', '38.00', '2014-09-10 04:00:00', 1),
(1183, 117, 4, 93, 0, 8, 1, 0, '1.69', '1.00', '2014-09-10 04:00:00', 1),
(1184, 119, 4, 55, 0, 2, 0, 0, '0.77', '0.00', '2014-09-10 04:00:00', 1),
(1185, 111, 4, 1535, 0, 112, 12, 13, '28.96', '13.00', '2014-09-10 04:00:00', 1),
(1186, 114, 4, 308, 0, 15, 4, 0, '10.31', '4.00', '2014-09-10 04:00:00', 1),
(1187, 193, 4, 7908, 0, 295, 3, 6, '23.75', '6.00', '2014-09-10 04:00:00', 1),
(1188, 74, 4, 273, 0, 2, 0, 0, '0.34', '0.00', '2014-09-10 04:00:00', 1),
(1189, 75, 4, 202, 0, 5, 0, 1, '0.89', '0.80', '2014-09-10 04:00:00', 1),
(1190, 79, 4, 1805, 0, 122, 6, 14, '51.92', '11.20', '2014-09-10 04:00:00', 1),
(1191, 76, 4, 2371, 0, 116, 9, 0, '21.85', '7.20', '2014-09-10 04:00:00', 1),
(1192, 80, 4, 5760, 0, 180, 7, 12, '19.41', '9.60', '2014-09-10 04:00:00', 1),
(1193, 82, 4, 1312, 0, 21, 0, 0, '2.36', '0.00', '2014-09-10 04:00:00', 1),
(1194, 58, 4, 1643, 0, 151, 0, 0, '9.01', '0.00', '2014-09-10 04:00:00', 1),
(1195, 63, 4, 3500, 0, 630, 1, 0, '20.55', '1.20', '2014-09-10 04:00:00', 1),
(1196, 132, 4, 2409, 0, 114, 0, 7, '32.77', '8.40', '2014-09-10 04:00:00', 1),
(1197, 136, 4, 3436, 0, 441, 0, 3, '102.88', '3.60', '2014-09-10 04:00:00', 1),
(1198, 138, 4, 1501, 0, 188, 0, 0, '18.07', '0.00', '2014-09-10 04:00:00', 1),
(1199, 181, 4, 6473, 0, 801, 0, 0, '68.05', '0.00', '2014-09-10 04:00:00', 1),
(1200, 182, 4, 6681, 0, 241, 0, 74, '446.78', '1110.00', '2014-09-10 04:00:00', 1),
(1201, 205, 4, 164, 0, 7, 0, 0, '35.71', '0.00', '2014-09-10 04:00:00', 1),
(1202, 49, 4, 5445, 0, 362, 36, 34, '141.49', '30.60', '2014-09-10 04:00:00', 1),
(1203, 51, 4, 15777, 0, 2729, 4, 0, '104.17', '3.60', '2014-09-10 04:00:00', 1),
(1204, 52, 4, 1631, 0, 143, 31, 33, '88.12', '29.70', '2014-09-10 04:00:00', 1),
(1205, 53, 4, 1786, 0, 162, 0, 0, '20.66', '0.00', '2014-09-10 04:00:00', 1),
(1206, 177, 4, 7626, 0, 1033, 0, 0, '78.57', '0.00', '2014-09-10 04:00:00', 1),
(1207, 250, 4, 24170, 0, 29, 0, 0, '22.04', '36.26', '2014-09-10 04:00:00', 1),
(1208, 18, 4, 6561, 0, 200, 46, 56, '251.18', '431.20', '2014-09-10 04:00:00', 1),
(1209, 19, 4, 1926, 0, 71, 23, 22, '79.59', '169.40', '2014-09-10 04:00:00', 1),
(1210, 13, 4, 16073, 0, 1953, 12, 21, '75.64', '0.00', '2014-09-10 04:00:00', 1),
(1211, 15, 4, 4995, 0, 323, 2, 0, '43.42', '0.00', '2014-09-10 04:00:00', 1),
(1212, 20, 4, 84, 0, 6, 1, 4, '1.92', '30.80', '2014-09-10 04:00:00', 1),
(1213, 17, 4, 13502, 0, 1169, 12, 13, '60.77', '0.00', '2014-09-10 04:00:00', 1),
(1214, 11, 4, 7551, 0, 182, 0, 0, '71.23', '0.00', '2014-09-10 04:00:00', 1),
(1215, 14, 4, 4834, 0, 369, 2, 3, '51.81', '0.00', '2014-09-10 04:00:00', 1),
(1216, 21, 4, 322, 0, 11, 1, 0, '11.38', '7.70', '2014-09-10 04:00:00', 1),
(1217, 16, 4, 21, 0, 1, 0, 0, '0.18', '0.00', '2014-09-10 04:00:00', 1),
(1218, 154, 4, 80, 0, 1, 0, 0, '0.11', '0.00', '2014-09-10 04:00:00', 1),
(1219, 104, 22, 914, 0, 2, 0, 0, '0.02', '0.00', '2014-09-10 04:00:00', 0),
(1220, 106, 22, 2750, 0, 33, 0, 3, '0.68', '5.40', '2014-09-10 04:00:00', 0),
(1221, 108, 22, 2564, 0, 22, 0, 2, '0.33', '3.60', '2014-09-10 04:00:00', 0),
(1222, 225, 22, 2055, 0, 24, 0, 0, '0.24', '0.00', '2014-09-10 04:00:00', 0),
(1223, 226, 22, 2370, 0, 25, 0, 0, '0.29', '0.00', '2014-09-10 04:00:00', 0),
(1224, 126, 5, 478, 0, 371, 0, 5, '3.71', '5.00', '2014-09-10 04:00:00', 0),
(1225, 48, 5, 65606, 0, 1153, 0, 6, '9.22', '8.40', '2014-09-10 04:00:00', 0),
(1226, 165, 5, 1887, 0, 410, 0, 16, '28.70', '28.80', '2014-09-10 04:00:00', 0),
(1227, 219, 5, 1726, 0, 819, 0, 58, '49.14', '870.00', '2014-09-10 04:00:00', 0),
(1228, 62, 5, 7121, 0, 149, 0, 11, '10.01', '13.20', '2014-09-10 04:00:00', 0),
(1229, 237, 5, 10839, 0, 125, 0, 0, '10.00', '0.00', '2014-09-10 04:00:00', 0),
(1230, 190, 25, 1730, 0, 1730, 0, 0, '3.46', '0.00', '2014-09-10 04:00:00', 0),
(1231, 183, 25, 5, 0, 5, 0, 0, '0.15', '0.00', '2014-09-10 04:00:00', 0),
(1232, 188, 25, 60, 0, 60, 0, 0, '0.48', '0.00', '2014-09-10 04:00:00', 0),
(1233, 185, 25, 0, 0, 1, 0, 0, '0.03', '0.00', '2014-09-10 04:00:00', 0),
(1234, 218, 25, 4354, 0, 26, 0, 0, '1.82', '0.00', '2014-09-10 04:00:00', 0),
(1235, 232, 25, 0, 0, 80, 0, 1, '0.68', '1.30', '2014-09-10 04:00:00', 0),
(1236, 230, 25, 6319, 0, 11, 0, 0, '0.60', '0.00', '2014-09-10 04:00:00', 0),
(1237, 134, 26, 0, 0, 147, 0, 0, '0.24', '0.00', '2014-09-10 04:00:00', 0),
(1238, 134, 26, 0, 0, 176, 0, 0, '0.29', '0.00', '2014-09-05 04:00:00', 0),
(1239, 134, 26, 0, 0, 132, 0, 0, '0.22', '0.00', '2014-09-06 04:00:00', 0),
(1240, 134, 26, 0, 0, 117, 0, 0, '0.19', '0.00', '2014-09-07 04:00:00', 0),
(1241, 134, 26, 0, 0, 118, 0, 0, '0.20', '0.00', '2014-09-08 04:00:00', 0),
(1242, 224, 26, 6323, 0, 23, 0, 0, '0.54', '0.00', '2014-09-10 04:00:00', 0),
(1243, 189, 26, 185, 0, 2, 0, 0, '0.22', '0.00', '2014-09-10 04:00:00', 0),
(1244, 217, 26, 711, 0, 1, 0, 0, '0.07', '0.00', '2014-09-10 04:00:00', 0),
(1245, 234, 26, 0, 0, 218, 0, 1, '1.41', '1.30', '2014-09-10 04:00:00', 0),
(1246, 217, 26, 191, 0, 3, 0, 0, '0.01', '0.00', '2014-09-08 04:00:00', 0),
(1247, 36, 1, 19769, 0, 323, 0, 2, '3.23', '2.40', '2014-09-11 04:00:00', 1),
(1248, 99, 1, 9064, 0, 208, 1, 2, '3.12', '3.60', '2014-09-11 04:00:00', 1),
(1249, 101, 1, 9051, 0, 190, 1, 0, '2.85', '1.80', '2014-09-11 04:00:00', 1),
(1250, 196, 1, 1708, 0, 72, 0, 0, '1.08', '0.00', '2014-09-11 04:00:00', 1),
(1251, 129, 1, 1667, 0, 0, 0, 3, '10.00', '3.00', '2014-09-11 04:00:00', 1),
(1252, 54, 1, 773, 0, 0, 4, 0, '4.64', '4.80', '2014-09-11 04:00:00', 1),
(1253, 55, 1, 753, 0, 0, 5, 0, '4.52', '6.00', '2014-09-11 04:00:00', 1),
(1254, 34, 1, 410, 0, 36, 0, 0, '0.54', '0.00', '2014-09-11 04:00:00', 1),
(1255, 272, 3, 258, 0, 1, 0, 0, '0.17', '0.00', '2014-09-11 04:00:00', 1),
(1256, 271, 3, 100, 0, 0, 0, 0, '0.06', '0.00', '2014-09-11 04:00:00', 1),
(1257, 242, 3, 2355, 0, 6, 0, 0, '0.10', '0.00', '2014-09-11 04:00:00', 1),
(1258, 233, 3, 1923, 0, 13, 0, 0, '0.13', '0.00', '2014-09-11 04:00:00', 1),
(1259, 197, 3, 58172, 0, 187, 0, 1, '3.59', '15.00', '2014-09-11 04:00:00', 1),
(1260, 127, 3, 47947, 0, 263, 0, 8, '7.89', '8.00', '2014-09-11 04:00:00', 1),
(1261, 270, 3, 58, 0, 1, 0, 0, '0.03', '0.00', '2014-09-11 04:00:00', 1),
(1262, 257, 3, 9, 0, 0, 0, 0, '0.00', '0.01', '2014-09-11 04:00:00', 1),
(1263, 228, 3, 18685, 0, 238, 0, 7, '4.76', '5.60', '2014-09-11 04:00:00', 1),
(1264, 264, 3, 1301, 0, 25, 0, 0, '2.43', '3.75', '2014-09-11 04:00:00', 1),
(1265, 179, 3, 1033, 0, 6, 0, 0, '0.06', '0.00', '2014-09-11 04:00:00', 1),
(1266, 243, 3, 5733, 0, 20, 0, 0, '1.56', '2.40', '2014-09-11 04:00:00', 1),
(1267, 43, 3, 155881, 0, 1906, 0, 40, '12.66', '32.00', '2014-09-11 04:00:00', 1),
(1268, 203, 3, 7550, 0, 18, 0, 0, '0.32', '0.00', '2014-09-11 04:00:00', 1),
(1269, 227, 3, 35157, 0, 512, 0, 32, '10.24', '25.60', '2014-09-11 04:00:00', 1),
(1270, 180, 3, 47, 0, 4, 0, 0, '0.08', '0.00', '2014-09-11 04:00:00', 1),
(1271, 60, 3, 21337, 0, 359, 0, 0, '3.46', '0.00', '2014-09-11 04:00:00', 1),
(1272, 125, 7, 100542, 0, 560, 6, 0, '5.60', '6.00', '2014-09-11 04:00:00', 1),
(1273, 253, 7, 46486, 0, 125, 1, 0, '1.25', '1.00', '2014-09-11 04:00:00', 1),
(1274, 207, 7, 6503, 0, 34, 0, 0, '0.68', '0.00', '2014-09-11 04:00:00', 1),
(1275, 40, 7, 3259, 0, 14, 0, 0, '0.41', '0.00', '2014-09-11 04:00:00', 1),
(1276, 213, 7, 835, 0, 4, 0, 0, '0.20', '0.00', '2014-09-11 04:00:00', 1),
(1277, 202, 8, 69746, 0, 499, 13, 0, '9.98', '18.20', '2014-09-11 04:00:00', 1),
(1278, 223, 8, 56707, 0, 174, 0, 1, '1.74', '13.00', '2014-09-11 04:00:00', 1),
(1279, 84, 8, 49799, 0, 352, 9, 8, '3.52', '8.00', '2014-09-11 04:00:00', 1),
(1280, 50, 8, 31126, 0, 186, 13, 0, '5.58', '18.20', '2014-09-11 04:00:00', 1),
(1281, 201, 8, 8833, 0, 44, 2, 0, '0.88', '2.80', '2014-09-11 04:00:00', 1),
(1282, 86, 8, 2230, 0, 8, 0, 0, '0.16', '0.00', '2014-09-11 04:00:00', 1),
(1283, 163, 6, 6279, 0, 204, 11, 0, '10.20', '19.80', '2014-09-11 04:00:00', 1),
(1284, 198, 6, 269, 0, 22, 3, 0, '1.10', '3.60', '2014-09-11 04:00:00', 1),
(1285, 176, 2, 0, 0, 46, 0, 0, '1.38', '0.00', '2014-09-11 04:00:00', 1),
(1286, 39, 4, 3304, 0, 143, 0, 8, '39.89', '6.40', '2014-09-11 04:00:00', 1),
(1287, 37, 4, 2901, 0, 14, 0, 0, '9.52', '0.00', '2014-09-11 04:00:00', 1),
(1288, 41, 4, 2953, 0, 218, 0, 6, '51.84', '4.80', '2014-09-11 04:00:00', 1),
(1289, 33, 4, 1962, 0, 85, 0, 8, '15.92', '6.40', '2014-09-11 04:00:00', 1),
(1290, 68, 4, 6479, 0, 726, 1, 0, '83.96', '4.00', '2014-09-11 04:00:00', 1),
(1291, 64, 4, 6849, 0, 540, 0, 0, '14.28', '0.00', '2014-09-11 04:00:00', 1),
(1292, 66, 4, 4218, 0, 427, 1, 0, '101.60', '0.00', '2014-09-11 04:00:00', 1),
(1293, 70, 4, 12851, 0, 967, 0, 0, '101.44', '0.00', '2014-09-11 04:00:00', 1),
(1294, 72, 4, 3006, 0, 100, 12, 0, '102.97', '24.00', '2014-09-11 04:00:00', 1),
(1295, 174, 4, 1305, 0, 26, 7, 0, '23.98', '11.20', '2014-09-11 04:00:00', 1),
(1296, 32, 4, 679, 0, 19, 0, 7, '28.03', '5.95', '2014-09-11 04:00:00', 1),
(1297, 24, 4, 1630, 0, 42, 0, 8, '42.94', '6.80', '2014-09-11 04:00:00', 1),
(1298, 35, 4, 508, 0, 22, 0, 0, '0.97', '0.00', '2014-09-11 04:00:00', 1),
(1299, 25, 4, 667, 0, 40, 0, 0, '6.80', '0.00', '2014-09-11 04:00:00', 1),
(1300, 26, 4, 549, 0, 34, 0, 1, '1.95', '0.85', '2014-09-11 04:00:00', 1),
(1301, 38, 4, 498, 0, 10, 0, 0, '0.62', '0.00', '2014-09-11 04:00:00', 1),
(1302, 27, 4, 1972, 0, 163, 0, 1, '20.57', '1.20', '2014-09-11 04:00:00', 1),
(1303, 31, 4, 26, 0, 1, 0, 0, '0.76', '0.00', '2014-09-11 04:00:00', 1),
(1304, 29, 4, 115, 0, 2, 0, 0, '1.42', '0.00', '2014-09-11 04:00:00', 1),
(1305, 128, 4, 2166, 0, 187, 0, 3, '71.21', '3.00', '2014-09-11 04:00:00', 1),
(1306, 44, 4, 32435, 0, 5372, 10, 0, '102.00', '14.00', '2014-09-11 04:00:00', 1),
(1307, 45, 4, 33703, 0, 1451, 81, 0, '24.47', '113.40', '2014-09-11 04:00:00', 1),
(1308, 46, 4, 627, 0, 6, 0, 0, '0.08', '0.00', '2014-09-11 04:00:00', 1),
(1309, 47, 4, 12564, 0, 412, 6, 0, '25.29', '8.40', '2014-09-11 04:00:00', 1),
(1310, 148, 4, 5762, 0, 65, 0, 12, '39.97', '144.00', '2014-09-11 04:00:00', 1),
(1311, 149, 4, 3012, 0, 44, 1, 2, '26.75', '24.00', '2014-09-11 04:00:00', 1),
(1312, 157, 4, 496, 0, 12, 0, 0, '2.97', '0.00', '2014-09-11 04:00:00', 1),
(1313, 141, 4, 5608, 0, 63, 0, 7, '49.38', '105.00', '2014-09-11 04:00:00', 1),
(1314, 130, 4, 611, 0, 7, 0, 1, '1.42', '13.00', '2014-09-11 04:00:00', 1),
(1315, 161, 4, 8206, 0, 470, 0, 3, '22.43', '0.00', '2014-09-11 04:00:00', 1),
(1316, 162, 4, 7097, 0, 245, 1, 1, '24.09', '0.00', '2014-09-11 04:00:00', 1),
(1317, 146, 4, 547, 0, 10, 0, 0, '2.13', '0.00', '2014-09-11 04:00:00', 1),
(1318, 150, 4, 1265, 0, 50, 10, 14, '18.34', '168.00', '2014-09-11 04:00:00', 1),
(1319, 135, 4, 9, 0, 0, 0, 0, '0.00', '0.00', '2014-09-11 04:00:00', 1),
(1320, 143, 4, 571, 0, 19, 0, 2, '5.31', '30.00', '2014-09-11 04:00:00', 1),
(1321, 131, 4, 203, 0, 6, 0, 3, '2.08', '39.00', '2014-09-11 04:00:00', 1),
(1322, 152, 4, 782, 0, 20, 1, 4, '4.68', '48.00', '2014-09-11 04:00:00', 1),
(1323, 144, 4, 204, 0, 1, 0, 0, '1.01', '0.00', '2014-09-11 04:00:00', 1),
(1324, 133, 4, 434, 0, 6, 2, 0, '8.31', '26.00', '2014-09-11 04:00:00', 1),
(1325, 155, 4, 238, 0, 4, 0, 0, '0.47', '0.00', '2014-09-11 04:00:00', 1),
(1326, 164, 4, 2642, 0, 172, 0, 2, '7.42', '0.00', '2014-09-11 04:00:00', 1),
(1328, 167, 4, 543, 0, 23, 0, 0, '0.83', '0.00', '2014-09-11 04:00:00', 1),
(1329, 168, 4, 638, 0, 33, 0, 0, '1.55', '0.00', '2014-09-11 04:00:00', 1),
(1330, 169, 4, 481, 0, 22, 0, 0, '1.09', '0.00', '2014-09-11 04:00:00', 1),
(1331, 170, 4, 2573, 0, 140, 0, 0, '8.57', '0.00', '2014-09-11 04:00:00', 1),
(1332, 137, 4, 223, 0, 1, 0, 1, '1.69', '21.00', '2014-09-11 04:00:00', 1),
(1333, 171, 4, 260, 0, 10, 0, 0, '0.78', '0.00', '2014-09-11 04:00:00', 1),
(1334, 139, 4, 45, 0, 2, 0, 1, '0.77', '21.00', '2014-09-11 04:00:00', 1),
(1335, 147, 4, 78, 0, 1, 0, 0, '1.77', '0.00', '2014-09-11 04:00:00', 1),
(1336, 158, 4, 60, 0, 1, 0, 0, '1.37', '0.00', '2014-09-11 04:00:00', 1),
(1337, 172, 4, 498, 0, 80, 1, 4, '11.76', '0.00', '2014-09-11 04:00:00', 1),
(1338, 159, 4, 31, 0, 0, 0, 1, '0.00', '12.00', '2014-09-11 04:00:00', 1),
(1339, 173, 4, 495, 0, 75, 0, 1, '9.77', '0.00', '2014-09-11 04:00:00', 1),
(1340, 140, 4, 219, 0, 0, 0, 0, '0.00', '0.00', '2014-09-11 04:00:00', 1),
(1341, 142, 4, 98, 0, 2, 0, 0, '1.38', '0.00', '2014-09-11 04:00:00', 1),
(1342, 145, 4, 1549, 0, 30, 1, 0, '19.60', '1.80', '2014-09-11 04:00:00', 1),
(1343, 151, 4, 173, 0, 1, 0, 0, '1.06', '0.00', '2014-09-11 04:00:00', 1),
(1344, 153, 4, 193, 0, 4, 0, 0, '0.65', '0.00', '2014-09-11 04:00:00', 1),
(1345, 156, 4, 2753, 0, 59, 5, 0, '45.32', '9.00', '2014-09-11 04:00:00', 1),
(1346, 160, 4, 947, 0, 6, 0, 0, '2.70', '0.00', '2014-09-11 04:00:00', 1),
(1347, 175, 4, 856, 0, 76, 0, 9, '50.82', '18.00', '2014-09-11 04:00:00', 1),
(1348, 178, 4, 1553, 0, 252, 0, 0, '29.49', '0.00', '2014-09-11 04:00:00', 1),
(1349, 65, 4, 3661, 0, 212, 101, 97, '97.77', '174.60', '2014-09-11 04:00:00', 1),
(1350, 69, 4, 194, 0, 11, 2, 6, '1.87', '10.80', '2014-09-11 04:00:00', 1),
(1351, 73, 4, 298, 0, 5, 5, 0, '7.50', '9.00', '2014-09-11 04:00:00', 1),
(1352, 71, 4, 6043, 0, 216, 85, 86, '310.92', '154.80', '2014-09-11 04:00:00', 1),
(1353, 77, 4, 3849, 0, 12, 1, 0, '6.14', '1.80', '2014-09-11 04:00:00', 1),
(1354, 81, 4, 11453, 0, 52, 3, 5, '21.25', '9.00', '2014-09-11 04:00:00', 1),
(1355, 78, 4, 971, 0, 1, 0, 0, '0.30', '0.00', '2014-09-11 04:00:00', 1),
(1356, 83, 4, 1458, 0, 196, 0, 1, '13.93', '1.80', '2014-09-11 04:00:00', 1),
(1357, 85, 4, 573, 0, 24, 9, 8, '39.94', '14.40', '2014-09-11 04:00:00', 1),
(1358, 87, 4, 5640, 0, 446, 0, 0, '17.59', '0.00', '2014-09-11 04:00:00', 1);
INSERT INTO `daily_report` (`id`, `campaigns_id`, `networks_id`, `imp`, `imp_adv`, `clics`, `conv_api`, `conv_adv`, `spend`, `revenue`, `date`, `is_from_api`) VALUES
(1359, 88, 4, 3253, 0, 97, 22, 21, '113.20', '37.80', '2014-09-11 04:00:00', 1),
(1360, 89, 4, 492, 0, 138, 0, 0, '10.70', '0.00', '2014-09-11 04:00:00', 1),
(1361, 91, 4, 43, 0, 10, 0, 2, '10.68', '3.60', '2014-09-11 04:00:00', 1),
(1362, 92, 4, 9551, 0, 166, 4, 0, '77.55', '7.20', '2014-09-11 04:00:00', 1),
(1363, 100, 4, 1221, 0, 17, 5, 4, '7.34', '4.00', '2014-09-11 04:00:00', 1),
(1364, 97, 4, 11531, 0, 1088, 94, 111, '411.34', '111.00', '2014-09-11 04:00:00', 1),
(1365, 103, 4, 2614, 0, 132, 25, 24, '100.65', '24.00', '2014-09-11 04:00:00', 1),
(1366, 110, 4, 214, 0, 10, 1, 0, '8.63', '1.00', '2014-09-11 04:00:00', 1),
(1367, 123, 4, 11202, 0, 700, 42, 45, '222.24', '45.00', '2014-09-11 04:00:00', 1),
(1368, 117, 4, 96, 0, 7, 1, 0, '1.44', '1.00', '2014-09-11 04:00:00', 1),
(1369, 119, 4, 56, 0, 3, 3, 0, '0.54', '3.00', '2014-09-11 04:00:00', 1),
(1370, 111, 4, 2251, 0, 148, 3, 0, '33.44', '3.00', '2014-09-11 04:00:00', 1),
(1371, 114, 4, 331, 0, 10, 4, 0, '3.88', '4.00', '2014-09-11 04:00:00', 1),
(1372, 193, 4, 8733, 0, 271, 0, 4, '23.08', '4.00', '2014-09-11 04:00:00', 1),
(1373, 58, 4, 903, 0, 67, 0, 0, '3.67', '0.00', '2014-09-11 04:00:00', 1),
(1374, 63, 4, 2871, 0, 510, 2, 0, '8.58', '2.40', '2014-09-11 04:00:00', 1),
(1375, 132, 4, 2420, 0, 98, 0, 6, '25.61', '7.20', '2014-09-11 04:00:00', 1),
(1376, 136, 4, 1744, 0, 185, 0, 1, '20.65', '1.20', '2014-09-11 04:00:00', 1),
(1377, 138, 4, 88, 0, 10, 0, 0, '0.40', '0.00', '2014-09-11 04:00:00', 1),
(1378, 181, 4, 3136, 0, 397, 0, 0, '27.06', '0.00', '2014-09-11 04:00:00', 1),
(1379, 182, 4, 7449, 0, 246, 0, 94, '451.02', '1410.00', '2014-09-11 04:00:00', 1),
(1380, 205, 4, 506, 0, 37, 0, 0, '20.31', '0.00', '2014-09-11 04:00:00', 1),
(1381, 49, 4, 5249, 0, 310, 29, 0, '121.21', '26.10', '2014-09-11 04:00:00', 1),
(1382, 51, 4, 5044, 0, 1039, 1, 0, '20.44', '0.90', '2014-09-11 04:00:00', 1),
(1383, 52, 4, 1659, 0, 140, 34, 0, '90.54', '30.60', '2014-09-11 04:00:00', 1),
(1384, 53, 4, 480, 0, 34, 0, 0, '3.29', '0.00', '2014-09-11 04:00:00', 1),
(1385, 192, 4, 517, 0, 13, 0, 0, '0.73', '0.00', '2014-09-11 04:00:00', 1),
(1386, 177, 4, 2403, 0, 397, 0, 0, '32.76', '0.00', '2014-09-11 04:00:00', 1),
(1387, 250, 4, 44578, 0, 52, 0, 0, '49.16', '66.87', '2014-09-11 04:00:00', 1),
(1388, 249, 4, 7684, 0, 9, 0, 0, '11.43', '11.53', '2014-09-11 04:00:00', 1),
(1389, 251, 4, 3666, 0, 6, 0, 0, '4.83', '5.50', '2014-09-11 04:00:00', 1),
(1390, 248, 4, 131754, 0, 201, 0, 0, '265.05', '197.63', '2014-09-11 04:00:00', 1),
(1391, 18, 4, 6305, 0, 118, 0, 34, '138.26', '261.80', '2014-09-11 04:00:00', 1),
(1392, 19, 4, 738, 0, 3, 0, 2, '2.35', '15.40', '2014-09-11 04:00:00', 1),
(1393, 13, 4, 759, 0, 25, 0, 0, '0.80', '0.00', '2014-09-11 04:00:00', 1),
(1394, 15, 4, 3589, 0, 167, 0, 7, '23.54', '0.00', '2014-09-11 04:00:00', 1),
(1395, 20, 4, 48, 0, 0, 0, 0, '0.00', '0.00', '2014-09-11 04:00:00', 1),
(1396, 17, 4, 637, 0, 15, 0, 1, '0.82', '0.00', '2014-09-11 04:00:00', 1),
(1397, 11, 4, 8848, 0, 119, 0, 0, '36.70', '0.00', '2014-09-11 04:00:00', 1),
(1398, 14, 4, 5742, 0, 389, 0, 15, '52.62', '0.00', '2014-09-11 04:00:00', 1),
(1399, 21, 4, 191, 0, 0, 0, 0, '0.00', '0.00', '2014-09-11 04:00:00', 1),
(1400, 16, 4, 12, 0, 0, 0, 0, '0.00', '0.00', '2014-09-11 04:00:00', 1),
(1401, 12, 4, 2, 0, 1, 0, 0, '1.02', '0.00', '2014-09-11 04:00:00', 1),
(1402, 154, 4, 72, 0, 1, 0, 0, '0.14', '0.00', '2014-09-11 04:00:00', 1),
(1403, 191, 4, 1652, 0, 60, 0, 0, '3.81', '0.00', '2014-09-11 04:00:00', 1),
(1404, 126, 5, 383, 0, 327, 0, 6, '3.27', '6.00', '2014-09-11 04:00:00', 0),
(1405, 165, 5, 1570, 0, 306, 0, 0, '21.42', '0.00', '2014-09-11 04:00:00', 0),
(1406, 219, 5, 1855, 0, 725, 0, 46, '43.50', '690.00', '2014-09-11 04:00:00', 0),
(1407, 237, 5, 7850, 0, 125, 0, 1, '10.00', '3.00', '2014-09-11 04:00:00', 0),
(1408, 48, 5, 59532, 0, 1049, 0, 0, '8.39', '0.00', '2014-09-11 04:00:00', 0),
(1409, 238, 5, 13009, 0, 358, 0, 0, '10.02', '0.00', '2014-09-11 04:00:00', 0),
(1410, 42, 5, 477, 0, 327, 0, 30, '19.62', '25.50', '2014-09-11 04:00:00', 0),
(1411, 62, 5, 6292, 0, 158, 0, 14, '9.48', '16.80', '2014-09-11 04:00:00', 0),
(1412, 224, 26, 7480, 0, 22, 0, 0, '0.63', '0.00', '2014-09-11 04:00:00', 0),
(1413, 217, 26, 0, 0, 611, 0, 0, '0.06', '0.00', '2014-09-11 04:00:00', 0),
(1414, 234, 26, 0, 0, 522, 0, 0, '3.39', '0.00', '2014-09-11 04:00:00', 0),
(1415, 134, 26, 0, 0, 126, 0, 0, '0.22', '0.00', '2014-09-11 04:00:00', 0),
(1416, 104, 22, 1950, 0, 18, 0, 1, '0.53', '1.80', '2014-09-11 04:00:00', 0),
(1417, 185, 25, 0, 0, 1, 0, 0, '0.05', '0.00', '2014-09-11 04:00:00', 0),
(1418, 183, 25, 0, 0, 1, 0, 0, '0.03', '0.00', '2014-09-11 04:00:00', 0),
(1419, 106, 22, 13335, 0, 192, 0, 3, '3.92', '5.40', '2014-09-11 04:00:00', 0),
(1420, 218, 25, 4767, 0, 23, 0, 0, '1.61', '0.00', '2014-09-11 04:00:00', 0),
(1421, 108, 22, 27992, 0, 181, 0, 2, '5.97', '3.60', '2014-09-11 04:00:00', 0),
(1422, 230, 25, 5121, 0, 14, 0, 0, '0.84', '0.00', '2014-09-11 04:00:00', 0),
(1423, 232, 25, 0, 0, 103, 0, 6, '0.87', '7.80', '2014-09-11 04:00:00', 0),
(1424, 226, 22, 1773, 0, 8, 0, 0, '0.17', '0.00', '2014-09-11 04:00:00', 0),
(1425, 256, 22, 2383, 0, 22, 0, 0, '0.69', '0.00', '2014-09-11 04:00:00', 0),
(1426, 188, 25, 25, 0, 25, 0, 0, '0.20', '0.00', '2014-09-11 04:00:00', 0),
(1427, 36, 1, 15867, 0, 295, 0, 3, '2.95', '3.60', '2014-09-12 04:00:00', 1),
(1428, 99, 1, 9915, 0, 176, 2, 3, '2.64', '5.40', '2014-09-12 04:00:00', 1),
(1429, 101, 1, 9849, 0, 192, 3, 0, '2.88', '5.40', '2014-09-12 04:00:00', 1),
(1430, 196, 1, 3024, 0, 67, 0, 0, '1.00', '0.00', '2014-09-12 04:00:00', 1),
(1431, 129, 1, 1666, 0, 0, 0, 10, '10.00', '10.00', '2014-09-12 04:00:00', 1),
(1432, 55, 1, 1328, 0, 0, 9, 10, '7.97', '12.00', '2014-09-12 04:00:00', 1),
(1433, 34, 1, 309, 0, 31, 0, 0, '0.47', '0.00', '2014-09-12 04:00:00', 1),
(1434, 54, 1, 195, 0, 0, 2, 0, '1.17', '2.40', '2014-09-12 04:00:00', 1),
(1435, 127, 3, 59725, 0, 568, 0, 11, '17.04', '11.00', '2014-09-12 04:00:00', 1),
(1436, 271, 3, 711, 0, 5, 0, 0, '0.43', '0.00', '2014-09-12 04:00:00', 1),
(1437, 36, 1, 15809, 0, 333, 0, 1, '3.33', '1.20', '2014-09-13 04:00:00', 1),
(1438, 101, 1, 10552, 0, 236, 0, 0, '3.54', '0.00', '2014-09-13 04:00:00', 1),
(1439, 99, 1, 10537, 0, 239, 0, 3, '3.59', '5.40', '2014-09-13 04:00:00', 1),
(1440, 196, 1, 3647, 0, 87, 0, 0, '1.30', '0.00', '2014-09-13 04:00:00', 1),
(1441, 129, 1, 1665, 0, 0, 0, 8, '9.99', '8.00', '2014-09-13 04:00:00', 1),
(1442, 55, 1, 1452, 0, 0, 1, 10, '8.71', '12.00', '2014-09-13 04:00:00', 1),
(1443, 34, 1, 429, 0, 41, 0, 0, '0.62', '0.00', '2014-09-13 04:00:00', 1),
(1444, 272, 3, 1291, 0, 3, 0, 0, '0.84', '0.00', '2014-09-13 04:00:00', 1),
(1445, 271, 3, 213, 0, 2, 0, 0, '0.13', '0.00', '2014-09-13 04:00:00', 1),
(1446, 36, 1, 16253, 0, 379, 0, 4, '3.79', '4.80', '2014-09-14 04:00:00', 1),
(1447, 99, 1, 9927, 0, 209, 0, 2, '3.13', '3.60', '2014-09-14 04:00:00', 1),
(1448, 101, 1, 9899, 0, 191, 0, 3, '2.87', '5.40', '2014-09-14 04:00:00', 1),
(1449, 196, 1, 3587, 0, 97, 0, 0, '1.46', '0.00', '2014-09-14 04:00:00', 1),
(1450, 129, 1, 1498, 0, 0, 0, 13, '8.99', '13.00', '2014-09-14 04:00:00', 1),
(1451, 55, 1, 1220, 0, 0, 1, 8, '7.32', '9.60', '2014-09-14 04:00:00', 1),
(1452, 34, 1, 399, 0, 44, 0, 0, '0.66', '0.00', '2014-09-14 04:00:00', 1),
(1455, 42, 5, 926, 0, 676, 0, 24, '40.56', '20.40', '2014-09-12 04:00:00', 0),
(1456, 219, 5, 1650, 0, 701, 0, 57, '42.06', '855.00', '2014-09-12 04:00:00', 0),
(1457, 165, 5, 1361, 0, 311, 7, 0, '21.77', '12.60', '2014-09-12 04:00:00', 0),
(1458, 126, 5, 407, 0, 299, 0, 4, '2.99', '4.00', '2014-09-12 04:00:00', 0),
(1459, 62, 5, 6963, 0, 120, 13, 15, '7.20', '18.00', '2014-09-12 04:00:00', 0),
(1460, 237, 5, 9928, 0, 125, 0, 0, '10.00', '0.00', '2014-09-12 04:00:00', 0),
(1461, 238, 5, 14683, 0, 359, 7, 8, '10.05', '11.20', '2014-09-12 04:00:00', 0),
(1462, 269, 5, 534, 0, 371, 0, 8, '10.02', '6.40', '2014-09-12 04:00:00', 0),
(1463, 185, 25, 0, 0, 1, 0, 0, '0.05', '0.00', '2014-09-12 04:00:00', 0),
(1464, 183, 25, 0, 0, 1, 0, 0, '0.03', '0.00', '2014-09-12 04:00:00', 0),
(1465, 218, 25, 2163, 0, 22, 0, 0, '1.54', '0.00', '2014-09-12 04:00:00', 0),
(1466, 230, 25, 6468, 0, 4, 0, 0, '0.24', '0.00', '2014-09-12 04:00:00', 0),
(1467, 190, 25, 0, 0, 1960, 0, 0, '3.92', '0.00', '2014-09-12 04:00:00', 0),
(1468, 232, 25, 0, 0, 104, 3, 5, '0.91', '6.50', '2014-09-12 04:00:00', 0),
(1469, 224, 26, 9937, 0, 18, 0, 0, '0.55', '0.00', '2014-09-12 04:00:00', 0),
(1470, 217, 26, 538, 0, 1, 0, 0, '0.05', '0.00', '2014-09-12 04:00:00', 0),
(1471, 234, 26, 0, 0, 521, 0, 0, '3.38', '0.00', '2014-09-12 04:00:00', 0),
(1472, 134, 26, 0, 0, 86, 0, 0, '0.25', '0.00', '2014-09-12 04:00:00', 0),
(1473, 224, 26, 7912, 0, 14, 0, 0, '0.56', '0.00', '2014-09-13 04:00:00', 0),
(1474, 217, 26, 684, 0, 4, 0, 0, '0.06', '0.00', '2014-09-13 04:00:00', 0),
(1475, 183, 25, 0, 0, 3, 0, 0, '0.09', '0.00', '2014-09-13 04:00:00', 0),
(1476, 218, 25, 3704, 0, 40, 0, 0, '2.80', '0.00', '2014-09-13 04:00:00', 0),
(1477, 230, 25, 7900, 0, 20, 0, 0, '1.40', '0.00', '2014-09-13 04:00:00', 0),
(1478, 190, 25, 0, 0, 3729, 0, 0, '7.45', '0.00', '2014-09-13 04:00:00', 0),
(1479, 232, 25, 0, 0, 96, 2, 0, '0.96', '2.60', '2014-09-13 04:00:00', 0),
(1480, 236, 25, 0, 0, 1, 0, 0, '0.00', '0.00', '2014-09-13 04:00:00', 0),
(1481, 219, 5, 1695, 0, 834, 0, 64, '50.04', '960.00', '2014-09-13 04:00:00', 0),
(1482, 165, 5, 1661, 0, 303, 14, 16, '21.21', '28.80', '2014-09-13 04:00:00', 0),
(1483, 48, 5, 50410, 0, 983, 9, 11, '7.86', '15.40', '2014-09-13 04:00:00', 0),
(1484, 126, 5, 243, 0, 127, 0, 6, '1.27', '6.00', '2014-09-13 04:00:00', 0),
(1485, 62, 5, 5587, 0, 167, 10, 9, '10.02', '10.80', '2014-09-13 04:00:00', 0),
(1486, 238, 5, 12058, 0, 358, 0, 0, '10.02', '0.00', '2014-09-13 04:00:00', 0),
(1487, 269, 5, 521, 0, 371, 0, 3, '10.02', '2.40', '2014-09-13 04:00:00', 0),
(1488, 126, 5, 206, 0, 117, 0, 5, '1.17', '5.00', '2014-09-14 04:00:00', 0),
(1489, 165, 5, 1645, 0, 378, 12, 10, '26.46', '18.00', '2014-09-14 04:00:00', 0),
(1490, 219, 5, 1679, 0, 834, 0, 43, '50.04', '645.00', '2014-09-14 04:00:00', 0),
(1491, 238, 5, 13202, 0, 358, 3, 0, '10.02', '4.20', '2014-09-14 04:00:00', 0),
(1492, 269, 5, 568, 0, 371, 0, 4, '10.02', '3.20', '2014-09-14 04:00:00', 0),
(1493, 48, 5, 56540, 0, 1086, 6, 0, '8.69', '8.40', '2014-09-14 04:00:00', 0),
(1494, 62, 5, 3927, 0, 88, 6, 7, '5.28', '8.40', '2014-09-14 04:00:00', 0),
(1495, 185, 25, 0, 0, 2, 0, 0, '0.10', '0.00', '2014-09-14 04:00:00', 0),
(1496, 183, 25, 0, 0, 3, 0, 0, '0.09', '0.00', '2014-09-14 04:00:00', 0),
(1497, 218, 25, 4486, 0, 59, 1, 0, '4.13', '3.00', '2014-09-14 04:00:00', 0),
(1498, 230, 25, 8591, 0, 24, 0, 0, '1.68', '0.00', '2014-09-14 04:00:00', 0),
(1499, 190, 25, 0, 0, 918, 0, 0, '1.83', '0.00', '2014-09-14 04:00:00', 0),
(1500, 232, 25, 0, 0, 77, 4, 4, '0.77', '5.20', '2014-09-14 04:00:00', 0),
(1501, 236, 25, 0, 0, 2, 0, 0, '0.00', '0.00', '2014-09-14 04:00:00', 0),
(1502, 260, 25, 0, 0, 4, 0, 0, '0.00', '0.00', '2014-09-14 04:00:00', 0),
(1503, 224, 26, 6647, 0, 23, 0, 0, '0.84', '0.00', '2014-09-14 04:00:00', 0),
(1504, 217, 26, 746, 0, 4, 0, 0, '0.07', '0.00', '2014-09-14 04:00:00', 0),
(1505, 39, 4, 1689, 0, 90, 0, 0, '23.68', '0.00', '2014-09-14 04:00:00', 1),
(1506, 37, 4, 3100, 0, 9, 0, 0, '5.11', '0.00', '2014-09-14 04:00:00', 1),
(1507, 41, 4, 1229, 0, 108, 0, 11, '15.73', '8.80', '2014-09-14 04:00:00', 1),
(1508, 33, 4, 1697, 0, 85, 0, 24, '14.26', '19.20', '2014-09-14 04:00:00', 1),
(1509, 68, 4, 9684, 0, 2170, 0, 0, '300.80', '0.00', '2014-09-14 04:00:00', 1),
(1510, 64, 4, 8188, 0, 760, 0, 0, '19.92', '0.00', '2014-09-14 04:00:00', 1),
(1511, 66, 4, 7900, 0, 1345, 0, 2, '300.99', '0.00', '2014-09-14 04:00:00', 1),
(1512, 70, 4, 10057, 0, 611, 0, 0, '32.06', '0.00', '2014-09-14 04:00:00', 1),
(1513, 72, 4, 5674, 0, 141, 29, 31, '142.08', '62.00', '2014-09-14 04:00:00', 1),
(1514, 174, 4, 959, 0, 13, 0, 0, '12.73', '0.00', '2014-09-14 04:00:00', 1),
(1515, 32, 4, 3794, 0, 133, 0, 43, '231.73', '36.55', '2014-09-14 04:00:00', 1),
(1516, 24, 4, 1438, 0, 9, 0, 4, '4.87', '3.40', '2014-09-14 04:00:00', 1),
(1517, 28, 4, 2483, 0, 178, 0, 19, '31.85', '16.15', '2014-09-14 04:00:00', 1),
(1518, 35, 4, 63, 0, 3, 0, 0, '0.44', '0.00', '2014-09-14 04:00:00', 1),
(1519, 30, 4, 3353, 0, 273, 0, 6, '21.77', '5.10', '2014-09-14 04:00:00', 1),
(1520, 25, 4, 982, 0, 80, 0, 1, '24.10', '0.85', '2014-09-14 04:00:00', 1),
(1521, 26, 4, 8051, 0, 476, 0, 19, '31.76', '16.15', '2014-09-14 04:00:00', 1),
(1522, 38, 4, 1985, 0, 65, 0, 6, '5.28', '5.10', '2014-09-14 04:00:00', 1),
(1523, 27, 4, 4608, 0, 202, 0, 2, '13.34', '2.40', '2014-09-14 04:00:00', 1),
(1524, 31, 4, 53, 0, 2, 0, 0, '3.05', '0.00', '2014-09-14 04:00:00', 1),
(1525, 29, 4, 83, 0, 1, 0, 0, '0.04', '0.00', '2014-09-14 04:00:00', 1),
(1526, 128, 4, 1747, 0, 160, 0, 9, '20.43', '9.00', '2014-09-14 04:00:00', 1),
(1527, 44, 4, 33853, 0, 4944, 8, 0, '100.50', '11.20', '2014-09-14 04:00:00', 1),
(1528, 45, 4, 42478, 0, 1743, 81, 0, '26.41', '113.40', '2014-09-14 04:00:00', 1),
(1529, 46, 4, 9963, 0, 149, 3, 0, '4.57', '4.20', '2014-09-14 04:00:00', 1),
(1530, 47, 4, 12395, 0, 452, 14, 0, '25.97', '19.60', '2014-09-14 04:00:00', 1),
(1531, 148, 4, 20916, 0, 484, 0, 87, '516.01', '1044.00', '2014-09-14 04:00:00', 1),
(1532, 149, 4, 4252, 0, 70, 0, 6, '57.94', '72.00', '2014-09-14 04:00:00', 1),
(1533, 157, 4, 1923, 0, 57, 0, 7, '32.45', '84.00', '2014-09-14 04:00:00', 1),
(1534, 141, 4, 35230, 0, 1101, 0, 146, '1421.72', '2190.00', '2014-09-14 04:00:00', 1),
(1535, 130, 4, 2514, 0, 49, 0, 15, '49.08', '195.00', '2014-09-14 04:00:00', 1),
(1536, 161, 4, 11824, 0, 1160, 0, 0, '110.16', '0.00', '2014-09-14 04:00:00', 1),
(1537, 162, 4, 3241, 0, 278, 0, 0, '111.25', '0.00', '2014-09-14 04:00:00', 1),
(1538, 146, 4, 3970, 0, 100, 0, 19, '89.41', '285.00', '2014-09-14 04:00:00', 1),
(1539, 150, 4, 3603, 0, 175, 0, 55, '110.42', '660.00', '2014-09-14 04:00:00', 1),
(1540, 135, 4, 1019, 0, 12, 0, 7, '15.46', '147.00', '2014-09-14 04:00:00', 1),
(1541, 143, 4, 4223, 0, 216, 0, 31, '191.46', '465.00', '2014-09-14 04:00:00', 1),
(1542, 131, 4, 1554, 0, 37, 0, 11, '39.41', '143.00', '2014-09-14 04:00:00', 1),
(1543, 152, 4, 2259, 0, 46, 0, 16, '34.32', '192.00', '2014-09-14 04:00:00', 1),
(1544, 144, 4, 836, 0, 38, 0, 4, '44.44', '60.00', '2014-09-14 04:00:00', 1),
(1545, 133, 4, 1423, 0, 32, 0, 11, '52.52', '143.00', '2014-09-14 04:00:00', 1),
(1546, 155, 4, 213, 0, 5, 0, 2, '3.84', '24.00', '2014-09-14 04:00:00', 1),
(1547, 164, 4, 15375, 0, 975, 0, 0, '117.22', '0.00', '2014-09-14 04:00:00', 1),
(1548, 167, 4, 2278, 0, 563, 0, 0, '19.00', '0.00', '2014-09-14 04:00:00', 1),
(1549, 168, 4, 20842, 0, 2931, 0, 0, '268.87', '0.00', '2014-09-14 04:00:00', 1),
(1550, 169, 4, 22500, 0, 3866, 0, 0, '304.43', '0.00', '2014-09-14 04:00:00', 1),
(1551, 170, 4, 9288, 0, 847, 0, 0, '103.16', '0.00', '2014-09-14 04:00:00', 1),
(1552, 137, 4, 168, 0, 2, 0, 1, '3.13', '21.00', '2014-09-14 04:00:00', 1),
(1553, 171, 4, 460, 0, 9, 0, 0, '0.81', '0.00', '2014-09-14 04:00:00', 1),
(1554, 139, 4, 110, 0, 12, 0, 4, '14.76', '84.00', '2014-09-14 04:00:00', 1),
(1555, 147, 4, 217, 0, 24, 0, 5, '18.61', '75.00', '2014-09-14 04:00:00', 1),
(1556, 158, 4, 115, 0, 5, 0, 3, '3.85', '36.00', '2014-09-14 04:00:00', 1),
(1557, 172, 4, 1019, 0, 115, 0, 12, '18.83', '160.00', '2014-09-14 04:00:00', 1),
(1558, 159, 4, 31, 0, 2, 0, 0, '1.40', '0.00', '2014-09-14 04:00:00', 1),
(1559, 173, 4, 1115, 0, 207, 0, 0, '33.56', '0.00', '2014-09-14 04:00:00', 1),
(1560, 140, 4, 1508, 0, 46, 0, 6, '75.11', '126.00', '2014-09-14 04:00:00', 1),
(1561, 145, 4, 3362, 0, 191, 11, 0, '208.39', '19.80', '2014-09-14 04:00:00', 1),
(1562, 151, 4, 514, 0, 25, 4, 0, '21.57', '7.20', '2014-09-14 04:00:00', 1),
(1563, 153, 4, 482, 0, 14, 0, 0, '9.03', '0.00', '2014-09-14 04:00:00', 1),
(1564, 156, 4, 3483, 0, 107, 8, 0, '84.94', '14.40', '2014-09-14 04:00:00', 1),
(1565, 160, 4, 1363, 0, 37, 4, 0, '29.80', '7.20', '2014-09-14 04:00:00', 1),
(1566, 175, 4, 949, 0, 102, 0, 10, '40.69', '20.00', '2014-09-14 04:00:00', 1),
(1567, 178, 4, 1344, 0, 224, 0, 0, '19.99', '0.00', '2014-09-14 04:00:00', 1),
(1568, 65, 4, 4970, 0, 270, 112, 117, '174.61', '210.60', '2014-09-14 04:00:00', 1),
(1569, 69, 4, 534, 0, 22, 5, 0, '18.82', '9.00', '2014-09-14 04:00:00', 1),
(1570, 73, 4, 699, 0, 47, 7, 6, '119.27', '10.80', '2014-09-14 04:00:00', 1),
(1571, 71, 4, 7278, 0, 281, 98, 105, '481.70', '189.00', '2014-09-14 04:00:00', 1),
(1572, 77, 4, 13145, 0, 98, 2, 5, '99.98', '9.00', '2014-09-14 04:00:00', 1),
(1573, 81, 4, 8590, 0, 118, 1, 7, '102.19', '12.60', '2014-09-14 04:00:00', 1),
(1574, 78, 4, 41369, 0, 128, 5, 0, '105.41', '9.00', '2014-09-14 04:00:00', 1),
(1575, 83, 4, 719, 0, 49, 0, 0, '1.79', '0.00', '2014-09-14 04:00:00', 1),
(1576, 85, 4, 555, 0, 41, 10, 9, '72.39', '16.20', '2014-09-14 04:00:00', 1),
(1577, 87, 4, 6062, 0, 575, 1, 0, '25.93', '1.80', '2014-09-14 04:00:00', 1),
(1578, 88, 4, 3320, 0, 99, 18, 21, '116.03', '37.80', '2014-09-14 04:00:00', 1),
(1579, 89, 4, 667, 0, 172, 0, 0, '12.92', '0.00', '2014-09-14 04:00:00', 1),
(1580, 91, 4, 69, 0, 10, 4, 0, '9.26', '7.20', '2014-09-14 04:00:00', 1),
(1581, 92, 4, 3071, 0, 59, 1, 2, '14.80', '3.60', '2014-09-14 04:00:00', 1),
(1582, 100, 4, 2480, 0, 106, 0, 34, '73.12', '34.00', '2014-09-14 04:00:00', 1),
(1583, 97, 4, 15367, 0, 1420, 0, 206, '600.64', '206.00', '2014-09-14 04:00:00', 1),
(1584, 103, 4, 3134, 0, 128, 0, 32, '98.75', '32.00', '2014-09-14 04:00:00', 1),
(1585, 110, 4, 304, 0, 13, 0, 3, '15.22', '3.00', '2014-09-14 04:00:00', 1),
(1586, 123, 4, 16559, 0, 1031, 0, 121, '339.90', '121.00', '2014-09-14 04:00:00', 1),
(1587, 117, 4, 111, 0, 11, 0, 3, '2.41', '3.00', '2014-09-14 04:00:00', 1),
(1588, 119, 4, 54, 0, 2, 0, 4, '1.14', '4.00', '2014-09-14 04:00:00', 1),
(1589, 111, 4, 2707, 0, 146, 0, 11, '44.81', '11.00', '2014-09-14 04:00:00', 1),
(1590, 114, 4, 396, 0, 19, 0, 7, '9.72', '7.00', '2014-09-14 04:00:00', 1),
(1591, 193, 4, 5029, 0, 437, 1, 2, '19.60', '2.00', '2014-09-14 04:00:00', 1),
(1592, 58, 4, 1491, 0, 106, 0, 2, '6.26', '2.40', '2014-09-14 04:00:00', 1),
(1593, 63, 4, 3092, 0, 527, 0, 49, '6.75', '58.80', '2014-09-14 04:00:00', 1),
(1594, 132, 4, 2654, 0, 136, 0, 5, '32.03', '6.00', '2014-09-14 04:00:00', 1),
(1595, 136, 4, 3547, 0, 314, 0, 0, '20.10', '0.00', '2014-09-14 04:00:00', 1),
(1596, 138, 4, 32, 0, 1, 0, 0, '0.04', '0.00', '2014-09-14 04:00:00', 1),
(1597, 181, 4, 3310, 0, 468, 0, 0, '20.03', '0.00', '2014-09-14 04:00:00', 1),
(1598, 182, 4, 8495, 0, 241, 0, 64, '444.44', '960.00', '2014-09-14 04:00:00', 1),
(1599, 205, 4, 897, 0, 88, 0, 0, '20.10', '0.00', '2014-09-14 04:00:00', 1),
(1600, 49, 4, 5489, 0, 305, 17, 0, '151.28', '15.30', '2014-09-14 04:00:00', 1),
(1601, 51, 4, 274, 0, 37, 0, 0, '25.03', '0.00', '2014-09-14 04:00:00', 1),
(1602, 52, 4, 1680, 0, 131, 25, 0, '88.84', '22.50', '2014-09-14 04:00:00', 1),
(1603, 192, 4, 314, 0, 8, 0, 0, '0.33', '0.00', '2014-09-14 04:00:00', 1),
(1604, 177, 4, 4702, 0, 683, 0, 0, '15.07', '0.00', '2014-09-14 04:00:00', 1),
(1605, 250, 4, 41764, 0, 44, 0, 0, '45.85', '62.65', '2014-09-14 04:00:00', 1),
(1606, 249, 4, 53428, 0, 66, 0, 0, '65.89', '80.14', '2014-09-14 04:00:00', 1),
(1607, 251, 4, 7004, 0, 17, 0, 0, '18.67', '10.51', '2014-09-14 04:00:00', 1),
(1608, 248, 4, 52543, 0, 80, 0, 0, '78.70', '78.81', '2014-09-14 04:00:00', 1),
(1609, 18, 4, 12371, 153, 387, 0, 153, '491.03', '1178.10', '2014-09-14 04:00:00', 1),
(1610, 15, 4, 6879, 0, 343, 0, 0, '47.83', '0.00', '2014-09-14 04:00:00', 1),
(1611, 14, 4, 6468, 0, 380, 0, 12, '54.53', '89.70', '2014-09-14 04:00:00', 1),
(1612, 21, 4, 56, 0, 0, 0, 0, '0.00', '0.00', '2014-09-14 04:00:00', 1),
(1613, 16, 4, 27, 0, 1, 0, 0, '0.06', '0.00', '2014-09-14 04:00:00', 1),
(1614, 12, 4, 1, 0, 0, 0, 0, '0.00', '0.00', '2014-09-14 04:00:00', 1),
(1615, 154, 4, 89, 0, 2, 0, 0, '0.63', '0.00', '2014-09-14 04:00:00', 1),
(1616, 191, 4, 4621, 0, 675, 0, 0, '23.20', '0.00', '2014-09-14 04:00:00', 1),
(1617, 202, 8, 119137, 0, 901, 25, 0, '18.02', '35.00', '2014-09-14 04:00:00', 1),
(1618, 50, 8, 21105, 0, 138, 21, 0, '4.14', '29.40', '2014-09-14 04:00:00', 1),
(1619, 201, 8, 18110, 0, 171, 5, 0, '5.13', '7.00', '2014-09-14 04:00:00', 1),
(1620, 268, 8, 2190, 0, 25, 0, 1, '0.50', '0.80', '2014-09-14 04:00:00', 1),
(1621, 163, 6, 18322, 0, 491, 29, 0, '24.55', '52.20', '2014-09-14 04:00:00', 1),
(1622, 198, 6, 242, 0, 24, 0, 11, '1.44', '13.20', '2014-09-14 04:00:00', 1),
(1623, 259, 6, 417, 0, 45, 0, 11, '2.25', '13.20', '2014-09-14 04:00:00', 1),
(1624, 176, 2, 0, 0, 43, 0, 0, '1.29', '0.00', '2014-09-14 04:00:00', 1),
(1625, 48, 5, 45394, 0, 847, 6, 5, '6.78', '7.00', '2014-09-12 04:00:00', 0),
(1627, 125, 7, 22622, 0, 115, 0, 1, '1.15', '1.00', '2014-09-13 04:00:00', 1),
(1628, 253, 7, 17339, 0, 73, 0, 0, '0.73', '0.00', '2014-09-13 04:00:00', 1),
(1629, 213, 7, 105, 0, 0, 0, 0, '0.00', '0.00', '2014-09-13 04:00:00', 1),
(1630, 265, 7, 60, 0, 1, 0, 0, '0.03', '0.00', '2014-09-13 04:00:00', 1),
(1631, 40, 7, 24, 0, 0, 0, 0, '0.00', '0.00', '2014-09-13 04:00:00', 1),
(1632, 202, 8, 112845, 0, 892, 13, 0, '17.84', '18.20', '2014-09-13 04:00:00', 1),
(1633, 50, 8, 22506, 0, 140, 14, 0, '4.20', '19.60', '2014-09-13 04:00:00', 1),
(1634, 201, 8, 14402, 0, 147, 4, 0, '4.32', '5.60', '2014-09-13 04:00:00', 1),
(1635, 223, 8, 12667, 0, 39, 0, 0, '0.39', '0.00', '2014-09-13 04:00:00', 1),
(1636, 268, 8, 1457, 0, 16, 0, 1, '0.32', '0.80', '2014-09-13 04:00:00', 1),
(1637, 163, 6, 17512, 0, 466, 19, 0, '23.30', '34.20', '2014-09-13 04:00:00', 1),
(1638, 198, 6, 360, 0, 34, 0, 3, '2.04', '3.60', '2014-09-13 04:00:00', 1),
(1639, 259, 6, 417, 0, 56, 1, 7, '2.80', '8.40', '2014-09-13 04:00:00', 1),
(1640, 176, 2, 0, 0, 34, 0, 0, '1.02', '0.00', '2014-09-13 04:00:00', 1),
(1642, 108, 22, 5350, 0, 55, 0, 0, '1.69', '0.00', '2014-09-12 04:00:00', 0),
(1644, 39, 4, 2009, 0, 135, 0, 0, '35.12', '0.00', '2014-09-13 04:00:00', 1),
(1645, 37, 4, 2871, 0, 10, 0, 0, '4.81', '0.00', '2014-09-13 04:00:00', 1),
(1646, 41, 4, 1261, 0, 113, 0, 11, '21.73', '8.80', '2014-09-13 04:00:00', 1),
(1647, 33, 4, 1142, 0, 48, 0, 23, '7.23', '18.40', '2014-09-13 04:00:00', 1),
(1648, 68, 4, 14457, 0, 2265, 4, 0, '300.58', '16.00', '2014-09-13 04:00:00', 1),
(1649, 64, 4, 7291, 0, 649, 1, 0, '17.46', '4.00', '2014-09-13 04:00:00', 1),
(1650, 66, 4, 8026, 0, 1352, 3, 0, '300.30', '0.00', '2014-09-13 04:00:00', 1),
(1651, 70, 4, 13531, 0, 682, 1, 0, '35.58', '0.00', '2014-09-13 04:00:00', 1),
(1652, 72, 4, 5184, 0, 127, 19, 24, '133.25', '48.00', '2014-09-13 04:00:00', 1),
(1653, 174, 4, 1099, 0, 18, 3, 0, '17.58', '4.80', '2014-09-13 04:00:00', 1),
(1654, 32, 4, 2628, 0, 102, 0, 31, '176.33', '26.35', '2014-09-13 04:00:00', 1),
(1655, 24, 4, 1097, 0, 17, 0, 4, '15.91', '3.40', '2014-09-13 04:00:00', 1),
(1656, 28, 4, 2275, 0, 162, 0, 13, '29.38', '11.05', '2014-09-13 04:00:00', 1),
(1657, 35, 4, 69, 0, 2, 0, 0, '0.05', '0.00', '2014-09-13 04:00:00', 1),
(1658, 30, 4, 3720, 0, 247, 0, 4, '21.41', '3.40', '2014-09-13 04:00:00', 1),
(1659, 25, 4, 745, 0, 74, 0, 4, '18.18', '3.40', '2014-09-13 04:00:00', 1),
(1660, 26, 4, 5527, 0, 318, 0, 7, '21.29', '5.95', '2014-09-13 04:00:00', 1),
(1661, 38, 4, 1780, 0, 50, 0, 5, '4.68', '4.25', '2014-09-13 04:00:00', 1),
(1662, 27, 4, 5597, 0, 260, 0, 8, '16.69', '9.60', '2014-09-13 04:00:00', 1),
(1663, 31, 4, 66, 0, 0, 0, 0, '0.00', '0.00', '2014-09-13 04:00:00', 1),
(1664, 29, 4, 71, 0, 4, 0, 0, '0.64', '0.00', '2014-09-13 04:00:00', 1),
(1665, 128, 4, 1978, 0, 169, 0, 7, '20.34', '7.00', '2014-09-13 04:00:00', 1),
(1666, 44, 4, 35186, 0, 4853, 5, 0, '100.31', '7.00', '2014-09-13 04:00:00', 1),
(1667, 45, 4, 37023, 0, 1495, 75, 0, '23.65', '105.00', '2014-09-13 04:00:00', 1),
(1668, 46, 4, 9437, 0, 140, 5, 0, '3.79', '7.00', '2014-09-13 04:00:00', 1),
(1669, 47, 4, 11933, 0, 396, 13, 0, '22.93', '18.20', '2014-09-13 04:00:00', 1),
(1670, 148, 4, 18742, 0, 426, 0, 61, '460.51', '732.00', '2014-09-13 04:00:00', 1),
(1671, 149, 4, 4512, 0, 70, 0, 6, '60.42', '72.00', '2014-09-13 04:00:00', 1),
(1672, 157, 4, 1857, 0, 49, 0, 4, '34.36', '48.00', '2014-09-13 04:00:00', 1),
(1673, 141, 4, 31511, 0, 991, 0, 121, '1286.84', '1815.00', '2014-09-13 04:00:00', 1),
(1674, 130, 4, 3441, 0, 85, 0, 20, '83.85', '260.00', '2014-09-13 04:00:00', 1),
(1675, 161, 4, 11558, 0, 1155, 1, 0, '110.19', '0.00', '2014-09-13 04:00:00', 1),
(1676, 162, 4, 2938, 0, 268, 0, 0, '110.95', '0.00', '2014-09-13 04:00:00', 1),
(1677, 146, 4, 3395, 0, 114, 0, 11, '120.25', '165.00', '2014-09-13 04:00:00', 1),
(1678, 150, 4, 3260, 0, 214, 0, 49, '129.13', '588.00', '2014-09-13 04:00:00', 1),
(1679, 135, 4, 737, 0, 9, 0, 1, '11.78', '21.00', '2014-09-13 04:00:00', 1),
(1680, 143, 4, 4243, 0, 200, 0, 31, '176.48', '465.00', '2014-09-13 04:00:00', 1),
(1681, 131, 4, 857, 0, 24, 0, 6, '22.27', '78.00', '2014-09-13 04:00:00', 1),
(1682, 152, 4, 2305, 0, 88, 0, 12, '62.79', '144.00', '2014-09-13 04:00:00', 1),
(1683, 144, 4, 625, 0, 22, 0, 3, '24.49', '45.00', '2014-09-13 04:00:00', 1),
(1684, 133, 4, 1773, 0, 33, 0, 11, '56.78', '143.00', '2014-09-13 04:00:00', 1),
(1685, 155, 4, 288, 0, 9, 0, 4, '7.01', '48.00', '2014-09-13 04:00:00', 1),
(1686, 164, 4, 14825, 0, 982, 0, 0, '116.84', '0.00', '2014-09-13 04:00:00', 1),
(1687, 167, 4, 3569, 0, 705, 0, 0, '26.10', '0.00', '2014-09-13 04:00:00', 1),
(1688, 168, 4, 147250, 0, 4204, 0, 0, '723.07', '0.00', '2014-09-13 04:00:00', 1),
(1689, 169, 4, 40091, 0, 5364, 1, 0, '457.53', '0.00', '2014-09-13 04:00:00', 1),
(1690, 170, 4, 9920, 0, 840, 0, 0, '103.43', '0.00', '2014-09-13 04:00:00', 1),
(1691, 137, 4, 147, 0, 4, 0, 0, '4.69', '0.00', '2014-09-13 04:00:00', 1),
(1692, 171, 4, 392, 0, 14, 0, 0, '1.50', '0.00', '2014-09-13 04:00:00', 1),
(1693, 139, 4, 55, 0, 7, 0, 2, '11.18', '42.00', '2014-09-13 04:00:00', 1),
(1694, 147, 4, 113, 0, 16, 0, 3, '12.05', '45.00', '2014-09-13 04:00:00', 1),
(1695, 158, 4, 108, 0, 2, 0, 4, '0.72', '48.00', '2014-09-13 04:00:00', 1),
(1696, 172, 4, 875, 0, 113, 0, 0, '18.63', '0.00', '2014-09-13 04:00:00', 1),
(1697, 159, 4, 49, 0, 5, 0, 1, '4.35', '12.00', '2014-09-13 04:00:00', 1),
(1698, 173, 4, 928, 0, 175, 0, 0, '27.34', '0.00', '2014-09-13 04:00:00', 1),
(1699, 140, 4, 1211, 0, 34, 0, 6, '50.62', '126.00', '2014-09-13 04:00:00', 1),
(1700, 104, 22, 5209, 0, 50, 1, 0, '1.55', '1.80', '2014-09-12 04:00:00', 0),
(1701, 145, 4, 3006, 0, 162, 13, 0, '174.32', '23.40', '2014-09-13 04:00:00', 1),
(1702, 151, 4, 521, 0, 27, 4, 0, '20.77', '7.20', '2014-09-13 04:00:00', 1),
(1703, 153, 4, 493, 0, 18, 1, 0, '11.47', '1.80', '2014-09-13 04:00:00', 1),
(1704, 156, 4, 3419, 0, 88, 5, 0, '69.35', '9.00', '2014-09-13 04:00:00', 1),
(1705, 160, 4, 1060, 0, 23, 4, 0, '18.25', '7.20', '2014-09-13 04:00:00', 1),
(1706, 175, 4, 998, 0, 125, 0, 7, '54.68', '14.00', '2014-09-13 04:00:00', 1),
(1707, 178, 4, 1381, 0, 223, 0, 0, '20.17', '0.00', '2014-09-13 04:00:00', 1),
(1708, 65, 4, 4454, 0, 224, 104, 0, '143.44', '187.20', '2014-09-13 04:00:00', 1),
(1709, 69, 4, 562, 0, 22, 7, 8, '16.66', '14.40', '2014-09-13 04:00:00', 1),
(1710, 73, 4, 675, 0, 28, 7, 0, '53.28', '12.60', '2014-09-13 04:00:00', 1),
(1711, 71, 4, 7317, 0, 274, 108, 111, '503.25', '199.80', '2014-09-13 04:00:00', 1),
(1712, 77, 4, 13990, 0, 79, 5, 3, '103.74', '5.40', '2014-09-13 04:00:00', 1),
(1713, 81, 4, 12144, 0, 117, 3, 10, '100.71', '18.00', '2014-09-13 04:00:00', 1),
(1714, 78, 4, 52468, 0, 128, 6, 0, '104.93', '10.80', '2014-09-13 04:00:00', 1),
(1715, 83, 4, 1061, 0, 67, 0, 0, '1.95', '0.00', '2014-09-13 04:00:00', 1),
(1716, 85, 4, 549, 0, 36, 10, 0, '56.17', '18.00', '2014-09-13 04:00:00', 1),
(1717, 87, 4, 4844, 0, 452, 0, 0, '18.01', '0.00', '2014-09-13 04:00:00', 1),
(1718, 88, 4, 3005, 0, 112, 24, 21, '125.49', '37.80', '2014-09-13 04:00:00', 1),
(1719, 89, 4, 622, 0, 150, 0, 0, '11.07', '0.00', '2014-09-13 04:00:00', 1),
(1720, 91, 4, 93, 0, 6, 4, 0, '2.82', '7.20', '2014-09-13 04:00:00', 1),
(1721, 92, 4, 2592, 0, 40, 0, 0, '10.08', '0.00', '2014-09-13 04:00:00', 1),
(1722, 100, 4, 2755, 0, 98, 0, 25, '76.50', '25.00', '2014-09-13 04:00:00', 1),
(1723, 97, 4, 14980, 0, 1450, 0, 207, '599.72', '207.00', '2014-09-13 04:00:00', 1),
(1724, 103, 4, 3432, 0, 162, 0, 55, '126.96', '55.00', '2014-09-13 04:00:00', 1),
(1725, 110, 4, 494, 0, 11, 0, 2, '11.15', '2.00', '2014-09-13 04:00:00', 1),
(1726, 123, 4, 19212, 0, 1160, 0, 127, '339.31', '127.00', '2014-09-13 04:00:00', 1),
(1727, 117, 4, 137, 0, 11, 0, 2, '2.17', '2.00', '2014-09-13 04:00:00', 1),
(1728, 119, 4, 65, 0, 3, 0, 4, '1.71', '4.00', '2014-09-13 04:00:00', 1),
(1729, 111, 4, 3200, 0, 204, 0, 22, '43.21', '22.00', '2014-09-13 04:00:00', 1),
(1730, 114, 4, 440, 0, 20, 0, 6, '9.85', '6.00', '2014-09-13 04:00:00', 1),
(1731, 193, 4, 5680, 0, 463, 0, 0, '19.19', '0.00', '2014-09-13 04:00:00', 1),
(1732, 58, 4, 768, 0, 60, 0, 7, '4.84', '8.40', '2014-09-13 04:00:00', 1),
(1733, 63, 4, 2154, 0, 386, 0, 51, '4.70', '61.20', '2014-09-13 04:00:00', 1),
(1734, 132, 4, 2218, 0, 104, 0, 7, '28.86', '8.40', '2014-09-13 04:00:00', 1),
(1735, 136, 4, 4430, 0, 315, 0, 1, '19.98', '1.20', '2014-09-13 04:00:00', 1),
(1736, 138, 4, 38, 0, 6, 0, 0, '0.20', '0.00', '2014-09-13 04:00:00', 1),
(1737, 181, 4, 4150, 0, 489, 0, 1, '19.92', '16.00', '2014-09-13 04:00:00', 1),
(1738, 182, 4, 7070, 0, 229, 0, 76, '441.88', '1140.00', '2014-09-13 04:00:00', 1),
(1739, 205, 4, 793, 0, 70, 0, 0, '20.09', '0.00', '2014-09-13 04:00:00', 1),
(1740, 49, 4, 5582, 0, 342, 34, 0, '162.46', '30.60', '2014-09-13 04:00:00', 1),
(1741, 51, 4, 381, 0, 44, 0, 0, '29.05', '0.00', '2014-09-13 04:00:00', 1),
(1742, 52, 4, 2217, 0, 178, 37, 0, '114.90', '33.30', '2014-09-13 04:00:00', 1),
(1743, 192, 4, 568, 0, 16, 0, 0, '0.67', '0.00', '2014-09-13 04:00:00', 1),
(1744, 177, 4, 4648, 0, 665, 0, 0, '14.50', '0.00', '2014-09-13 04:00:00', 1),
(1745, 250, 4, 34475, 0, 43, 0, 0, '45.09', '51.71', '2014-09-13 04:00:00', 1),
(1746, 249, 4, 52630, 0, 64, 0, 0, '54.69', '78.95', '2014-09-13 04:00:00', 1),
(1747, 251, 4, 8888, 0, 15, 0, 0, '15.40', '13.33', '2014-09-13 04:00:00', 1),
(1748, 248, 4, 22745, 0, 29, 0, 0, '23.84', '34.12', '2014-09-13 04:00:00', 1),
(1749, 18, 4, 11079, 0, 342, 0, 128, '461.04', '985.60', '2014-09-13 04:00:00', 1),
(1750, 15, 4, 5866, 0, 341, 0, 14, '42.32', '105.10', '2014-09-13 04:00:00', 1),
(1751, 14, 4, 5078, 0, 278, 0, 10, '41.02', '77.00', '2014-09-13 04:00:00', 1),
(1752, 21, 4, 63, 0, 1, 0, 1, '0.96', '7.70', '2014-09-13 04:00:00', 1),
(1753, 16, 4, 31, 0, 1, 0, 0, '0.20', '0.00', '2014-09-13 04:00:00', 1),
(1754, 12, 4, 2, 0, 0, 0, 0, '0.00', '0.00', '2014-09-13 04:00:00', 1),
(1755, 154, 4, 58, 0, 0, 0, 0, '0.00', '0.00', '2014-09-13 04:00:00', 1),
(1756, 191, 4, 7698, 0, 491, 0, 0, '24.54', '0.00', '2014-09-13 04:00:00', 1),
(1757, 39, 4, 1964, 0, 111, 0, 0, '30.31', '0.00', '2014-09-12 04:00:00', 1),
(1758, 37, 4, 2001, 0, 5, 0, 0, '2.82', '0.00', '2014-09-12 04:00:00', 1),
(1759, 41, 4, 1175, 0, 91, 0, 3, '24.25', '2.40', '2014-09-12 04:00:00', 1),
(1760, 33, 4, 1187, 0, 56, 0, 25, '9.12', '20.00', '2014-09-12 04:00:00', 1),
(1761, 68, 4, 13411, 0, 2237, 1, 0, '301.73', '4.00', '2014-09-12 04:00:00', 1),
(1762, 64, 4, 6952, 0, 610, 2, 3, '16.35', '12.00', '2014-09-12 04:00:00', 1),
(1763, 66, 4, 8466, 0, 1374, 4, 0, '300.21', '0.00', '2014-09-12 04:00:00', 1),
(1764, 70, 4, 15593, 0, 891, 2, 0, '47.07', '0.00', '2014-09-12 04:00:00', 1),
(1765, 72, 4, 5060, 0, 156, 13, 15, '160.48', '30.00', '2014-09-12 04:00:00', 1),
(1766, 174, 4, 1395, 0, 23, 4, 0, '23.96', '6.40', '2014-09-12 04:00:00', 1),
(1767, 32, 4, 1688, 0, 68, 0, 25, '112.36', '21.25', '2014-09-12 04:00:00', 1),
(1768, 24, 4, 1788, 0, 30, 0, 6, '30.80', '5.10', '2014-09-12 04:00:00', 1),
(1769, 28, 4, 389, 0, 19, 0, 1, '3.33', '0.85', '2014-09-12 04:00:00', 1),
(1770, 35, 4, 34, 0, 1, 0, 0, '0.18', '0.00', '2014-09-12 04:00:00', 1),
(1771, 30, 4, 2951, 0, 171, 0, 3, '15.05', '2.55', '2014-09-12 04:00:00', 1),
(1772, 25, 4, 723, 0, 73, 0, 3, '19.38', '2.55', '2014-09-12 04:00:00', 1),
(1773, 26, 4, 395, 0, 13, 0, 0, '0.80', '0.00', '2014-09-12 04:00:00', 1),
(1774, 38, 4, 1381, 0, 32, 0, 2, '2.03', '1.70', '2014-09-12 04:00:00', 1),
(1775, 27, 4, 1950, 0, 162, 0, 1, '19.99', '1.20', '2014-09-12 04:00:00', 1),
(1776, 31, 4, 30, 0, 0, 0, 0, '0.00', '0.00', '2014-09-12 04:00:00', 1),
(1777, 29, 4, 128, 0, 5, 0, 2, '1.86', '2.40', '2014-09-12 04:00:00', 1),
(1778, 128, 4, 1762, 0, 137, 0, 9, '15.12', '9.00', '2014-09-12 04:00:00', 1),
(1779, 44, 4, 34441, 0, 5192, 8, 0, '100.09', '11.20', '2014-09-12 04:00:00', 1),
(1780, 45, 4, 31303, 0, 1340, 80, 0, '22.63', '112.00', '2014-09-12 04:00:00', 1),
(1781, 46, 4, 9139, 0, 126, 6, 0, '4.02', '8.40', '2014-09-12 04:00:00', 1),
(1782, 47, 4, 12423, 0, 426, 17, 0, '25.93', '23.80', '2014-09-12 04:00:00', 1),
(1783, 148, 4, 15816, 0, 370, 0, 58, '383.55', '696.00', '2014-09-12 04:00:00', 1),
(1784, 149, 4, 4984, 0, 89, 0, 10, '61.83', '120.00', '2014-09-12 04:00:00', 1),
(1785, 157, 4, 1156, 0, 18, 0, 1, '9.59', '12.00', '2014-09-12 04:00:00', 1),
(1786, 141, 4, 22142, 0, 671, 0, 92, '804.80', '1380.00', '2014-09-12 04:00:00', 1),
(1787, 130, 4, 2212, 0, 37, 0, 3, '28.01', '39.00', '2014-09-12 04:00:00', 1),
(1788, 161, 4, 11831, 0, 1226, 0, 0, '111.33', '0.00', '2014-09-12 04:00:00', 1),
(1789, 162, 4, 8528, 0, 416, 0, 0, '111.45', '0.00', '2014-09-12 04:00:00', 1),
(1790, 146, 4, 1464, 0, 50, 0, 7, '49.16', '105.00', '2014-09-12 04:00:00', 1),
(1791, 150, 4, 1959, 0, 110, 0, 37, '54.56', '444.00', '2014-09-12 04:00:00', 1),
(1792, 135, 4, 258, 0, 1, 0, 2, '1.45', '42.00', '2014-09-12 04:00:00', 1),
(1793, 143, 4, 1742, 0, 83, 0, 18, '69.73', '270.00', '2014-09-12 04:00:00', 1),
(1794, 131, 4, 424, 0, 9, 0, 2, '9.80', '26.00', '2014-09-12 04:00:00', 1),
(1795, 152, 4, 1052, 0, 36, 0, 8, '25.28', '96.00', '2014-09-12 04:00:00', 1),
(1796, 144, 4, 453, 0, 13, 0, 0, '13.43', '0.00', '2014-09-12 04:00:00', 1),
(1797, 133, 4, 1291, 0, 17, 0, 6, '26.61', '78.00', '2014-09-12 04:00:00', 1),
(1798, 155, 4, 312, 0, 12, 0, 0, '8.25', '0.00', '2014-09-12 04:00:00', 1),
(1799, 164, 4, 9116, 0, 602, 0, 0, '59.17', '0.00', '2014-09-12 04:00:00', 1),
(1800, 167, 4, 4115, 0, 816, 0, 0, '27.32', '0.00', '2014-09-12 04:00:00', 1),
(1801, 168, 4, 199022, 0, 6381, 0, 0, '674.40', '0.00', '2014-09-12 04:00:00', 1),
(1802, 169, 4, 16612, 0, 3023, 0, 0, '164.21', '0.00', '2014-09-12 04:00:00', 1),
(1803, 170, 4, 5734, 0, 407, 1, 0, '44.07', '0.00', '2014-09-12 04:00:00', 1),
(1804, 137, 4, 121, 0, 12, 0, 2, '19.42', '42.00', '2014-09-12 04:00:00', 1),
(1805, 171, 4, 227, 0, 7, 0, 0, '0.87', '0.00', '2014-09-12 04:00:00', 1),
(1806, 139, 4, 52, 0, 3, 0, 2, '3.97', '42.00', '2014-09-12 04:00:00', 1),
(1807, 147, 4, 74, 0, 11, 0, 3, '13.90', '45.00', '2014-09-12 04:00:00', 1),
(1808, 158, 4, 83, 0, 6, 0, 3, '3.61', '36.00', '2014-09-12 04:00:00', 1),
(1809, 172, 4, 476, 0, 80, 0, 0, '11.10', '0.00', '2014-09-12 04:00:00', 1),
(1810, 159, 4, 31, 0, 9, 0, 5, '11.98', '60.00', '2014-09-12 04:00:00', 1),
(1811, 173, 4, 676, 0, 97, 0, 0, '12.10', '0.00', '2014-09-12 04:00:00', 1),
(1812, 140, 4, 1129, 0, 24, 0, 3, '42.95', '63.00', '2014-09-12 04:00:00', 1),
(1813, 145, 4, 3114, 0, 140, 18, 0, '158.05', '32.40', '2014-09-12 04:00:00', 1),
(1814, 151, 4, 373, 0, 22, 4, 0, '15.77', '7.20', '2014-09-12 04:00:00', 1),
(1815, 153, 4, 454, 0, 9, 0, 0, '6.21', '0.00', '2014-09-12 04:00:00', 1),
(1816, 156, 4, 3828, 0, 102, 6, 0, '76.43', '10.80', '2014-09-12 04:00:00', 1),
(1817, 160, 4, 1137, 0, 21, 1, 0, '14.49', '1.80', '2014-09-12 04:00:00', 1),
(1818, 175, 4, 742, 0, 86, 0, 7, '32.82', '14.00', '2014-09-12 04:00:00', 1),
(1819, 178, 4, 1459, 0, 203, 0, 0, '20.01', '0.00', '2014-09-12 04:00:00', 1),
(1820, 65, 4, 3635, 0, 186, 75, 78, '114.65', '140.40', '2014-09-12 04:00:00', 1),
(1821, 69, 4, 335, 0, 10, 2, 3, '5.65', '5.40', '2014-09-12 04:00:00', 1),
(1822, 73, 4, 400, 0, 22, 7, 0, '40.82', '12.60', '2014-09-12 04:00:00', 1),
(1823, 71, 4, 5898, 0, 219, 71, 0, '405.69', '127.80', '2014-09-12 04:00:00', 1),
(1824, 77, 4, 18074, 0, 107, 6, 4, '100.81', '7.20', '2014-09-12 04:00:00', 1),
(1825, 81, 4, 15614, 0, 117, 3, 6, '91.16', '10.80', '2014-09-12 04:00:00', 1),
(1826, 78, 4, 9768, 0, 26, 1, 0, '18.38', '1.80', '2014-09-12 04:00:00', 1),
(1827, 83, 4, 458, 0, 28, 0, 0, '0.76', '0.00', '2014-09-12 04:00:00', 1),
(1828, 85, 4, 504, 0, 28, 7, 9, '49.88', '16.20', '2014-09-12 04:00:00', 1),
(1829, 87, 4, 4610, 0, 380, 0, 0, '13.89', '0.00', '2014-09-12 04:00:00', 1),
(1830, 88, 4, 2837, 0, 108, 15, 17, '125.43', '30.60', '2014-09-12 04:00:00', 1),
(1831, 89, 4, 464, 0, 103, 0, 0, '7.55', '0.00', '2014-09-12 04:00:00', 1),
(1832, 91, 4, 30, 0, 4, 2, 2, '2.63', '3.60', '2014-09-12 04:00:00', 1),
(1833, 92, 4, 2540, 0, 54, 0, 0, '13.32', '0.00', '2014-09-12 04:00:00', 1),
(1834, 100, 4, 1520, 0, 39, 1, 15, '23.50', '15.00', '2014-09-12 04:00:00', 1),
(1835, 97, 4, 12058, 0, 1014, 74, 126, '347.20', '126.00', '2014-09-12 04:00:00', 1),
(1836, 103, 4, 2877, 0, 105, 18, 33, '84.10', '33.00', '2014-09-12 04:00:00', 1),
(1837, 110, 4, 248, 0, 15, 3, 5, '16.08', '5.00', '2014-09-12 04:00:00', 1),
(1838, 123, 4, 15184, 0, 783, 27, 49, '257.51', '49.00', '2014-09-12 04:00:00', 1),
(1839, 117, 4, 83, 0, 18, 2, 4, '3.69', '4.00', '2014-09-12 04:00:00', 1),
(1840, 119, 4, 99, 0, 7, 3, 0, '3.05', '3.00', '2014-09-12 04:00:00', 1),
(1841, 111, 4, 2010, 0, 114, 5, 6, '33.36', '6.00', '2014-09-12 04:00:00', 1),
(1842, 114, 4, 299, 0, 14, 2, 0, '8.36', '2.00', '2014-09-12 04:00:00', 1),
(1843, 193, 4, 4057, 0, 385, 3, 4, '19.64', '4.00', '2014-09-12 04:00:00', 1),
(1844, 58, 4, 698, 0, 46, 0, 0, '3.00', '0.00', '2014-09-12 04:00:00', 1),
(1845, 63, 4, 1745, 0, 299, 1, 24, '3.54', '28.80', '2014-09-12 04:00:00', 1),
(1846, 132, 4, 2034, 0, 77, 0, 0, '18.06', '0.00', '2014-09-12 04:00:00', 1),
(1847, 136, 4, 3374, 0, 254, 0, 1, '20.04', '1.20', '2014-09-12 04:00:00', 1),
(1848, 138, 4, 79, 0, 4, 0, 0, '0.13', '0.00', '2014-09-12 04:00:00', 1),
(1849, 181, 4, 4155, 0, 480, 0, 0, '19.57', '0.00', '2014-09-12 04:00:00', 1),
(1850, 182, 4, 7367, 0, 246, 0, 77, '440.43', '1155.00', '2014-09-12 04:00:00', 1),
(1851, 205, 4, 730, 0, 68, 0, 0, '21.08', '0.00', '2014-09-12 04:00:00', 1),
(1852, 49, 4, 5293, 0, 315, 33, 0, '133.60', '29.70', '2014-09-12 04:00:00', 1),
(1853, 51, 4, 3662, 0, 699, 2, 0, '21.39', '1.80', '2014-09-12 04:00:00', 1),
(1854, 52, 4, 1653, 0, 137, 23, 0, '87.65', '20.70', '2014-09-12 04:00:00', 1),
(1855, 192, 4, 819, 0, 19, 0, 0, '0.79', '0.00', '2014-09-12 04:00:00', 1),
(1856, 177, 4, 4659, 0, 678, 0, 1, '14.96', '9.00', '2014-09-12 04:00:00', 1),
(1857, 250, 4, 29071, 0, 38, 0, 0, '45.42', '43.61', '2014-09-12 04:00:00', 1),
(1858, 249, 4, 28323, 0, 53, 0, 0, '55.87', '42.48', '2014-09-12 04:00:00', 1),
(1859, 251, 4, 4517, 0, 6, 0, 0, '7.24', '6.78', '2014-09-12 04:00:00', 1),
(1860, 248, 4, 55574, 0, 74, 0, 0, '87.55', '83.36', '2014-09-12 04:00:00', 1),
(1861, 18, 4, 12070, 0, 314, 0, 0, '387.60', '0.00', '2014-09-12 04:00:00', 1),
(1862, 19, 4, 262, 0, 5, 0, 0, '4.00', '0.00', '2014-09-12 04:00:00', 1),
(1863, 13, 4, 123, 0, 4, 0, 0, '0.13', '0.00', '2014-09-12 04:00:00', 1),
(1864, 15, 4, 5021, 0, 282, 0, 0, '39.68', '0.00', '2014-09-12 04:00:00', 1),
(1865, 20, 4, 19, 0, 0, 0, 0, '0.00', '0.00', '2014-09-12 04:00:00', 1),
(1866, 17, 4, 106, 0, 0, 0, 0, '0.00', '0.00', '2014-09-12 04:00:00', 1),
(1867, 11, 4, 3509, 0, 77, 0, 0, '23.65', '0.00', '2014-09-12 04:00:00', 1),
(1868, 14, 4, 5969, 0, 416, 0, 0, '59.52', '0.00', '2014-09-12 04:00:00', 1),
(1869, 21, 4, 107, 0, 1, 0, 0, '0.72', '0.00', '2014-09-12 04:00:00', 1),
(1870, 16, 4, 31, 0, 5, 0, 0, '0.89', '0.00', '2014-09-12 04:00:00', 1),
(1871, 12, 4, 1, 0, 0, 0, 0, '0.00', '0.00', '2014-09-12 04:00:00', 1),
(1872, 154, 4, 74, 0, 0, 0, 0, '0.00', '0.00', '2014-09-12 04:00:00', 1),
(1873, 191, 4, 5612, 0, 434, 0, 0, '23.24', '0.00', '2014-09-12 04:00:00', 1),
(1874, 106, 22, 11253, 0, 156, 1, 0, '3.12', '1.80', '2014-09-12 04:00:00', 0),
(1875, 225, 22, 11, 0, 0, 0, 0, '0.00', '0.00', '2014-09-12 04:00:00', 0),
(1876, 254, 22, 152137, 0, 1626, 0, 0, '48.78', '0.00', '2014-09-12 04:00:00', 0),
(1877, 256, 22, 5026, 0, 36, 0, 0, '1.08', '0.00', '2014-09-12 04:00:00', 0),
(1878, 125, 7, 116822, 0, 401, 5, 6, '4.01', '6.00', '2014-09-12 04:00:00', 1),
(1879, 253, 7, 69581, 0, 275, 0, 1, '2.75', '1.00', '2014-09-12 04:00:00', 1),
(1880, 207, 7, 12023, 0, 250, 0, 0, '9.96', '0.00', '2014-09-12 04:00:00', 1),
(1881, 40, 7, 5888, 0, 9, 0, 0, '0.27', '0.00', '2014-09-12 04:00:00', 1),
(1882, 213, 7, 572, 0, 1, 0, 0, '0.06', '0.00', '2014-09-12 04:00:00', 1),
(1883, 265, 7, 286, 0, 1, 0, 0, '0.03', '0.00', '2014-09-12 04:00:00', 1),
(1884, 202, 8, 70310, 0, 498, 14, 0, '9.96', '19.60', '2014-09-12 04:00:00', 1),
(1885, 223, 8, 41430, 0, 102, 0, 1, '1.02', '13.00', '2014-09-12 04:00:00', 1),
(1886, 84, 8, 40947, 0, 271, 1, 3, '2.71', '3.00', '2014-09-12 04:00:00', 1),
(1887, 50, 8, 28999, 0, 208, 14, 0, '6.24', '19.60', '2014-09-12 04:00:00', 1),
(1888, 201, 8, 10631, 0, 78, 3, 0, '1.56', '4.20', '2014-09-12 04:00:00', 1),
(1889, 86, 8, 1642, 0, 11, 0, 1, '0.28', '1.00', '2014-09-12 04:00:00', 1),
(1890, 268, 8, 668, 0, 4, 0, 0, '0.08', '0.00', '2014-09-12 04:00:00', 1),
(1891, 163, 6, 11376, 0, 292, 18, 0, '14.60', '32.40', '2014-09-12 04:00:00', 1),
(1892, 198, 6, 177, 0, 13, 0, 0, '0.78', '0.00', '2014-09-12 04:00:00', 1),
(1893, 259, 6, 346, 0, 36, 6, 0, '1.80', '7.20', '2014-09-12 04:00:00', 1),
(1894, 176, 2, 0, 0, 49, 0, 1, '1.47', '9.00', '2014-09-12 04:00:00', 1),
(1895, 272, 3, 4363, 0, 14, 0, 0, '2.84', '0.00', '2014-09-14 04:00:00', 1),
(1896, 271, 3, 899, 0, 4, 0, 0, '0.54', '0.00', '2014-09-14 04:00:00', 1),
(1897, 197, 3, 62387, 0, 196, 0, 3, '3.76', '45.00', '2014-09-14 04:00:00', 1),
(1898, 127, 3, 71092, 0, 608, 0, 21, '18.24', '21.00', '2014-09-14 04:00:00', 1),
(1899, 270, 3, 598, 0, 12, 0, 0, '0.36', '0.00', '2014-09-14 04:00:00', 1),
(1900, 257, 3, 15930, 0, 0, 0, 0, '3.19', '23.90', '2014-09-14 04:00:00', 1),
(1901, 228, 3, 69709, 0, 578, 0, 33, '11.56', '26.40', '2014-09-14 04:00:00', 1),
(1902, 264, 3, 2014, 0, 39, 0, 0, '3.78', '5.85', '2014-09-14 04:00:00', 1),
(1903, 179, 3, 1392, 0, 5, 0, 0, '0.05', '0.00', '2014-09-14 04:00:00', 1),
(1904, 243, 3, 28550, 0, 78, 0, 0, '6.08', '9.36', '2014-09-14 04:00:00', 1),
(1905, 43, 3, 156664, 0, 1560, 0, 34, '13.71', '27.20', '2014-09-14 04:00:00', 1),
(1906, 203, 3, 2276, 0, 8, 0, 0, '0.12', '0.00', '2014-09-14 04:00:00', 1),
(1907, 227, 3, 35162, 0, 439, 0, 24, '13.17', '19.20', '2014-09-14 04:00:00', 1),
(1908, 180, 3, 36, 0, 3, 0, 0, '0.06', '0.00', '2014-09-14 04:00:00', 1),
(1909, 36, 1, 41161, 0, 921, 0, 8, '9.21', '9.60', '2014-09-15 04:00:00', 1),
(1910, 278, 1, 24080, 0, 996, 4, 0, '9.96', '18.00', '2014-09-15 04:00:00', 1),
(1911, 99, 1, 9058, 0, 226, 0, 2, '3.39', '3.60', '2014-09-15 04:00:00', 1),
(1912, 101, 1, 8984, 0, 222, 0, 4, '3.33', '7.20', '2014-09-15 04:00:00', 1),
(1913, 196, 1, 1975, 0, 67, 0, 0, '1.00', '0.00', '2014-09-15 04:00:00', 1),
(1914, 55, 1, 1294, 0, 0, 0, 5, '7.76', '6.00', '2014-09-15 04:00:00', 1),
(1915, 129, 1, 632, 0, 0, 0, 4, '3.79', '4.00', '2014-09-15 04:00:00', 1),
(1916, 34, 1, 585, 0, 60, 0, 0, '0.90', '0.00', '2014-09-15 04:00:00', 1),
(1917, 208, 1, 131, 0, 28, 0, 0, '0.42', '0.00', '2014-09-15 04:00:00', 1),
(1918, 272, 3, 3905, 0, 23, 0, 0, '2.54', '0.00', '2014-09-15 04:00:00', 1),
(1919, 271, 3, 778, 0, 5, 0, 0, '0.47', '0.00', '2014-09-15 04:00:00', 1),
(1920, 264, 3, 2513, 0, 37, 0, 0, '3.59', '5.55', '2014-09-15 04:00:00', 1),
(1921, 179, 3, 1467, 0, 17, 0, 0, '0.17', '0.00', '2014-09-15 04:00:00', 1),
(1922, 243, 3, 29096, 0, 103, 0, 0, '8.03', '12.36', '2014-09-15 04:00:00', 1),
(1923, 43, 3, 167217, 0, 2341, 0, 36, '14.18', '28.80', '2014-09-15 04:00:00', 1),
(1924, 203, 3, 3724, 0, 13, 0, 0, '0.35', '0.00', '2014-09-15 04:00:00', 1),
(1925, 227, 3, 45875, 0, 499, 0, 27, '14.97', '21.60', '2014-09-15 04:00:00', 1),
(1926, 180, 3, 56, 0, 9, 0, 0, '0.18', '0.00', '2014-09-15 04:00:00', 1),
(1927, 197, 3, 62935, 0, 256, 0, 1, '3.84', '15.00', '2014-09-15 04:00:00', 1),
(1928, 127, 3, 66846, 0, 707, 0, 13, '19.25', '13.00', '2014-09-15 04:00:00', 1),
(1929, 270, 3, 576, 0, 5, 0, 1, '0.35', '13.00', '2014-09-15 04:00:00', 1),
(1930, 257, 3, 32283, 0, 0, 0, 0, '6.46', '48.42', '2014-09-15 04:00:00', 1),
(1931, 228, 3, 63096, 0, 749, 0, 33, '14.98', '26.40', '2014-09-15 04:00:00', 1),
(1932, 273, 3, 19782, 0, 0, 0, 0, '5.93', '19.78', '2014-09-15 04:00:00', 1),
(1933, 253, 7, 40476, 0, 161, 0, 0, '1.61', '0.00', '2014-09-15 04:00:00', 1),
(1934, 125, 7, 38109, 0, 156, 0, 7, '1.56', '7.00', '2014-09-15 04:00:00', 1),
(1935, 40, 7, 627, 0, 2, 0, 0, '0.06', '0.00', '2014-09-15 04:00:00', 1),
(1936, 265, 7, 405, 0, 7, 0, 0, '0.21', '0.00', '2014-09-15 04:00:00', 1),
(1937, 213, 7, 383, 0, 4, 0, 1, '0.24', '1.20', '2014-09-15 04:00:00', 1),
(1938, 202, 8, 114821, 0, 766, 25, 0, '15.84', '35.00', '2014-09-15 04:00:00', 1),
(1939, 223, 8, 33626, 0, 107, 0, 2, '1.07', '26.00', '2014-09-15 04:00:00', 1),
(1940, 50, 8, 26996, 0, 195, 21, 0, '6.13', '29.40', '2014-09-15 04:00:00', 1),
(1941, 201, 8, 20550, 0, 223, 9, 0, '6.69', '12.60', '2014-09-15 04:00:00', 1),
(1942, 268, 8, 1748, 0, 9, 0, 19, '0.18', '15.20', '2014-09-15 04:00:00', 1),
(1943, 84, 8, 1, 0, 0, 0, 0, '0.00', '0.00', '2014-09-15 04:00:00', 1),
(1944, 163, 6, 18079, 0, 517, 24, 0, '29.22', '43.20', '2014-09-15 04:00:00', 1),
(1945, 198, 6, 297, 0, 32, 0, 7, '2.18', '8.40', '2014-09-15 04:00:00', 1),
(1946, 259, 6, 381, 0, 31, 0, 4, '1.99', '4.80', '2014-09-15 04:00:00', 1),
(1947, 176, 2, 0, 0, 45, 0, 0, '1.35', '0.00', '2014-09-15 04:00:00', 1),
(1948, 39, 4, 1589, 0, 120, 0, 0, '23.92', '0.00', '2014-09-15 04:00:00', 1),
(1949, 37, 4, 2794, 0, 6, 0, 1, '2.88', '0.80', '2014-09-15 04:00:00', 1),
(1950, 41, 4, 1075, 0, 92, 0, 12, '22.24', '9.60', '2014-09-15 04:00:00', 1),
(1951, 33, 4, 1592, 0, 90, 0, 27, '10.95', '21.60', '2014-09-15 04:00:00', 1),
(1952, 68, 4, 15445, 0, 2084, 1, 0, '318.13', '4.00', '2014-09-15 04:00:00', 1),
(1953, 64, 4, 8025, 0, 683, 0, 0, '17.99', '0.00', '2014-09-15 04:00:00', 1),
(1954, 66, 4, 9129, 0, 1433, 4, 0, '319.80', '0.00', '2014-09-15 04:00:00', 1),
(1955, 70, 4, 8599, 0, 488, 0, 0, '24.60', '0.00', '2014-09-15 04:00:00', 1),
(1956, 72, 4, 5793, 0, 153, 21, 0, '162.66', '42.00', '2014-09-15 04:00:00', 1),
(1957, 174, 4, 638, 0, 3, 0, 0, '2.52', '0.00', '2014-09-15 04:00:00', 1),
(1958, 32, 4, 1998, 0, 91, 0, 26, '144.13', '22.10', '2014-09-15 04:00:00', 1),
(1959, 24, 4, 2634, 0, 62, 0, 17, '65.36', '14.45', '2014-09-15 04:00:00', 1),
(1960, 28, 4, 2415, 0, 179, 0, 27, '30.08', '22.95', '2014-09-15 04:00:00', 1),
(1961, 35, 4, 36, 0, 1, 0, 0, '0.28', '0.00', '2014-09-15 04:00:00', 1),
(1962, 30, 4, 11114, 0, 568, 0, 10, '70.75', '8.50', '2014-09-15 04:00:00', 1),
(1963, 25, 4, 725, 0, 66, 0, 6, '17.39', '5.10', '2014-09-15 04:00:00', 1),
(1964, 26, 4, 15878, 0, 919, 0, 33, '106.32', '28.05', '2014-09-15 04:00:00', 1),
(1965, 38, 4, 3815, 0, 221, 0, 16, '36.36', '13.60', '2014-09-15 04:00:00', 1),
(1966, 27, 4, 3143, 0, 162, 0, 9, '11.21', '10.80', '2014-09-15 04:00:00', 1),
(1967, 31, 4, 28, 0, 1, 0, 0, '1.05', '0.00', '2014-09-15 04:00:00', 1),
(1968, 29, 4, 47, 0, 2, 0, 0, '0.66', '0.00', '2014-09-15 04:00:00', 1),
(1969, 128, 4, 2176, 0, 195, 0, 14, '21.74', '14.00', '2014-09-15 04:00:00', 1),
(1970, 44, 4, 33552, 0, 5389, 7, 0, '106.62', '9.80', '2014-09-15 04:00:00', 1),
(1971, 45, 4, 54370, 0, 2421, 137, 0, '83.04', '191.80', '2014-09-15 04:00:00', 1),
(1972, 46, 4, 11178, 0, 179, 4, 0, '11.53', '5.60', '2014-09-15 04:00:00', 1),
(1973, 47, 4, 13942, 0, 480, 18, 0, '31.89', '25.20', '2014-09-15 04:00:00', 1),
(1974, 148, 4, 8466, 0, 176, 0, 26, '188.63', '312.00', '2014-09-15 04:00:00', 1),
(1975, 149, 4, 1842, 0, 19, 0, 2, '16.15', '24.00', '2014-09-15 04:00:00', 1),
(1976, 157, 4, 876, 0, 14, 0, 0, '7.61', '0.00', '2014-09-15 04:00:00', 1),
(1977, 141, 4, 14815, 0, 423, 0, 59, '558.27', '885.00', '2014-09-15 04:00:00', 1),
(1978, 130, 4, 1434, 0, 31, 0, 7, '30.78', '91.00', '2014-09-15 04:00:00', 1),
(1979, 161, 4, 11531, 0, 1112, 0, 18, '116.15', '234.00', '2014-09-15 04:00:00', 1),
(1980, 162, 4, 3645, 0, 286, 0, 19, '118.42', '239.00', '2014-09-15 04:00:00', 1),
(1981, 146, 4, 2217, 0, 40, 0, 10, '36.55', '150.00', '2014-09-15 04:00:00', 1),
(1982, 150, 4, 1655, 0, 75, 0, 20, '54.72', '240.00', '2014-09-15 04:00:00', 1),
(1983, 135, 4, 397, 0, 7, 0, 1, '9.53', '21.00', '2014-09-15 04:00:00', 1),
(1984, 143, 4, 1807, 0, 78, 0, 9, '68.93', '135.00', '2014-09-15 04:00:00', 1),
(1985, 131, 4, 704, 0, 24, 0, 5, '24.76', '65.00', '2014-09-15 04:00:00', 1),
(1986, 152, 4, 1786, 0, 36, 0, 19, '24.66', '228.00', '2014-09-15 04:00:00', 1),
(1987, 144, 4, 339, 0, 15, 0, 5, '18.01', '75.00', '2014-09-15 04:00:00', 1),
(1988, 133, 4, 623, 0, 17, 0, 6, '27.97', '78.00', '2014-09-15 04:00:00', 1),
(1989, 155, 4, 97, 0, 3, 0, 2, '2.72', '24.00', '2014-09-15 04:00:00', 1),
(1990, 164, 4, 12271, 0, 775, 0, 30, '94.64', '384.00', '2014-09-15 04:00:00', 1),
(1991, 167, 4, 764, 0, 151, 0, 1, '6.17', '13.00', '2014-09-15 04:00:00', 1),
(1992, 168, 4, 9506, 0, 1156, 0, 11, '117.90', '139.00', '2014-09-15 04:00:00', 1),
(1993, 169, 4, 6992, 0, 1030, 0, 23, '93.32', '300.00', '2014-09-15 04:00:00', 1),
(1994, 170, 4, 9777, 0, 795, 0, 17, '94.58', '219.00', '2014-09-15 04:00:00', 1),
(1995, 137, 4, 88, 0, 0, 0, 0, '0.00', '0.00', '2014-09-15 04:00:00', 1),
(1996, 171, 4, 262, 0, 9, 0, 0, '0.94', '0.00', '2014-09-15 04:00:00', 1),
(1997, 139, 4, 34, 0, 2, 0, 4, '1.59', '84.00', '2014-09-15 04:00:00', 1),
(1998, 147, 4, 118, 0, 3, 0, 2, '2.28', '30.00', '2014-09-15 04:00:00', 1),
(1999, 158, 4, 88, 0, 3, 0, 1, '1.39', '12.00', '2014-09-15 04:00:00', 1),
(2000, 172, 4, 718, 0, 96, 0, 11, '15.19', '149.00', '2014-09-15 04:00:00', 1),
(2001, 159, 4, 8, 0, 0, 0, 0, '0.00', '0.00', '2014-09-15 04:00:00', 1),
(2002, 173, 4, 758, 0, 113, 0, 1, '19.86', '12.00', '2014-09-15 04:00:00', 1),
(2003, 140, 4, 763, 0, 21, 0, 2, '33.96', '42.00', '2014-09-15 04:00:00', 1),
(2004, 145, 4, 3063, 0, 161, 18, 0, '180.62', '32.40', '2014-09-15 04:00:00', 1),
(2005, 151, 4, 405, 0, 13, 1, 0, '10.14', '1.80', '2014-09-15 04:00:00', 1),
(2006, 153, 4, 557, 0, 10, 0, 0, '4.55', '0.00', '2014-09-15 04:00:00', 1),
(2007, 156, 4, 3494, 0, 94, 5, 0, '73.55', '9.00', '2014-09-15 04:00:00', 1),
(2008, 160, 4, 1506, 0, 26, 2, 0, '22.03', '3.60', '2014-09-15 04:00:00', 1),
(2009, 175, 4, 778, 0, 65, 0, 4, '27.86', '8.00', '2014-09-15 04:00:00', 1),
(2010, 178, 4, 1583, 0, 226, 0, 0, '21.20', '0.00', '2014-09-15 04:00:00', 1),
(2011, 65, 4, 4403, 0, 283, 28, 117, '204.78', '210.60', '2014-09-15 04:00:00', 1),
(2012, 69, 4, 810, 0, 32, 0, 10, '40.53', '18.00', '2014-09-15 04:00:00', 1),
(2013, 73, 4, 420, 0, 17, 0, 8, '49.44', '14.40', '2014-09-15 04:00:00', 1),
(2014, 71, 4, 5842, 0, 193, 9, 76, '410.81', '136.80', '2014-09-15 04:00:00', 1),
(2015, 77, 4, 19124, 0, 98, 0, 1, '108.08', '1.80', '2014-09-15 04:00:00', 1),
(2016, 81, 4, 13457, 0, 142, 0, 2, '107.36', '3.60', '2014-09-15 04:00:00', 1);
INSERT INTO `daily_report` (`id`, `campaigns_id`, `networks_id`, `imp`, `imp_adv`, `clics`, `conv_api`, `conv_adv`, `spend`, `revenue`, `date`, `is_from_api`) VALUES
(2017, 78, 4, 16728, 0, 44, 2, 0, '34.44', '3.60', '2014-09-15 04:00:00', 1),
(2018, 83, 4, 103, 0, 8, 0, 0, '0.38', '0.00', '2014-09-15 04:00:00', 1),
(2019, 85, 4, 799, 0, 64, 2, 12, '89.77', '21.60', '2014-09-15 04:00:00', 1),
(2020, 87, 4, 2089, 0, 182, 1, 0, '8.30', '1.80', '2014-09-15 04:00:00', 1),
(2021, 88, 4, 2784, 0, 111, 4, 20, '142.92', '36.00', '2014-09-15 04:00:00', 1),
(2022, 89, 4, 188, 0, 53, 0, 0, '3.85', '0.00', '2014-09-15 04:00:00', 1),
(2023, 91, 4, 106, 0, 7, 0, 4, '6.34', '7.20', '2014-09-15 04:00:00', 1),
(2024, 92, 4, 1711, 0, 32, 0, 5, '8.32', '9.00', '2014-09-15 04:00:00', 1),
(2025, 100, 4, 2127, 0, 89, 0, 30, '57.10', '30.00', '2014-09-15 04:00:00', 1),
(2026, 97, 4, 12014, 0, 1151, 0, 163, '705.54', '163.00', '2014-09-15 04:00:00', 1),
(2027, 103, 4, 2594, 0, 119, 0, 35, '100.03', '35.00', '2014-09-15 04:00:00', 1),
(2028, 110, 4, 309, 0, 16, 0, 4, '22.35', '4.00', '2014-09-15 04:00:00', 1),
(2029, 123, 4, 16187, 0, 1075, 0, 102, '330.72', '102.00', '2014-09-15 04:00:00', 1),
(2030, 117, 4, 89, 0, 14, 0, 3, '3.52', '3.00', '2014-09-15 04:00:00', 1),
(2031, 119, 4, 46, 0, 4, 0, 1, '2.25', '1.00', '2014-09-15 04:00:00', 1),
(2032, 111, 4, 2212, 0, 134, 0, 12, '32.41', '12.00', '2014-09-15 04:00:00', 1),
(2033, 114, 4, 319, 0, 19, 0, 3, '9.23', '3.00', '2014-09-15 04:00:00', 1),
(2034, 193, 4, 6968, 0, 439, 2, 0, '20.66', '2.00', '2014-09-15 04:00:00', 1),
(2035, 58, 4, 1186, 0, 83, 0, 3, '4.86', '3.60', '2014-09-15 04:00:00', 1),
(2036, 63, 4, 8165, 0, 854, 0, 39, '36.40', '46.80', '2014-09-15 04:00:00', 1),
(2037, 132, 4, 2587, 0, 135, 0, 7, '35.71', '8.40', '2014-09-15 04:00:00', 1),
(2038, 136, 4, 1950, 0, 121, 0, 0, '7.33', '0.00', '2014-09-15 04:00:00', 1),
(2039, 138, 4, 8, 0, 1, 0, 0, '0.03', '0.00', '2014-09-15 04:00:00', 1),
(2040, 181, 4, 1909, 0, 249, 0, 0, '10.30', '0.00', '2014-09-15 04:00:00', 1),
(2041, 182, 4, 7630, 0, 221, 0, 70, '432.64', '1050.00', '2014-09-15 04:00:00', 1),
(2042, 205, 4, 774, 0, 65, 0, 0, '21.14', '0.00', '2014-09-15 04:00:00', 1),
(2043, 49, 4, 3603, 0, 211, 16, 0, '86.94', '14.40', '2014-09-15 04:00:00', 1),
(2044, 51, 4, 182, 0, 18, 0, 0, '21.17', '0.00', '2014-09-15 04:00:00', 1),
(2045, 52, 4, 1604, 0, 79, 12, 0, '56.98', '10.80', '2014-09-15 04:00:00', 1),
(2046, 192, 4, 110, 0, 4, 0, 0, '0.10', '0.00', '2014-09-15 04:00:00', 1),
(2047, 293, 4, 94, 0, 0, 0, 0, '0.00', '0.14', '2014-09-15 04:00:00', 1),
(2048, 177, 4, 5115, 0, 776, 0, 0, '17.07', '0.00', '2014-09-15 04:00:00', 1),
(2049, 250, 4, 54615, 0, 56, 0, 0, '49.95', '81.92', '2014-09-15 04:00:00', 1),
(2050, 249, 4, 42012, 0, 52, 0, 0, '47.60', '63.02', '2014-09-15 04:00:00', 1),
(2051, 251, 4, 4516, 0, 6, 0, 0, '3.97', '6.77', '2014-09-15 04:00:00', 1),
(2052, 248, 4, 151254, 0, 126, 0, 0, '83.28', '226.88', '2014-09-15 04:00:00', 1),
(2053, 18, 4, 11663, 0, 359, 0, 142, '448.40', '1093.40', '2014-09-15 04:00:00', 1),
(2054, 15, 4, 5285, 0, 264, 0, 11, '40.07', '82.00', '2014-09-15 04:00:00', 1),
(2055, 14, 4, 7221, 0, 438, 0, 17, '65.69', '130.90', '2014-09-15 04:00:00', 1),
(2056, 21, 4, 70, 0, 2, 0, 1, '1.45', '7.70', '2014-09-15 04:00:00', 1),
(2057, 16, 4, 42, 0, 0, 0, 0, '0.00', '0.00', '2014-09-15 04:00:00', 1),
(2058, 12, 4, 2, 0, 0, 0, 0, '0.00', '0.00', '2014-09-15 04:00:00', 1),
(2059, 154, 4, 7705, 0, 235, 0, 0, '138.50', '0.00', '2014-09-15 04:00:00', 1),
(2060, 191, 4, 5492, 0, 811, 0, 0, '23.99', '0.00', '2014-09-15 04:00:00', 1),
(2061, 104, 22, 1930, 0, 20, 0, 0, '0.67', '0.00', '2014-09-15 04:00:00', 0),
(2062, 106, 22, 8288, 0, 130, 0, 0, '3.95', '0.00', '2014-09-15 04:00:00', 0),
(2063, 238, 5, 14376, 0, 358, 3, 0, '10.02', '4.20', '2014-09-15 04:00:00', 0),
(2064, 48, 5, 34605, 0, 652, 5, 0, '5.22', '7.00', '2014-09-15 04:00:00', 0),
(2065, 62, 5, 4595, 0, 102, 4, 6, '6.12', '7.20', '2014-09-15 04:00:00', 0),
(2066, 232, 25, 0, 0, 66, 4, 0, '1.28', '5.20', '2014-09-14 04:00:00', 0),
(2067, 230, 25, 4644, 0, 10, 0, 0, '0.70', '0.00', '2014-09-15 04:00:00', 0),
(2068, 224, 26, 6248, 0, 14, 0, 0, '0.54', '0.00', '2014-09-15 04:00:00', 0),
(2069, 108, 22, 2137, 0, 20, 0, 0, '0.66', '0.00', '2014-09-15 04:00:00', 0),
(2070, 225, 22, 147, 0, 1, 0, 0, '0.03', '0.00', '2014-09-15 04:00:00', 0),
(2071, 226, 22, 1914, 0, 22, 0, 3, '0.65', '5.40', '2014-09-15 04:00:00', 0),
(2072, 256, 22, 1876, 0, 13, 0, 1, '0.50', '1.80', '2014-09-15 04:00:00', 0),
(2073, 219, 5, 2385, 0, 1167, 0, 63, '70.00', '945.00', '2014-09-15 04:00:00', 0),
(2074, 126, 5, 213, 0, 103, 0, 5, '1.05', '5.00', '2014-09-15 04:00:00', 0),
(2075, 165, 5, 1135, 0, 286, 13, 0, '20.00', '23.40', '2014-09-15 04:00:00', 0),
(2076, 269, 5, 371, 0, 371, 0, 0, '10.02', '0.00', '2014-09-15 04:00:00', 0),
(2077, 236, 25, 0, 0, 0, 0, 1, '0.00', '1.20', '2014-09-15 04:00:00', 0),
(2078, 232, 25, 0, 0, 66, 2, 0, '1.28', '2.60', '2014-09-15 04:00:00', 0);

--
-- Dumping data for table `multi_rate`
--

INSERT INTO `multi_rate` (`id`, `daily_report_id`, `carriers_id_carrier`, `rate`, `conv`) VALUES
(1, 1557, 405, '12.00', 2),
(2, 1557, 403, '15.00', 3),
(3, 1557, 418, '13.00', 7),
(4, 2055, 405, '4.00', 0),
(5, 2055, 403, '5.00', 0),
(6, 2055, 418, '7.70', 17),
(7, 2054, 405, '4.00', 0),
(8, 2054, 403, '5.00', 1),
(9, 2054, 418, '7.70', 10),
(10, 1750, 405, '4.00', 0),
(11, 1750, 403, '5.00', 1),
(12, 1750, 418, '7.70', 13),
(13, 1611, 405, '4.00', 0),
(14, 1611, 403, '5.00', 1),
(15, 1611, 418, '7.70', 11),
(16, 1751, 405, '4.00', 0),
(17, 1751, 403, '5.00', 0),
(18, 1751, 418, '7.70', 10),
(19, 2002, 405, '12.00', 1),
(20, 2002, 403, '15.00', 0),
(21, 2002, 418, '13.00', 0),
(22, 2000, 405, '12.00', 2),
(23, 2000, 403, '15.00', 4),
(24, 2000, 418, '13.00', 5),
(25, 1994, 405, '12.00', 6),
(26, 1994, 403, '15.00', 2),
(27, 1994, 418, '13.00', 9),
(28, 1737, 418, '16.00', 1),
(29, 1993, 405, '12.00', 11),
(30, 1993, 403, '15.00', 6),
(31, 1993, 418, '13.00', 6),
(32, 1992, 405, '12.00', 6),
(33, 1992, 403, '15.00', 1),
(34, 1992, 418, '13.00', 4),
(35, 1991, 418, '13.00', 1),
(36, 1990, 405, '12.00', 12),
(37, 1990, 403, '15.00', 3),
(38, 1990, 418, '13.00', 15),
(39, 1980, 405, '13.00', 8),
(40, 1980, 403, '15.00', 1),
(41, 1980, 418, '12.00', 10),
(42, 1979, 405, '13.00', 9),
(43, 1979, 403, '15.00', 3),
(44, 1979, 418, '12.00', 6);



/*!40101 SET CHARACTER_SET_CLIENT=@OLD_CHARACTER_SET_CLIENT */;
/*!40101 SET CHARACTER_SET_RESULTS=@OLD_CHARACTER_SET_RESULTS */;
/*!40101 SET COLLATION_CONNECTION=@OLD_COLLATION_CONNECTION */;
